medicao;item;codigo_emop;unid;escola;os_ref;expressao;quantidade
MED01;A.1;20069;H;;;1 x 88 x 1;88
MED01;A.4;20155;H;;;1 x 176 x 1;176
MED01;A.5;20143;H;;;1 x 176 x 1;176
MED01;A.7;20146;H;;;1 x 176 x 1;176
MED01;A.9;20008;H;;;1 x 176 x 1;176
MED01;A.12;19.004.0001-C;H;;;1 x 176 x 1;176
MED01;A.15;19.004.0040-C;H;;;1 x 176 x 1;176
MED01;A.16;19.004.0046-C;H;;;3 x 176 x 1;528
MED01;1.1;20039;H;;;3 x 176 x 1;528
MED01;1.2;20060;H;;;6 x 176 x 1;1056
MED01;1.3;20115;H;;;6 x 176 x 1;1056
MED01;1.4;20131;H;;;1 x 176 x 1;176
MED01;1.5;20132;H;;;18 x 176 x 1;3168
MED01;3.1;03.001.0001-B;M3;;;;0
MED01;3.2;03.010.0024-A;M3;;;;0
MED01;3.3;03.009.0080-A;M3;;;;0
MED01;3.4;03.011.0015-B;M3;;;;0
MED01;4.2;04.005.0120-A;T X KM;ROCHA LEÃO;O.S N° 06;;675
MED01;4.2;04.005.0120-A;T X KM;E.M AMÉRICA ABDALLA;O.S N°14;;156.24
MED01;4.3;04.006.0013-B;T;ROCHA LEÃO;O.S N°03;;37.38
MED01;4.3;04.006.0013-B;T;E.M. AMÉRICA ABDALLA;O.S N° 11;;54.06
MED01;4.4;04.006.0008-B;T;;;;0
MED01;4.6;04.020.0122-A;M2XKM;ROCHA LEÃO;O.S N°06;105 x 25;2625
MED01;4.7;04.021.0010-A;M2;ROCHA LEÃO;O.S N°06;30 x 1.2;36
MED01;5.1;05.001.0001-A;M3;;;;0
MED01;5.2;05.001.0002-B;M3;;;;0
MED01;5.3;05.001.0008-A;M2;;;;0
MED01;5.4;05.001.0009-A;M2;;;;0
MED01;5.5;05.001.0011-A;M2;;;;0
MED01;5.6;05.001.0014-A;M2;;;;0
MED01;5.7;05.001.0015-A;M2;;;;0
MED01;5.8;05.001.0021-A;M2;;;;0
MED01;5.9;05.001.0023-A;M3;;;;0
MED01;5.10;05.001.0024-A;M3;;;;0
MED01;5.12;05.001.0040-A;M2;;;;0
MED01;5.13;05.001.0041-A;M2;;;;0
MED01;5.14;05.001.0043-A;M2;ROCHA LEÃO;O.S N° 06;15 x 20;300
MED01;5.16;05.001.0055-A;M2;;;;0
MED01;5.17;05.001.0063-A;M2;;;;0
MED01;5.18;05.001.0071-A;M;;;;0
MED01;5.19;05.001.0074-A;M2;E.M AMÉRICA ABDALLA;O.S N°14;30 x 3;90
MED01;5.20;05.001.0134-A;UN;;;;0
MED01;5.23;05.001.0144-A;UN;ROCHA LEÃO;O.S N°04;;20
MED01;5.23;05.001.0144-A;UN;E.M AMÉRICA ABDALLA;O.S N°12;;30
MED01;5.24;05.001.0145-A;UN;;;;0
MED01;5.25;05.001.0146-A;M;;;;0
MED01;5.29;05.005.0012-B;M2;ROCHA LEÃO;O.S N°06;30 x 1.2;36
MED01;5.30;05.006.0001-B;M2XMES;ROCHA LEÃO;O.S N°06;30 x 3.5 x 2.3;69
MED01;5.31;05.008.0001-A;M2;ROCHA LEÃO;O.S N°06;30 x 3.5;105
MED01;6.1;06.001.0242-A;M;;;;0
MED01;6.2;06.001.0243-A;M;;;;0
MED01;6.10;06.272.0002-A;M;;;;0
MED01;6.11;06.272.0003-A;M;;;;0
MED01;6.14;06.272.0021-A;UN;;;;0
MED01;6.15;06.272.0022-A;UN;;;;0
MED01;6.16;06.272.0026-A;UN;;;;0
MED01;6.17;06.272.0027-A;UN;;;;0
MED01;6.18;06.272.0029-A;UN;;;;0
MED01;6.19;06.272.0030-A;UN;;;;0
MED01;6.20;06.272.0032-A;UN;;;;0
MED01;6.21;06.272.0035-A;UN;;;;0
MED01;6.22;06.272.0038-A;UN;;;;0
MED01;6.23;06.272.0039-A;UN;;;;0
MED01;8.5;08.020.0022-A;M2;;;;0
MED01;8.6;08.027.0037-A;M;;;;0
MED01;9.3;09.015.0040-A;M2;;;;0
MED01;9.4;09.015.0050-A;M2;;;;0
MED01;9.5;09.015.0200-A;M2;;;;0
MED01;11.1;11.003.0002-A;M3;;;;0
MED01;11.2;11.004.0022-B;M2;;;;0
MED01;11.3;11.013.0075-A;M3;;;;0
MED01;11.6;11.023.0002-A;KG;;;;0
MED01;11.7;11.025.0006-A;M3;;;;0
MED01;11.8;11.025.0012-A;M3;;;;0
MED01;11.9;11.030.0080-A;M2;;;;0
MED01;11.10;11.050.0001-B;M3XMES;;;;0
MED01;11.11;11.055.0001-B;M3;;;;0
MED01;12.1;12.002.0015-A;M2;;;;0
MED01;12.2;12.003.0075-B;M2;;;;0
MED01;12.3;12.005.0030-A;M2;;;;0
MED01;12.4;12.016.0004-A;M2;;;;0
MED01;12.5;12.016.0010-A;M2;ROCHA LEÃO;O.S N°03;10 x 3.5;35
MED01;12.5;12.016.0010-A;M2;ROCHA LEÃO;O.S N°03;10.6 x 3.5;37.1
MED01;12.5;12.016.0010-A;M2;ROCHA LEÃO;O.S N°03;4.85 x 3.5;16.975
MED01;12.5;12.016.0010-A;M2;ROCHA LEÃO;O.S N°03;1.56 x 3.5;5.46
MED01;12.5;12.016.0010-A;M2;ROCHA LEÃO;O.S N°03;0.74 x 3.5;2.59
MED01;12.5;12.016.0010-A;M2;ROCHA LEÃO;O.S N°03;4.98 x 5.2;25.896
MED01;12.5;12.016.0010-A;M2;ROCHA LEÃO;O.S N°03;1.5 x 5.2;7.8
MED01;12.5;12.016.0010-A;M2;ROCHA LEÃO;O.S N°03;2.4 x 3;7.2
MED01;12.5;12.016.0010-A;M2;ROCHA LEÃO;O.S N°03;2.4 x 3;7.2
MED01;12.5;12.016.0010-A;M2;ROCHA LEÃO;O.S N°03;8.32 x 3;24.96
MED01;12.5;12.016.0010-A;M2;ROCHA LEÃO;O.S N°03;5.2 x 1.5;7.8
MED01;12.5;12.016.0010-A;M2;NELI TÂMARA;O.S N°03;14.4 x 8;115.2
MED01;12.6;12.016.0024-A;M2;;;;0
MED01;13.1;13.001.0010-B;M2;;;;0
MED01;13.2;13.001.0026-A;M2;;;;0
MED01;13.3;13.003.0005-A;M2;;;;0
MED01;13.4;13.022.0040-A;M2;;;;0
MED01;13.5;13.030.0290-A;M2;ROCHA LEÃO;O.S N° 03;10 x 1.5;15
MED01;13.5;13.030.0290-A;M2;ROCHA LEÃO;O.S N° 03;27 x 1.2;32.4
MED01;13.5;13.030.0290-A;M2;ROCHA LEÃO;O.S N° 03;10 x 0.4;4
MED01;13.5;13.030.0290-A;M2;ROCHA LEÃO;O.S N° 03;5 x 1.5;7.5
MED01;13.5;13.030.0290-A;M2;ROCHA LEÃO;O.S N° 03;15.2 x 3;45.6
MED01;13.6;13.175.0010-A;M2;E.M ABDALLA;O.S N° 11;7 x 7;49
MED01;13.6;13.175.0010-A;M2;E.M ABDALLA;O.S N° 11;7 x 7;49
MED01;13.6;13.175.0010-A;M2;E.M ABDALLA;O.S N° 11;7 x 7;49
MED01;13.6;13.175.0010-A;M2;E.M ABDALLA;O.S N° 11;7 x 7;49
MED01;13.6;13.175.0010-A;M2;E.M ABDALLA;O.S N° 11;7 x 7;49
MED01;13.6;13.175.0010-A;M2;E.M ABDALLA;O.S N° 11;7 x 7;49
MED01;13.6;13.175.0010-A;M2;E.M ABDALLA;O.S N° 11;7 x 7;49
MED01;13.6;13.175.0010-A;M2;E.M ABDALLA;O.S N° 11;7 x 7;49
MED01;13.6;13.175.0010-A;M2;E.M ABDALLA;O.S N° 11;15.5 x 23.5;364.25
MED01;13.6;13.175.0010-A;M2;E.M ABDALLA;O.S N° 11;9 x 5;45
MED01;13.6;13.175.0010-A;M2;E.M ABDALLA;O.S N° 11;9 x 5;45
MED01;13.6;13.175.0010-A;M2;E.M ABDALLA;O.S N° 11;7 x 3.5;24.5
MED01;13.6;13.175.0010-A;M2;E.M ABDALLA;O.S N° 11;7 x 3.5;24.5
MED01;13.6;13.175.0010-A;M2;E.M ABDALLA;O.S N° 11;11 x 8;88
MED01;13.7;13.180.0015-B;M2;ROCHA LEÃO;;37 x 4;148
MED01;13.8;13.196.0050-A;M2;ROCHA LEÃO;O.S N°03;10.6 x 10;106
MED01;13.8;13.196.0050-A;M2;ROCHA LEÃO;O.S N°03;3.44 x 8.32;28.62
MED01;13.8;13.196.0050-A;M2;ROCHA LEÃO;O.S N°03;5.2 x 4.98;25.89
MED01;13.9;13.196.0151-A;M2;;;;0
MED01;13.10;13.301.0125-B;M2;;;;0
MED01;13.11;13.330.0053-A;M2;;;;0
MED01;13.12;13.330.0076-A;M2;;;;0
MED01;13.13;13.330.0101-A;M;;;;0
MED01;13.15;13.331.0052-A;M;;;;0
MED01;13.16;13.365.0150-A;M;;;;0
MED01;13.17;13.365.0170-A;M;;;;0
MED01;13.18;13.390.0020-A;M2;;;;0
MED01;14.1;14.002.0010-A;M2;;;;0
MED01;14.2;14.002.0013-A;M2;ROCHA LEÃO;O.S N° 03;1.5 x 2 x 2;6
MED01;14.3;14.002.0071-A;M2;;;;0
MED01;14.4;14.002.0132-A;M2;ROCHA LEÃO;O.S N° 03;;142
MED01;14.5;14.002.0187-A;M;;;;0
MED01;14.6;14.002.0220-A;M;;;;0
MED01;14.7;14.003.0016-A;M2;;;;0
MED01;14.8;14.003.0076-A;M2;;;;0
MED01;14.9;14.003.0225-A;M2;E.M ABDALLA;O.S N° 11;0.6 x 1.8 x 1;1.08
MED01;14.10;14.003.0260-A;M;;;;0
MED01;14.11;14.004.0120-A;M2;;;;0
MED01;14.12;14.004.0121-A;M2;E.M ABDALLA;O.S N° 11;0.52 x 0.52 x 100;27.04
MED01;14.13;14.006.0012-A;UN;;;;0
MED01;14.14;14.006.0021-A;UN;;;;0
MED01;14.15;14.006.0023-A;UN;ROCHA LEÃO;O.S N° 03;;1
MED01;14.15;14.006.0023-A;UN;ROCHA LEÃO;O.S N° 03;;1
MED01;14.15;14.006.0023-A;UN;ROCHA LEÃO;O.S N° 03;;1
MED01;14.16;14.006.0233-A;UN;;;;0
MED01;14.17;14.006.0407-A;M;E.M. AMÉRICA ABDALLA;O.S N° 11;0.9 x 4;3.6
MED01;14.17;14.006.0407-A;M;;O.S N° 03;;1
MED01;14.17;14.006.0407-A;M;ROCHA LEÃO;O.S N° 03;;1
MED01;14.17;14.006.0407-A;M;ROCHA LEÃO;O.S N° 03;;1
MED01;14.18;14.006.0409-A;M;E.M. AMÉRICA ABDALLA;O.S N° 11;0.9 x 2.1 x 4;7.56
MED01;14.18;14.006.0409-A;M;ROCHA LEÃO;O.S N° 03;4;4
MED01;14.19;14.007.0036-A;UN;FAZENDAS REUNIDAS ATLÂNTICA;;;3
MED01;14.19;14.007.0036-A;UN;CRECHE DONA SENHORINHA;;;2
MED01;14.19;14.007.0036-A;UN;NELI TÂMARA;;;1
MED01;14.20;14.007.0041-A;UN;E.M. AMÉRICA ABDALLA;O.S N° 11;;4
MED01;14.20;14.007.0041-A;UN;E.M. INAYÁ;O.S N° 11;;2
MED01;14.20;14.007.0041-A;UN;ROCHA LEÃO;O.S N° 03;;8
MED01;14.21;14.007.0065-A;UN;E.M. AMÉRICA ABDALLA;;;4
MED01;14.22;14.007.0070-A;UN;;;;0
MED01;14.23;14.007.0270-A;UN;;;;0
MED01;14.24;14.007.0277-A;UN;;;;0
MED01;14.25;14.007.0284-A;UN;;;;0
MED01;14.26;14.007.0290-A;UN;;;;0
MED01;15.1;15.001.0028-A;UN;;;;0
MED01;15.2;15.001.0055-A;UN;ROCHA LEÃO;O.S N° 03;;1
MED01;15.3;15.001.0056-A;UN;;;;0
MED01;15.4;15.003.0068-A;UN;;;;0
MED01;15.5;15.002.0062-A;UN;;;;0
MED01;15.6;15.002.0063-A;UN;;;;0
MED01;15.7;15.002.0120-A;UN;;;;0
MED01;15.11;15.004.0046-A;UN;;;;1
MED01;15.12;15.004.0050-A;UN;;;;0
MED01;15.13;15.004.0053-A;UN;;;;0
MED01;15.14;15.004.0059-A;UN;;;;0
MED01;15.15;15.004.0060-B;UN;;;;0
MED01;15.16;15.004.0061-A;UN;;;;0
MED01;15.17;15.004.0063-A;UN;;;;0
MED01;15.18;15.004.0070-A;UN;;;;0
MED01;15.19;15.004.0075-A;UN;;;;2
MED01;15.20;15.004.0085-A;UN;;;;1
MED01;15.21;15.004.0090-A;UN;;;;0
MED01;15.22;15.004.0108-A;UN;;;;0
MED01;15.23;15.004.0103-A;UN;;;;0
MED01;15.24;15.004.0110-A;UN;;;;0
MED01;15.25;15.004.0170-A;UN;CEMAEE;;;1
MED01;15.30;15.004.0255-A;UN;;;;0
MED01;15.31;15.005.0215-A;UN;;;;0
MED01;15.32;15.005.0253-A;KG;E.M FAZENDA DA PRAIA;O.S N° 20;;2
MED01;15.32;15.005.0253-A;KG;E.M MARIA DA PENHA;O.S N° 26;1;0
MED01;15.33;15.007.0410-A;UN;;;;0
MED01;15.34;15.007.0415-A;UN;;;;0
MED01;15.35;15.007.0420-A;UN;;;;0
MED01;15.36;15.007.0425-A;UN;;;;2
MED01;15.41;15.007.0520-A;UN;;;;0
MED01;15.42;15.007.0521-A;UN;;;;0
MED01;15.43;15.007.0522-A;UN;;;;0
MED01;15.44;15.007.0523-A;UN;;;;0
MED01;15.45;15.007.0524-A;UN;;;;0
MED01;15.46;15.007.0570-A;UN;;;;11
MED01;15.47;15.007.0572-A;UN;;;;16
MED01;15.48;15.007.0575-A;UN;;;;13
MED01;15.49;15.007.0600-A;UN;;;;2
MED01;15.50;15.007.0605-A;UN;;;;2
MED01;15.51;15.007.0608-A;UN;;;;1
MED01;15.52;15.007.0609-A;UN;;;;0
MED01;15.53;15.007.0610-A;UN;;;;0
MED01;15.54;15.007.0611-A;UN;;;;0
MED01;15.55;15.008.0085-A;M;;;;250
MED01;15.56;15.008.0090-A;M;;;;90
MED01;15.57;15.008.0095-A;M;;;;0
MED01;15.58;15.008.0100-A;M;;;;60
MED01;15.59;15.008.0105-A;M;;;;0
MED01;15.60;15.008.0110-A;M;;;;45
MED01;15.61;15.008.0112-A;M;;;;0
MED01;15.62;15.008.0115-A;M;;;;140
MED01;15.65;15.015.0020-A;UN;;;;0
MED01;15.68;15.015.0199-A;UN;;;;0
MED01;15.69;15.015.0214-A;UN;;;;0
MED01;15.70;15.015.0250-A;UN;;;;25
MED01;15.71;15.015.0251-A;UN;;;;15
MED01;15.72;15.015.0255-A;UN;;;;0
MED01;15.73;15.019.0010-A;UN;;;;0
MED01;15.74;15.019.0095-A;UN;;;;2
MED01;15.78;15.020.0158-A;UN;;;;13
MED01;15.79;15.020.0170-A;UN;;;;0
MED01;15.80;15.020.0173-A;UN;;;;69
MED01;15.81;15.028.0005-A;UN;;;;0
MED01;15.82;15.028.0010-A;UN;;;;2
MED01;15.83;15.029.0010-A;UN;;;;0
MED01;15.84;15.029.0011-A;UN;;;;0
MED01;15.85;15.029.0012-A;UN;;;;0
MED01;15.86;15.029.0019-A;UN;;;;0
MED01;15.87;15.029.0020-A;UN;;;;0
MED01;15.88;15.029.0021-A;UN;;;;0
MED01;15.89;15.029.0049-A;UN;;;;0
MED01;15.90;15.029.0080-A;UN;;;;0
MED01;15.91;15.030.0030-A;UN;;;;0
MED01;15.92;15.030.0032-A;UN;;;;0
MED01;15.93;15.030.0034-A;UN;;;;0
MED01;15.94;15.030.0038-A;UN;;;;0
MED01;15.95;15.030.0040-A;UN;;;;0
MED01;15.96;15.036.0010-A;M;;;;0
MED01;15.97;15.036.0011-A;M;;;;0
MED01;15.98;15.036.0027-A;M;;;;0
MED01;15.99;15.036.0028-A;M;;;;0
MED01;15100;15.036.0045-A;M;;;;40
MED01;15101;15.036.0046-A;M;;;;40
MED01;15102;15.036.0047-A;M;;;;4
MED01;15103;15.036.0048-A;M;;;;20
MED01;15104;15.036.0053-A;M;;;;0
MED01;16.1;16.001.0050-A;M2;;;;0
MED01;16.2;16.001.0060-A;M2;;;;0
MED01;16.3;16.001.0067-A;UN;;;;0
MED01;16.4;16.001.0085-A;M2;;;;0
MED01;16.5;16.001.0086-A;M2;;;;0
MED01;16.6;16.002.0005-A;M2;;;;0
MED01;16.7;16.002.0010-A;M2;ROCHA LEÃO;O.S N° 06;15 x 10;150
MED01;16.8;16.002.0015-A;M;;;;0
MED01;16.9;16.002.0025-A;M;ROCHA LEÃO;O.S N° 06;15 x 10 x 0.45;67.5
MED01;16.10;16.004.0015-A;M2;;;;0
MED01;16.11;16.005.0006-A;M2;E.M. ABDALLA;O.S N° 14;30 x 4;120
MED01;16.12;16.005.0008-A;M;;;;0
MED01;16.13;16.005.0018-A;M;E.M. ABDALLA;O.S N° 14;29.6 x 14;414.4
MED01;16.14;16.005.0027-A;M;E.M. ABDALLA;O.S N° 14;29.6 x 2;59.2
MED01;16.15;16.005.0075-A;M2;;;;0
MED01;16.17;16.026.0002-A;M2;;;;0
MED01;16.18;16.027.0001-A;M2;;;;0
MED01;16.19;16.034.0003-A;M2;;;;0
MED01;17.1;17.017.0010-A;M2;;;;0
MED01;17.2;17.017.0100-A;M2;ROCHA LEÃO;O.S N° 03;0.6 x 2.1 x 7 x 2;17.64
MED01;17.2;17.017.0100-A;M2;ROCHA LEÃO;O.S N° 03;0.7 x 2.1 x 3 x 2;8.82
MED01;17.2;17.017.0100-A;M2;ROCHA LEÃO;O.S N° 03;0.8 x 2.1 x 5 x 2;16.8
MED01;17.2;17.017.0100-A;M2;ROCHA LEÃO;O.S N° 03;0.9 x 2.1 x 2 x 2;7.56
MED01;17.2;17.017.0100-A;M2;ROCHA LEÃO;O.S N° 03;1.2 x 2.9 x 6 x 2;41.76
MED01;17.3;17.017.0110-A;M2;ROCHA LEÃO;O.S N° 03;0.6 x 2.1 x 7 x 2;17.64
MED01;17.3;17.017.0110-A;M2;ROCHA LEÃO;O.S N° 03;0.7 x 2.1 x 3 x 2;8.82
MED01;17.3;17.017.0110-A;M2;ROCHA LEÃO;O.S N° 03;0.8 x 2.1 x 5 x 2;16.8
MED01;17.3;17.017.0110-A;M2;ROCHA LEÃO;O.S N° 03;0.9 x 2.1 x 2 x 2;7.56
MED01;17.3;17.017.0110-A;M2;;O.S N° 11;1.2 x 2.9 x 6 x 2;41.76
MED01;17.3;17.017.0110-A;M2;E.M. AMÉRICA ABDALLA;O.S N° 11;0.9 x 2.1 x 4 x 2;15.12
MED01;17.4;17.017.0320-A;M2;ROCHA LEÃO;O.S N° 03;142 x 2 x 2;568
MED01;17.5;17.018.0031-A;M2;ROCHA LEÃO;O.S N° 03;;521.37
MED01;17.5;17.018.0031-A;M2;ROCHA LEÃO;O.S N° 03;;204.12
MED01;17.5;17.018.0031-A;M2;ROCHA LEÃO;O.S N° 03;;259
MED01;17.5;17.018.0031-A;M2;ROCHA LEÃO;O.S N° 03;;98.5
MED01;17.5;17.018.0031-A;M2;E.M. ELSON PINHEIRO;;3.46 x 3 x 25;259.5
MED01;17.5;17.018.0031-A;M2;E.M. ELSON PINHEIRO;;70 x 3 x 1;210
MED01;17.5;17.018.0031-A;M2;E.M. ELSON PINHEIRO;;30 x 3 x 2;180
MED01;17.5;17.018.0031-A;M2;E.M. ELSON PINHEIRO;;20 x 3 x 2;120
MED01;17.5;17.018.0031-A;M2;E.M. AMÉRICA ABDALLA;;7 x 2.5 x 3;52.5
MED01;17.5;17.018.0031-A;M2;E.M. AMÉRICA ABDALLA;;7 x 2.5 x 3;52.5
MED01;17.5;17.018.0031-A;M2;E.M. AMÉRICA ABDALLA;;7 x 2.5 x 3;52.5
MED01;17.5;17.018.0031-A;M2;E.M. AMÉRICA ABDALLA;;7 x 2.5 x 3;52.5
MED01;17.5;17.018.0031-A;M2;E.M. AMÉRICA ABDALLA;;7 x 2.5 x 3;52.5
MED01;17.5;17.018.0031-A;M2;E.M. AMÉRICA ABDALLA;;7 x 2.5 x 3;52.5
MED01;17.5;17.018.0031-A;M2;E.M. AMÉRICA ABDALLA;;7 x 2.5 x 3;52.5
MED01;17.5;17.018.0031-A;M2;E.M. AMÉRICA ABDALLA;;7 x 2.5 x 3;52.5
MED01;17.5;17.018.0031-A;M2;E.M. AMÉRICA ABDALLA;;50 x 2.5 x 1;125
MED01;17.6;17.018.0185-A;M2;;;;0
MED01;17.7;17.035.0020-A;M2;E.M. AMÉRICA ABDALLA;O.S N° 11;0.9 x 2.1 x 18;34.02
MED01;17.8;17.035.0030-A;M2;;;;0
MED01;17.9;17.040.0021-A;M2;;;;0
MED01;17.10;17.040.0024-A;M2;ROCHA LEÃO;O.S N° 03;5 x 5 x 1;25
MED01;17.10;17.040.0024-A;M2;ROCHA LEÃO;O.S N° 03;5 x 5 x 1;25
MED01;17.10;17.040.0024-A;M2;ROCHA LEÃO;O.S N° 03;5 x 4 x 1;20
MED01;17.10;17.040.0024-A;M2;ROCHA LEÃO;O.S N° 03;5 x 4.5 x 1;22.5
MED01;17.10;17.040.0024-A;M2;ROCHA LEÃO;O.S N° 03;5 x 1.2 x 1;6
MED01;17.10;17.040.0024-A;M2;ROCHA LEÃO;O.S N° 03;2 x 1.5 x 1;3
MED01;18.1;18.002.0010-A;UN;;;;0
MED01;18.2;18.002.0030-A;UN;;;;5
MED01;18.3;18.002.0055-A;UN;;;;0
MED01;18.4;18.002.0065-A;UN;;;;0
MED01;18.5;18.002.0080-A;UN;;;;9
MED01;18.6;18.003.0003-A;UN;;;;7
MED01;18.7;18.003.0015-A;UN;;;;0
MED01;18.8;18.005.0010-A;UN;;;;0
MED01;18.9;18.005.0012-A;UN;;;;0
MED01;18.10;18.005.0013-A;UN;;;;0
MED01;18.11;18.005.0018-A;UN;;;;5
MED01;18.12;18.006.0025-A;UN;;;;3
MED01;18.13;18.006.0050-A;UN;;;;0
MED01;18.14;18.007.0042-A;UN;;;;0
MED01;18.16;18.007.0080-A;UN;;;;0
MED01;18.17;18.008.0005-A;UN;;;;0
MED01;18.18;18.008.0007-A;UN;;;;0
MED01;18.19;18.009.0058-A;UN;;;;0
MED01;18.20;18.009.0074-A;UN;;;;1
MED01;18.21;18.009.0076-A;UN;;;;1
MED01;18.22;18.011.0003-A;UN;;;;0
MED01;18.23;18.012.0090-A;UN;;;;0
MED01;18.24;18.013.0106-A;UN;;;;0
MED01;18.25;18.013.0109-A;UN;;;;1
MED01;18.26;18.013.0111-A;UN;;;;0
MED01;18.27;18.013.0127-A;UN;;;;2
MED01;18.28;18.013.0133-A;UN;;;;0
MED01;18.29;18.013.0156-A;UN;;;;0
MED01;18.30;18.016.0040-A;UN;;;;0
MED01;18.31;18.016.0045-A;M;;;;0
MED01;18.32;18.016.0050-A;M;;;;0
MED01;18.33;18.016.0106-A;UN;;;;0
MED01;18.34;18.017.0020-A;UN;;;;0
MED01;18.35;18.019.0010-A;UN;;;;0
MED01;18.36;18.021.0030-A;UN;;;;0
MED01;18.37;18.021.0035-A;UN;;;;0
MED01;18.38;18.021.0042-A;UN;;;;0
MED01;18.40;18.027.0045-A;UN;;;;0
MED01;18.41;18.027.0097-A;UN;;;;17
MED01;18.43;18.027.0303-A;UN;;;;42
MED01;18.44;18.027.0305-A;UN;;;;31
MED01;18.46;18.027.0445-A;UN;;;;0
MED01;18.48;18.029.0012-A;UN;;;;2
MED01;18.49;18.082.0020-A;M;;;;0
MED01;18.51;18.200.0001-A;PAR;;;;0
MED01;18.52;18.200.0002-A;PAR;;;;0
MED01;18.53;18.200.0004-A;PAR;;;;0
MED01;18.54;18.200.0005-A;PAR;;;;0
MED01;18.55;18.200.0015-A;PAR;;;;0
MED01;18.56;18.200.0020-A;UN;;;;0
MED02;A.2;20069;H;;;1 x 88 x 1;88
MED02;A.4;20155;H;;;1 x 176 x 1;176
MED02;A.5;20143;H;;;1 x 176 x 1;176
MED02;A.7;20146;H;;;1 x 176 x 1;176
MED02;A.9;20008;H;;;1 x 176 x 1;176
MED02;A.12;19.004.0001-C;H;;;1 x 176 x 1;176
MED02;A.15;19.004.0040-C;H;;;1 x 176 x 1;176
MED02;A.16;19.004.0046-C;H;;;3 x 176 x 1;528
MED02;1.1;20039;H;;;3 x 176 x 1;528
MED02;1.2;20060;H;;;6 x 176 x 1;1056
MED02;1.3;20115;H;;;6 x 176 x 1;1056
MED02;1.4;20131;H;;;1 x 176 x 1;176
MED02;1.5;20132;H;;;18 x 176 x 1;3168
MED02;3.1;03.001.0001-B;M3;;;;0
MED02;3.2;03.010.0024-A;M3;;;;0
MED02;3.3;03.009.0080-A;M3;;;;0
MED02;3.4;03.011.0015-B;M3;;;;0
MED02;4.2;04.005.0120-A;T X KM;;;;0
MED02;4.3;04.006.0013-B;T;;;;0
MED02;4.4;04.006.0008-B;T;;;;0
MED02;4.6;04.020.0122-A;M2XKM;;;;0
MED02;4.7;04.021.0010-A;M2;;;;0
MED02;5.1;05.001.0001-A;M3;;;;0
MED02;5.2;05.001.0002-B;M3;;;;0
MED02;5.3;05.001.0008-A;M2;;;;0
MED02;5.4;05.001.0009-A;M2;;;;0
MED02;5.5;05.001.0011-A;M2;;;;0
MED02;5.6;05.001.0014-A;M2;;;;0
MED02;5.7;05.001.0015-A;M2;;;;0
MED02;5.8;05.001.0021-A;M2;;;;0
MED02;5.9;05.001.0023-A;M3;;;;0
MED02;5.10;05.001.0024-A;M3;;;;0
MED02;5.12;05.001.0040-A;M2;E.M. ABDALLA;;30 x 3.5;105
MED02;5.13;05.001.0041-A;M2;;;;0
MED02;5.14;05.001.0043-A;M2;;;;0
MED02;5.16;05.001.0055-A;M2;;;;0
MED02;5.17;05.001.0063-A;M2;E.M. ABDALLA;;196.28 x 0.6;117.768
MED02;5.18;05.001.0071-A;M;;;;0
MED02;5.19;05.001.0074-A;M2;;;;0
MED02;5.20;05.001.0134-A;UN;;;;0
MED02;5.23;05.001.0144-A;UN;;;;0
MED02;5.24;05.001.0145-A;UN;;;;0
MED02;5.25;05.001.0146-A;M;;;;0
MED02;5.29;05.005.0012-B;M2;;;;0
MED02;5.30;05.006.0001-B;M2XMES;CIEP MESTRE MARÇAL;;74.57 x 3.5 x 2.3;171.51
MED02;5.30;05.006.0001-B;M2XMES;E.M. FRANCISCO DE ASSIS;;61.21 x 3.5 x 2.3;140.78
MED02;5.30;05.006.0001-B;M2XMES;E.M. INAYÁ MORAES;;61.21 x 3.5 x 2.3;140.78
MED02;5.30;05.006.0001-B;M2XMES;E.M. MARIA TEIXEIRA;;61.21 x 3.5 x 2.3;140.78
MED02;5.30;05.006.0001-B;M2XMES;E.M. NILTON BALTAZAR;;92.15 x 3.5 x 2.3;211.95
MED02;5.30;05.006.0001-B;M2XMES;E.M. PADRE JOSÉ DOREA;;75.07 x 3.5 x 2.3;172.66
MED02;5.30;05.006.0001-B;M2XMES;E.M. VEREADOR PEDRO MOREIRA;;135.65 x 3.5 x 2.3;312
MED02;5.30;05.006.0001-B;M2XMES;E.M. SEBASTIÃO LOUBACH;;135.65 x 3.5 x 2.3;312
MED02;5.30;05.006.0001-B;M2XMES;E.M. AMÉRICA ABDALLA;;112.16 x 3.5 x 2.3;257.97
MED02;5.31;05.008.0001-A;M2;CIEP MESTRE MARÇAL;;74.57 x 3.5;261
MED02;5.31;05.008.0001-A;M2;E.M. FRANCISCO DE ASSIS;;61.21 x 3.5;214.24
MED02;5.31;05.008.0001-A;M2;E.M. INAYÁ MORAES;;61.21 x 3.5;214.24
MED02;5.31;05.008.0001-A;M2;E.M. MARIA TEIXEIRA;;61.21 x 3.5;214.24
MED02;5.31;05.008.0001-A;M2;E.M. NILTON BALTAZAR;;92.15 x 3.5;322.53
MED02;5.31;05.008.0001-A;M2;E.M. PADRE JOSÉ DOREA;;75.07 x 3.5;262.75
MED02;5.31;05.008.0001-A;M2;E.M. VEREADOR PEDRO MOREIRA;;135.65 x 3.5;474.78
MED02;5.31;05.008.0001-A;M2;E.M. SEBASTIÃO LOUBACH;;135.65 x 3.5;474.78
MED02;5.31;05.008.0001-A;M2;E.M. AMÉRICA ABDALLA;;112.16 x 3.5;392.56
MED02;6.1;06.001.0242-A;M;;;;0
MED02;6.2;06.001.0243-A;M;;;;0
MED02;6.10;06.272.0002-A;M;;;;0
MED02;6.11;06.272.0003-A;M;;;;0
MED02;6.14;06.272.0021-A;UN;;;;0
MED02;6.15;06.272.0022-A;UN;;;;0
MED02;6.16;06.272.0026-A;UN;;;;0
MED02;6.17;06.272.0027-A;UN;;;;0
MED02;6.18;06.272.0029-A;UN;;;;0
MED02;6.19;06.272.0030-A;UN;;;;0
MED02;6.20;06.272.0032-A;UN;;;;0
MED02;6.21;06.272.0035-A;UN;;;;0
MED02;6.22;06.272.0038-A;UN;;;;0
MED02;6.23;06.272.0039-A;UN;;;;0
MED02;8.5;08.020.0022-A;M2;;;;0
MED02;8.6;08.027.0037-A;M;;;;0
MED02;9.3;09.015.0040-A;M2;;;;0
MED02;9.4;09.015.0050-A;M2;;;;0
MED02;9.5;09.015.0200-A;M2;;;;0
MED02;11.1;11.003.0002-A;M3;;;;0
MED02;11.2;11.004.0022-B;M2;;;;0
MED02;11.3;11.013.0075-A;M3;;;;0
MED02;11.6;11.023.0002-A;KG;;;;0
MED02;11.7;11.025.0006-A;M3;;;;0
MED02;11.8;11.025.0012-A;M3;;;;0
MED02;11.9;11.030.0080-A;M2;;;;0
MED02;11.10;11.050.0001-B;M3XMES;;;;0
MED02;11.11;11.055.0001-B;M3;;;;0
MED02;12.1;12.002.0015-A;M2;;;;0
MED02;12.2;12.003.0075-B;M2;;;;0
MED02;12.3;12.005.0030-A;M2;;;;0
MED02;12.4;12.016.0004-A;M2;;;;0
MED02;12.5;12.016.0010-A;M2;;;;0
MED02;12.6;12.016.0024-A;M2;;;;0
MED02;13.1;13.001.0010-B;M2;;;;0
MED02;13.2;13.001.0026-A;M2;;;;0
MED02;13.3;13.003.0005-A;M2;;;;0
MED02;13.4;13.022.0040-A;M2;;;;0
MED02;13.5;13.030.0290-A;M2;;;;0
MED02;13.6;13.175.0010-A;M2;;;;0
MED02;13.7;13.180.0015-B;M2;;;;0
MED02;13.8;13.196.0050-A;M2;;;;0
MED02;13.9;13.196.0151-A;M2;;;;0
MED02;13.10;13.301.0125-B;M2;;;;0
MED02;13.11;13.330.0053-A;M2;;;;0
MED02;13.12;13.330.0076-A;M2;;;;0
MED02;13.13;13.330.0101-A;M;;;;0
MED02;13.15;13.331.0052-A;M;;;;0
MED02;13.16;13.365.0150-A;M;;;;0
MED02;13.17;13.365.0170-A;M;;;;0
MED02;13.18;13.390.0020-A;M2;;;;0
MED02;14.1;14.002.0010-A;M2;;;;0
MED02;14.2;14.002.0013-A;M2;;;;0
MED02;14.3;14.002.0071-A;M2;;;;0
MED02;14.4;14.002.0132-A;M2;;;;0
MED02;14.5;14.002.0187-A;M;;;;0
MED02;14.6;14.002.0220-A;M;;;;0
MED02;14.7;14.003.0016-A;M2;;;;0
MED02;14.8;14.003.0076-A;M2;;;;0
MED02;14.9;14.003.0225-A;M2;;;;0
MED02;14.10;14.003.0260-A;M;;;;0
MED02;14.11;14.004.0120-A;M2;;;;0
MED02;14.12;14.004.0121-A;M2;;;;0
MED02;14.13;14.006.0012-A;UN;;;;0
MED02;14.14;14.006.0021-A;UN;;;;0
MED02;14.15;14.006.0023-A;UN;;;;0
MED02;14.16;14.006.0233-A;UN;;;;0
MED02;14.17;14.006.0407-A;M;;;;0
MED02;14.18;14.006.0409-A;M;;;;0
MED02;14.19;14.007.0036-A;UN;E.M. NADIR DA SILVA SALVADOR;O.S N° 03;;1
MED02;14.19;14.007.0036-A;UN;E. M. FANY BATISTA ESTEVES;O.S N° 59;;1
MED02;14.20;14.007.0041-A;UN;;;;0
MED02;14.21;14.007.0065-A;UN;;;;0
MED02;14.22;14.007.0070-A;UN;;;;0
MED02;14.23;14.007.0270-A;UN;E. M. RIO DAS OSTRAS;O.S N° 58;;1
MED02;14.24;14.007.0277-A;UN;;;;0
MED02;14.25;14.007.0284-A;UN;;;;0
MED02;14.26;14.007.0290-A;UN;;;;0
MED02;15.1;15.001.0028-A;UN;;;;0
MED02;15.2;15.001.0055-A;UN;;;;0
MED02;15.3;15.001.0056-A;UN;;;;0
MED02;15.4;15.003.0068-A;UN;;;;0
MED02;15.5;15.002.0062-A;UN;;;;0
MED02;15.6;15.002.0063-A;UN;;;;0
MED02;15.7;15.002.0120-A;UN;;;;0
MED02;15.11;15.004.0046-A;UN;;;;0
MED02;15.12;15.004.0050-A;UN;;;;0
MED02;15.13;15.004.0053-A;UN;;;;0
MED02;15.14;15.004.0059-A;UN;;;;0
MED02;15.15;15.004.0060-B;UN;;;;0
MED02;15.16;15.004.0061-A;UN;;;;0
MED02;15.17;15.004.0063-A;UN;;;;0
MED02;15.18;15.004.0070-A;UN;;;;0
MED02;15.19;15.004.0075-A;UN;;;;0
MED02;15.20;15.004.0085-A;UN;;;;0
MED02;15.21;15.004.0090-A;UN;;;;0
MED02;15.22;15.004.0108-A;UN;;;;0
MED02;15.23;15.004.0103-A;UN;;;;0
MED02;15.24;15.004.0110-A;UN;;;;0
MED02;15.25;15.004.0170-A;UN;;;;0
MED02;15.30;15.004.0255-A;UN;;;;0
MED02;15.31;15.005.0215-A;UN;;;;0
MED02;15.32;15.005.0253-A;KG;;;;0
MED02;15.33;15.007.0410-A;UN;;;;0
MED02;15.34;15.007.0415-A;UN;;;;0
MED02;15.35;15.007.0420-A;UN;;;;0
MED02;15.36;15.007.0425-A;UN;;;;0
MED02;15.41;15.007.0520-A;UN;;;;0
MED02;15.42;15.007.0521-A;UN;;;;0
MED02;15.43;15.007.0522-A;UN;;;;0
MED02;15.44;15.007.0523-A;UN;;;;0
MED02;15.45;15.007.0524-A;UN;;;;0
MED02;15.46;15.007.0570-A;UN;;;;0
MED02;15.47;15.007.0572-A;UN;;;;0
MED02;15.48;15.007.0575-A;UN;;;;0
MED02;15.49;15.007.0600-A;UN;;;;0
MED02;15.50;15.007.0605-A;UN;;;;0
MED02;15.51;15.007.0608-A;UN;SEMEDE;O.S N° 38;;1
MED02;15.52;15.007.0609-A;UN;;;;0
MED02;15.53;15.007.0610-A;UN;;;;0
MED02;15.54;15.007.0611-A;UN;;;;0
MED02;15.55;15.008.0085-A;M;;;;0
MED02;15.56;15.008.0090-A;M;;;;0
MED02;15.57;15.008.0095-A;M;;;;0
MED02;15.58;15.008.0100-A;M;;;;0
MED02;15.59;15.008.0105-A;M;;;;0
MED02;15.60;15.008.0110-A;M;;;;0
MED02;15.61;15.008.0112-A;M;;;;0
MED02;15.62;15.008.0115-A;M;;;;0
MED02;15.65;15.015.0020-A;UN;;;;0
MED02;15.68;15.015.0199-A;UN;;;;0
MED02;15.69;15.015.0214-A;UN;CRECHE DONA COTA;O.S N° 22;;5
MED02;15.70;15.015.0250-A;UN;;;;0
MED02;15.71;15.015.0251-A;UN;;;;0
MED02;15.72;15.015.0255-A;UN;;;;0
MED02;15.73;15.019.0010-A;UN;;;;0
MED02;15.74;15.019.0095-A;UN;;;;0
MED02;15.78;15.020.0158-A;UN;NUGEPE;O.S N° 21;;6
MED02;15.79;15.020.0170-A;UN;;;;0
MED02;15.80;15.020.0173-A;UN;;;;0
MED02;15.81;15.028.0005-A;UN;;;;0
MED02;15.82;15.028.0010-A;UN;;;;0
MED02;15.83;15.029.0010-A;UN;;;;0
MED02;15.84;15.029.0011-A;UN;;;;0
MED02;15.85;15.029.0012-A;UN;;;;0
MED02;15.86;15.029.0019-A;UN;;;;0
MED02;15.87;15.029.0020-A;UN;;;;0
MED02;15.88;15.029.0021-A;UN;;;;0
MED02;15.89;15.029.0049-A;UN;;;;0
MED02;15.90;15.029.0080-A;UN;;;;0
MED02;15.91;15.030.0030-A;UN;;;;0
MED02;15.92;15.030.0032-A;UN;;;;0
MED02;15.93;15.030.0034-A;UN;;;;0
MED02;15.94;15.030.0038-A;UN;;;;0
MED02;15.95;15.030.0040-A;UN;;;;0
MED02;15.96;15.036.0010-A;M;;;;0
MED02;15.97;15.036.0011-A;M;;;;0
MED02;15.98;15.036.0027-A;M;;;;0
MED02;15.99;15.036.0028-A;M;;;;0
MED02;15100;15.036.0045-A;M;;;;0
MED02;15101;15.036.0046-A;M;;;;0
MED02;15102;15.036.0047-A;M;;;;0
MED02;15103;15.036.0048-A;M;;;;0
MED02;15104;15.036.0053-A;M;;;;0
MED02;16.1;16.001.0050-A;M2;;;;0
MED02;16.2;16.001.0060-A;M2;;;;0
MED02;16.3;16.001.0067-A;UN;;;;0
MED02;16.4;16.001.0085-A;M2;;;;0
MED02;16.5;16.001.0086-A;M2;;;;0
MED02;16.6;16.002.0005-A;M2;;;;0
MED02;16.7;16.002.0010-A;M2;;;;0
MED02;16.8;16.002.0015-A;M;;;;0
MED02;16.9;16.002.0025-A;M;;;;0
MED02;16.10;16.004.0015-A;M2;;;;0
MED02;16.11;16.005.0006-A;M2;;;;0
MED02;16.12;16.005.0008-A;M;;;;0
MED02;16.13;16.005.0018-A;M;;;;0
MED02;16.14;16.005.0027-A;M;;;;0
MED02;16.15;16.005.0075-A;M2;E.M. ABDALLA;;30 x 3.5;105
MED02;16.16;16.020.0001-A;M2;E.M. ABDALLA;;196.28 x 0.6;117.77
MED02;16.17;16.026.0002-A;M2;;;;0
MED02;16.18;16.027.0001-A;M2;;;;0
MED02;16.19;16.034.0003-A;M2;;;;0
MED02;17.1;17.017.0010-A;M2;;;;0
MED02;17.2;17.017.0100-A;M2;ROCHA LEÃO;;0.8 x 2.1 x 2;0
MED02;17.3;17.017.0110-A;M2;E.M. FANY DELFISS FANYRO;;0.25 x 5 x 28 x 1;35
MED02;17.3;17.017.0110-A;M2;E.M. AMÉRICA ABDALLA;;0.8 x 2.1 x 52 x 2;174.72
MED02;17.3;17.017.0110-A;M2;E.M. AMÉRICA ABDALLA;;0.25 x 5 x 52 x 1;65
MED02;17.4;17.017.0320-A;M2;E.M. AMÉRICA ABDALLA;;138.83 x 2 x 2;555.32
MED02;17.4;17.017.0320-A;M2;E.M. AMÉRICA ABDALLA;;35.2 x 1.15 x 2;80.96
MED02;17.4;17.017.0320-A;M2;E.M. AMÉRICA ABDALLA;;35.2 x 1.15 x 2;80.96
MED02;17.4;17.017.0320-A;M2;E.M. AMÉRICA ABDALLA;;58.06 x 1.15 x 2;133.54
MED02;17.4;17.017.0320-A;M2;E.M. AMÉRICA ABDALLA;;58.06 x 1.15 x 2;133.54
MED02;17.4;17.017.0320-A;M2;E.M. AMÉRICA ABDALLA;;58.06 x 1.15 x 2;133.54
MED02;17.4;17.017.0320-A;M2;E.M. INAYÁ MORAES;;20 x 2 x 2;80
MED02;17.5;17.018.0031-A;M2;E.M. AMÉRICA ABDALLA;;7 x 2.5 x 3;52.5
MED02;17.5;17.018.0031-A;M2;E.M. AMÉRICA ABDALLA;;7 x 2.5 x 3;52.5
MED02;17.5;17.018.0031-A;M2;E.M. AMÉRICA ABDALLA;;7 x 2.5 x 3;52.5
MED02;17.5;17.018.0031-A;M2;E.M. AMÉRICA ABDALLA;;7 x 2.5 x 3;52.5
MED02;17.5;17.018.0031-A;M2;E.M. AMÉRICA ABDALLA;;7 x 2.5 x 3;52.5
MED02;17.5;17.018.0031-A;M2;E.M. AMÉRICA ABDALLA;;7 x 2.5 x 3;52.5
MED02;17.5;17.018.0031-A;M2;E.M. AMÉRICA ABDALLA;;7 x 2.5 x 3;52.5
MED02;17.5;17.018.0031-A;M2;E.M. AMÉRICA ABDALLA;;7 x 2.5 x 3;52.5
MED02;17.5;17.018.0031-A;M2;E.M. AMÉRICA ABDALLA;;50 x 2.5 x 1;125
MED02;17.5;17.018.0031-A;M2;CIEP MESTRE MARÇAL;;1.4 x 3.2 x 44;197.12
MED02;17.5;17.018.0031-A;M2;CIEP MESTRE MARÇAL;;4 x 1.21 x 30;145.2
MED02;17.5;17.018.0031-A;M2;CIEP MESTRE MARÇAL;;65.5 x 15.29 x 1;1001.495
MED02;17.5;17.018.0031-A;M2;CIEP MESTRE MARÇAL;;34.1 x 3.2 x 1;109.12
MED02;17.5;17.018.0031-A;M2;CIEP MESTRE MARÇAL;;34.1 x 3.2 x 1;109.12
MED02;17.5;17.018.0031-A;M2;CIEP MESTRE MARÇAL;;14.1 x 3.2 x 1;45.12
MED02;17.5;17.018.0031-A;M2;CIEP MESTRE MARÇAL;;14.64 x 3.2 x 1;46.848
MED02;17.5;17.018.0031-A;M2;CIEP MESTRE MARÇAL;;12.25 x 4.8 x 1;58.8
MED02;17.5;17.018.0031-A;M2;CIEP MESTRE MARÇAL;;12.25 x 4.8 x 1;58.8
MED02;17.5;17.018.0031-A;M2;CIEP MESTRE MARÇAL;;4.8 x 2.25 x 1;10.8
MED02;17.5;17.018.0031-A;M2;CIEP MESTRE MARÇAL;;5.25 x 2.07 x 1;10.8675
MED02;17.5;17.018.0031-A;M2;CIEP MESTRE MARÇAL;;8.57 x 2.07 x 1;17.7399
MED02;17.5;17.018.0031-A;M2;CIEP MESTRE MARÇAL;;10.69 x 2.07 x 1;22.1283
MED02;17.5;17.018.0031-A;M2;CIEP MESTRE MARÇAL;;13.8 x 0.5 x 8;55.2
MED02;17.5;17.018.0031-A;M2;CIEP MESTRE MARÇAL;;27.6 x 4 x 1;110.4
MED02;17.5;17.018.0031-A;M2;CIEP MESTRE MARÇAL;;366.13 x 3 x 1;1098.39
MED02;17.5;17.018.0031-A;M2;CIEP MESTRE MARÇAL;;76.17 x 6 x 1;457.02
MED02;17.5;17.018.0031-A;M2;CIEP MESTRE MARÇAL;;229.39 x 2 x 2;917.56
MED02;17.5;17.018.0031-A;M2;E.M. FRANCISCO DE ASSIS;;28.8 x 3.2 x 1;92.16
MED02;17.5;17.018.0031-A;M2;E.M. FRANCISCO DE ASSIS;;193.4 x 3.2 x 1;618.88
MED02;17.5;17.018.0031-A;M2;E.M. FRANCISCO DE ASSIS;;8.55 x 5.85 x 1;50.0175
MED02;17.5;17.018.0031-A;M2;E.M. FRANCISCO DE ASSIS;;95.12 x 1.58 x 1;150.2896
MED02;17.5;17.018.0031-A;M2;E.M. FRANCISCO DE ASSIS;;98.28 x 1.8 x 1;176.904
MED02;17.5;17.018.0031-A;M2;E.M. FRANCISCO DE ASSIS;;80 x 0.94 x 1;75.2
MED02;17.5;17.018.0031-A;M2;E.M. FRANCISCO DE ASSIS;;83.46 x 1 x 1;83.46
MED02;17.5;17.018.0031-A;M2;E.M. FRANCISCO DE ASSIS;;95.12 x 1.58 x 1;150.2896
MED02;17.5;17.018.0031-A;M2;E.M. FRANCISCO DE ASSIS;;43.19 x 1.08 x 1;46.6452
MED02;17.5;17.018.0031-A;M2;E.M. FRANCISCO DE ASSIS;;18.02 x 1.08 x 1;19.4616
MED02;17.5;17.018.0031-A;M2;E.M. FRANCISCO DE ASSIS;;18.02 x 1.08 x 1;19.4616
MED02;17.5;17.018.0031-A;M2;E.M. FRANCISCO DE ASSIS;;57.05 x 1.08 x 1;61.614
MED02;17.5;17.018.0031-A;M2;E.M. FRANCISCO DE ASSIS;;43.19 x 1.15 x 1;49.6685
MED02;17.5;17.018.0031-A;M2;E.M. FRANCISCO DE ASSIS;;18.02 x 1.15 x 1;20.723
MED02;17.5;17.018.0031-A;M2;E.M. FRANCISCO DE ASSIS;;18.02 x 1.15 x 1;20.723
MED02;17.5;17.018.0031-A;M2;E.M. FRANCISCO DE ASSIS;;57.05 x 1.15 x 1;65.6075
MED02;17.5;17.018.0031-A;M2;E.M. FRANCISCO DE ASSIS;;375 x 3 x 1;1125
MED02;17.5;17.018.0031-A;M2;E.M. INAYÁ MORAES;;28.8 x 3.2 x 1;92.16
MED02;17.5;17.018.0031-A;M2;E.M. INAYÁ MORAES;;193.4 x 3.2 x 1;618.88
MED02;17.5;17.018.0031-A;M2;E.M. INAYÁ MORAES;;8.55 x 5.85 x 1;50.0175
MED02;17.5;17.018.0031-A;M2;E.M. INAYÁ MORAES;;95.12 x 1.58 x 1;150.2896
MED02;17.5;17.018.0031-A;M2;E.M. INAYÁ MORAES;;98.28 x 1.8 x 1;176.904
MED02;17.5;17.018.0031-A;M2;E.M. INAYÁ MORAES;;80 x 0.94 x 1;75.2
MED02;17.5;17.018.0031-A;M2;E.M. INAYÁ MORAES;;83.46 x 1 x 1;83.46
MED02;17.5;17.018.0031-A;M2;E.M. INAYÁ MORAES;;95.12 x 1.58 x 1;150.2896
MED02;17.5;17.018.0031-A;M2;E.M. INAYÁ MORAES;;135.65 x 3 x 1;406.95
MED02;17.5;17.018.0031-A;M2;E.M. INAYÁ MORAES;;135.65 x 2.1 x 1;284.865
MED02;17.5;17.018.0031-A;M2;E.M. INAYÁ MORAES;;127.68 x 2.1 x 1;268.128
MED02;17.5;17.018.0031-A;M2;E.M. MARIA TEIXEIRA;;17.94 x 3.28 x 1;58.8432
MED02;17.5;17.018.0031-A;M2;E.M. MARIA TEIXEIRA;;17.74 x 3.28 x 1;58.1872
MED02;17.5;17.018.0031-A;M2;E.M. MARIA TEIXEIRA;;17.74 x 3.28 x 1;58.1872
MED02;17.5;17.018.0031-A;M2;E.M. MARIA TEIXEIRA;;89.65 x 3.28 x 1;294.052
MED02;17.5;17.018.0031-A;M2;E.M. MARIA TEIXEIRA;;100.86 x 3.28 x 1;330.8208
MED02;17.5;17.018.0031-A;M2;E.M. MARIA TEIXEIRA;;53.54 x 1.1 x 1;58.894
MED02;17.5;17.018.0031-A;M2;E.M. MARIA TEIXEIRA;;17.94 x 10.59 x 1;189.9846
MED02;17.5;17.018.0031-A;M2;E.M. MARIA TEIXEIRA;;7.13 x 3.48 x 1;24.8124
MED02;17.5;17.018.0031-A;M2;E.M. MARIA TEIXEIRA;;7.13 x 3.48 x 1;24.8124
MED02;17.5;17.018.0031-A;M2;E.M. MARIA TEIXEIRA;;43.1 x 3.45 x 1;148.695
MED02;17.5;17.018.0031-A;M2;E.M. MARIA TEIXEIRA;;43.05 x 3.6 x 1;154.98
MED02;17.5;17.018.0031-A;M2;E.M. MARIA TEIXEIRA;;7.15 x 3.5 x 1;25.025
MED02;17.5;17.018.0031-A;M2;E.M. MARIA TEIXEIRA;;7.15 x 3.5 x 1;25.025
MED02;17.5;17.018.0031-A;M2;E.M. MARIA TEIXEIRA;;14.4 x 12.37 x 1;178.128
MED02;17.5;17.018.0031-A;M2;E.M. MARIA TEIXEIRA;;43.19 x 1.08 x 1;46.6452
MED02;17.5;17.018.0031-A;M2;E.M. MARIA TEIXEIRA;;18.02 x 1.08 x 1;19.4616
MED02;17.5;17.018.0031-A;M2;E.M. MARIA TEIXEIRA;;18.02 x 1.08 x 1;19.4616
MED02;17.5;17.018.0031-A;M2;E.M. MARIA TEIXEIRA;;57.05 x 1.08 x 1;61.614
MED02;17.5;17.018.0031-A;M2;E.M. MARIA TEIXEIRA;;43.19 x 1.15 x 1;49.6685
MED02;17.5;17.018.0031-A;M2;E.M. MARIA TEIXEIRA;;18.02 x 1.15 x 1;20.723
MED02;17.5;17.018.0031-A;M2;E.M. MARIA TEIXEIRA;;18.02 x 1.15 x 1;20.723
MED02;17.5;17.018.0031-A;M2;E.M. MARIA TEIXEIRA;;57.05 x 1.15 x 1;65.6075
MED02;17.5;17.018.0031-A;M2;E.M. MARIA TEIXEIRA;;375 x 3 x 2;2250
MED02;17.5;17.018.0031-A;M2;E.M. NILTON BALTAZAR;;38.84 x 3.35 x 1;130.114
MED02;17.5;17.018.0031-A;M2;E.M. NILTON BALTAZAR;;15.6 x 3.35 x 1;52.26
MED02;17.5;17.018.0031-A;M2;E.M. NILTON BALTAZAR;;65.26 x 3.35 x 2;437.242
MED02;17.5;17.018.0031-A;M2;E.M. NILTON BALTAZAR;;15.76 x 3.35 x 2;105.592
MED02;17.5;17.018.0031-A;M2;E.M. NILTON BALTAZAR;;51 x 3.35 x 1;170.85
MED02;17.5;17.018.0031-A;M2;E.M. NILTON BALTAZAR;;51.9 x 1.05 x 1;54.495
MED02;17.5;17.018.0031-A;M2;E.M. NILTON BALTAZAR;;11.96 x 7.46 x 1;89.2216
MED02;17.5;17.018.0031-A;M2;E.M. NILTON BALTAZAR;;5.85 x 1.95 x 1;11.4075
MED02;17.5;17.018.0031-A;M2;E.M. NILTON BALTAZAR;;6.45 x 2.7 x 1;17.415
MED02;17.5;17.018.0031-A;M2;E.M. NILTON BALTAZAR;;6.45 x 2.7 x 1;17.415
MED02;17.5;17.018.0031-A;M2;E.M. NILTON BALTAZAR;;30.23 x 2.4 x 2;145.104
MED02;17.5;17.018.0031-A;M2;E.M. NILTON BALTAZAR;;4.73 x 3.15 x 2;29.799
MED02;17.5;17.018.0031-A;M2;E.M. NILTON BALTAZAR;;22.95 x 2.55 x 1;58.5225
MED02;17.5;17.018.0031-A;M2;E.M. NILTON BALTAZAR;;22.8 x 3.15 x 1;71.82
MED02;17.5;17.018.0031-A;M2;E.M. NILTON BALTAZAR;;25.22 x 3.35 x 1;84.487
MED02;17.5;17.018.0031-A;M2;E.M. NILTON BALTAZAR;;65.26 x 1 x 1;65.26
MED02;17.5;17.018.0031-A;M2;E.M. NILTON BALTAZAR;;15.76 x 1 x 2;31.52
MED02;17.5;17.018.0031-A;M2;E.M. NILTON BALTAZAR;;51 x 1 x 1;51
MED02;17.5;17.018.0031-A;M2;E.M. NILTON BALTAZAR;;8.16 x 3.35 x 1;27.336
MED02;17.5;17.018.0031-A;M2;E.M. NILTON BALTAZAR;;22.8 x 3.15 x 1;71.82
MED02;17.5;17.018.0031-A;M2;E.M. NILTON BALTAZAR;;7.43 x 5.18 x 1;38.4874
MED02;17.5;17.018.0031-A;M2;E.M. NILTON BALTAZAR;;30.23 x 2.4 x 2;145.104
MED02;17.5;17.018.0031-A;M2;E.M. NILTON BALTAZAR;;4.73 x 3.15 x 2;29.799
MED02;17.5;17.018.0031-A;M2;E.M. NILTON BALTAZAR;;22.95 x 2.55 x 1;58.5225
MED02;17.5;17.018.0031-A;M2;E.M. NILTON BALTAZAR;;2.13 x 1.95 x 1;4.1535
MED02;17.5;17.018.0031-A;M2;E.M. NILTON BALTAZAR;;22.8 x 3.15 x 1;71.82
MED02;17.5;17.018.0031-A;M2;E.M. NILTON BALTAZAR;;24.75 x 2.35 x 1;58.1625
MED02;17.5;17.018.0031-A;M2;E.M. NILTON BALTAZAR;;24.75 x 3.31 x 1;81.9225
MED02;17.5;17.018.0031-A;M2;E.M. NILTON BALTAZAR;;66.28 x 2.8 x 1;185.584
MED02;17.5;17.018.0031-A;M2;E.M. NILTON BALTAZAR;;24.75 x 0.45 x 2;22.275
MED02;17.5;17.018.0031-A;M2;E.M. NILTON BALTAZAR;;48.53 x 3 x 1;145.59
MED02;17.5;17.018.0031-A;M2;E.M. NILTON BALTAZAR;;43.62 x 3 x 1;130.86
MED02;17.5;17.018.0031-A;M2;E.M. NILTON BALTAZAR;;64.88 x 3 x 1;194.64
MED02;17.5;17.018.0031-A;M2;E.M. NILTON BALTAZAR;;23.93 x 3 x 1;71.79
MED02;17.5;17.018.0031-A;M2;E.M. NILTON BALTAZAR;;32.67 x 3 x 1;98.01
MED02;17.5;17.018.0031-A;M2;E.M. NILTON BALTAZAR;;48.88 x 0.2 x 2;19.552
MED02;17.5;17.018.0031-A;M2;E.M. NILTON BALTAZAR;;13.36 x 3 x 1;40.08
MED02;17.5;17.018.0031-A;M2;E.M. NILTON BALTAZAR;;53.82 x 3 x 1;161.46
MED02;17.5;17.018.0031-A;M2;E.M. PADRE JOSÉ DOREA;;17.94 x 3.28 x 1;58.8432
MED02;17.5;17.018.0031-A;M2;E.M. PADRE JOSÉ DOREA;;17.74 x 3.28 x 1;58.1872
MED02;17.5;17.018.0031-A;M2;E.M. PADRE JOSÉ DOREA;;17.74 x 3.28 x 1;58.1872
MED02;17.5;17.018.0031-A;M2;E.M. PADRE JOSÉ DOREA;;89.65 x 3.28 x 1;294.052
MED02;17.5;17.018.0031-A;M2;E.M. PADRE JOSÉ DOREA;;100.86 x 3.28 x 1;330.8208
MED02;17.5;17.018.0031-A;M2;E.M. PADRE JOSÉ DOREA;;53.54 x 1.1 x 1;58.894
MED02;17.5;17.018.0031-A;M2;E.M. PADRE JOSÉ DOREA;;17.94 x 10.59 x 1;189.9846
MED02;17.5;17.018.0031-A;M2;E.M. PADRE JOSÉ DOREA;;7.13 x 3.48 x 1;24.8124
MED02;17.5;17.018.0031-A;M2;E.M. PADRE JOSÉ DOREA;;7.13 x 3.48 x 1;24.8124
MED02;17.5;17.018.0031-A;M2;E.M. PADRE JOSÉ DOREA;;43.1 x 3.45 x 1;148.695
MED02;17.5;17.018.0031-A;M2;E.M. PADRE JOSÉ DOREA;;43.05 x 3.6 x 1;154.98
MED02;17.5;17.018.0031-A;M2;E.M. PADRE JOSÉ DOREA;;7.15 x 3.5 x 1;25.025
MED02;17.5;17.018.0031-A;M2;E.M. PADRE JOSÉ DOREA;;7.15 x 3.5 x 1;25.025
MED02;17.5;17.018.0031-A;M2;E.M. PADRE JOSÉ DOREA;;14.4 x 12.37 x 1;178.128
MED02;17.5;17.018.0031-A;M2;E.M. PADRE JOSÉ DOREA;;43.19 x 1.08 x 1;46.6452
MED02;17.5;17.018.0031-A;M2;E.M. PADRE JOSÉ DOREA;;18.02 x 1.08 x 1;19.4616
MED02;17.5;17.018.0031-A;M2;E.M. PADRE JOSÉ DOREA;;18.02 x 1.08 x 1;19.4616
MED02;17.5;17.018.0031-A;M2;E.M. PADRE JOSÉ DOREA;;57.05 x 1.08 x 1;61.614
MED02;17.5;17.018.0031-A;M2;E.M. PADRE JOSÉ DOREA;;43.19 x 1.15 x 1;49.6685
MED02;17.5;17.018.0031-A;M2;E.M. PADRE JOSÉ DOREA;;18.02 x 1.15 x 1;20.723
MED02;17.5;17.018.0031-A;M2;E.M. PADRE JOSÉ DOREA;;18.02 x 1.15 x 1;20.723
MED02;17.5;17.018.0031-A;M2;E.M. PADRE JOSÉ DOREA;;57.05 x 1.15 x 1;65.6075
MED02;17.5;17.018.0031-A;M2;E.M. PADRE JOSÉ DOREA;;417.49 x 3.2 x 2;2671.936
MED02;17.5;17.018.0031-A;M2;E.M. VEREADOR PEDRO MOREIRA;;28.8 x 3.2 x 1;92.16
MED02;17.5;17.018.0031-A;M2;E.M. VEREADOR PEDRO MOREIRA;;193.4 x 3.2 x 1;618.88
MED02;17.5;17.018.0031-A;M2;E.M. VEREADOR PEDRO MOREIRA;;8.55 x 5.85 x 1;50.0175
MED02;17.5;17.018.0031-A;M2;E.M. VEREADOR PEDRO MOREIRA;;95.12 x 1.58 x 1;150.2896
MED02;17.5;17.018.0031-A;M2;E.M. VEREADOR PEDRO MOREIRA;;98.28 x 1.8 x 1;176.904
MED02;17.5;17.018.0031-A;M2;E.M. VEREADOR PEDRO MOREIRA;;80 x 0.94 x 1;75.2
MED02;17.5;17.018.0031-A;M2;E.M. VEREADOR PEDRO MOREIRA;;83.46 x 1 x 1;83.46
MED02;17.5;17.018.0031-A;M2;E.M. VEREADOR PEDRO MOREIRA;;95.12 x 1.58 x 1;150.2896
MED02;17.5;17.018.0031-A;M2;E.M. VEREADOR PEDRO MOREIRA;;135.65 x 3 x 1;406.95
MED02;17.5;17.018.0031-A;M2;E.M. VEREADOR PEDRO MOREIRA;;135.65 x 2.1 x 1;284.865
MED02;17.5;17.018.0031-A;M2;E.M. VEREADOR PEDRO MOREIRA;;140.91 x 2.1 x 2;591.822
MED02;17.5;17.018.0031-A;M2;E.M. VEREADOR PEDRO MOREIRA;;140.91 x 2.1 x 1;295.911
MED02;17.5;17.018.0031-A;M2;E.M. SEBASTIÃO LOUBACH;;28.8 x 3.2 x 1;92.16
MED02;17.5;17.018.0031-A;M2;E.M. SEBASTIÃO LOUBACH;;193.4 x 3.2 x 1;618.88
MED02;17.5;17.018.0031-A;M2;E.M. SEBASTIÃO LOUBACH;;8.55 x 5.85 x 1;50.0175
MED02;17.5;17.018.0031-A;M2;E.M. SEBASTIÃO LOUBACH;;95.12 x 1.58 x 1;150.2896
MED02;17.5;17.018.0031-A;M2;E.M. SEBASTIÃO LOUBACH;;98.28 x 1.8 x 1;176.904
MED02;17.5;17.018.0031-A;M2;E.M. SEBASTIÃO LOUBACH;;80 x 0.94 x 1;75.2
MED02;17.5;17.018.0031-A;M2;E.M. SEBASTIÃO LOUBACH;;83.46 x 1 x 1;83.46
MED02;17.5;17.018.0031-A;M2;E.M. SEBASTIÃO LOUBACH;;95.12 x 1.58 x 1;150.2896
MED02;17.5;17.018.0031-A;M2;E.M. SEBASTIÃO LOUBACH;;135.65 x 3 x 1;406.95
MED02;17.5;17.018.0031-A;M2;E.M. SEBASTIÃO LOUBACH;;135.65 x 2.1 x 1;284.865
MED02;17.5;17.018.0031-A;M2;E.M. SEBASTIÃO LOUBACH;;287.12 x 2.1 x 2;1205.904
MED02;17.5;17.018.0031-A;M2;E.M. FANY DELFISS FANYRO;;28.2 x 3.2 x 1;90.24
MED02;17.5;17.018.0031-A;M2;E.M. FANY DELFISS FANYRO;;28.2 x 3.2 x 1;90.24
MED02;17.5;17.018.0031-A;M2;E.M. FANY DELFISS FANYRO;;28.2 x 3.2 x 1;90.24
MED02;17.5;17.018.0031-A;M2;E.M. FANY DELFISS FANYRO;;28.8 x 3.2 x 1;92.16
MED02;17.5;17.018.0031-A;M2;E.M. FANY DELFISS FANYRO;;28.2 x 3.2 x 1;90.24
MED02;17.5;17.018.0031-A;M2;E.M. FANY DELFISS FANYRO;;28.2 x 3.2 x 1;90.24
MED02;17.5;17.018.0031-A;M2;E.M. FANY DELFISS FANYRO;;28.2 x 3.2 x 1;90.24
MED02;17.5;17.018.0031-A;M2;E.M. FANY DELFISS FANYRO;;28.48 x 3.2 x 1;91.136
MED02;17.5;17.018.0031-A;M2;E.M. FANY DELFISS FANYRO;;76.98 x 3.2 x 1;246.336
MED02;17.5;17.018.0031-A;M2;E.M. FANY DELFISS FANYRO;;17.34 x 3.2 x 1;55.488
MED02;17.5;17.018.0031-A;M2;E.M. FANY DELFISS FANYRO;;9.54 x 3.2 x 1;30.528
MED02;17.5;17.018.0031-A;M2;E.M. FANY DELFISS FANYRO;;15.9 x 3.2 x 1;50.88
MED02;17.5;17.018.0031-A;M2;E.M. FANY DELFISS FANYRO;;15.22 x 3.2 x 1;48.704
MED02;17.5;17.018.0031-A;M2;E.M. FANY DELFISS FANYRO;;12.36 x 3.2 x 1;39.552
MED02;17.5;17.018.0031-A;M2;E.M. FANY DELFISS FANYRO;;15.6 x 3.2 x 1;49.92
MED02;17.5;17.018.0031-A;M2;E.M. FANY DELFISS FANYRO;;23.04 x 3.2 x 1;73.728
MED02;17.5;17.018.0031-A;M2;E.M. FANY DELFISS FANYRO;;19.72 x 3.2 x 1;63.104
MED02;17.5;17.018.0031-A;M2;E.M. FANY DELFISS FANYRO;;17.1 x 3.2 x 1;54.72
MED02;17.5;17.018.0031-A;M2;E.M. FANY DELFISS FANYRO;;16.2 x 3.2 x 1;51.84
MED02;17.5;17.018.0031-A;M2;E.M. FANY DELFISS FANYRO;;13.24 x 3.2 x 1;42.368
MED02;17.5;17.018.0031-A;M2;E.M. FANY DELFISS FANYRO;;12.96 x 3.2 x 1;41.472
MED02;17.5;17.018.0031-A;M2;E.M. FANY DELFISS FANYRO;;5.8 x 3.2 x 1;18.56
MED02;17.5;17.018.0031-A;M2;E.M. FANY DELFISS FANYRO;;5.84 x 3.2 x 1;18.688
MED02;17.5;17.018.0031-A;M2;E.M. FANY DELFISS FANYRO;;5.84 x 3.2 x 1;18.688
MED02;17.5;17.018.0031-A;M2;E.M. FANY DELFISS FANYRO;;8.52 x 3.2 x 1;27.264
MED02;17.5;17.018.0031-A;M2;E.M. FANY DELFISS FANYRO;;22.32 x 3.2 x 1;71.424
MED02;17.5;17.018.0031-A;M2;E.M. FANY DELFISS FANYRO;;7.9 x 3.2 x 1;25.28
MED02;17.5;17.018.0031-A;M2;E.M. FANY DELFISS FANYRO;;13.2 x 3.2 x 1;42.24
MED02;17.5;17.018.0031-A;M2;E.M. FANY DELFISS FANYRO;;36.12 x 3.2 x 1;115.584
MED02;17.5;17.018.0031-A;M2;E.M. FANY DELFISS FANYRO;;18.06 x 3.2 x 1;57.792
MED02;17.5;17.018.0031-A;M2;E.M. FANY DELFISS FANYRO;;18.06 x 3.2 x 1;57.792
MED02;17.5;17.018.0031-A;M2;E.M. FANY DELFISS FANYRO;;9.9 x 3.2 x 1;31.68
MED02;17.5;17.018.0031-A;M2;E.M. FANY DELFISS FANYRO;;6.4 x 3.2 x 1;20.48
MED02;17.5;17.018.0031-A;M2;E.M. FANY DELFISS FANYRO;;6.3 x 3.2 x 1;20.16
MED02;17.5;17.018.0031-A;M2;E.M. FANY DELFISS FANYRO;;26.72 x 3.2 x 1;85.504
MED02;17.5;17.018.0031-A;M2;E.M. FANY DELFISS FANYRO;;8.25 x 5.85 x 1;48.2625
MED02;17.5;17.018.0031-A;M2;E.M. FANY DELFISS FANYRO;;8.25 x 5.85 x 1;48.2625
MED02;17.5;17.018.0031-A;M2;E.M. FANY DELFISS FANYRO;;8.25 x 5.85 x 1;48.2625
MED02;17.5;17.018.0031-A;M2;E.M. FANY DELFISS FANYRO;;8.25 x 6.15 x 1;50.7375
MED02;17.5;17.018.0031-A;M2;E.M. FANY DELFISS FANYRO;;8.25 x 5.85 x 1;48.2625
MED02;17.5;17.018.0031-A;M2;E.M. FANY DELFISS FANYRO;;8.25 x 5.85 x 1;48.2625
MED02;17.5;17.018.0031-A;M2;E.M. FANY DELFISS FANYRO;;8.25 x 5.85 x 1;48.2625
MED02;17.5;17.018.0031-A;M2;E.M. FANY DELFISS FANYRO;;8.25 x 5.99 x 1;49.4175
MED02;17.5;17.018.0031-A;M2;E.M. FANY DELFISS FANYRO;;35.49 x 3 x 1;106.47
MED02;17.5;17.018.0031-A;M2;E.M. FANY DELFISS FANYRO;;4.37 x 4.3 x 1;18.791
MED02;17.5;17.018.0031-A;M2;E.M. FANY DELFISS FANYRO;;3.07 x 1.7 x 1;5.219
MED02;17.5;17.018.0031-A;M2;E.M. FANY DELFISS FANYRO;;4.95 x 3 x 1;14.85
MED02;17.5;17.018.0031-A;M2;E.M. FANY DELFISS FANYRO;;5.2 x 2.41 x 1;12.532
MED02;17.5;17.018.0031-A;M2;E.M. FANY DELFISS FANYRO;;3.18 x 3 x 1;9.54
MED02;17.5;17.018.0031-A;M2;E.M. FANY DELFISS FANYRO;;6.6 x 1.2 x 1;7.92
MED02;17.5;17.018.0031-A;M2;E.M. FANY DELFISS FANYRO;;7.8 x 3.72 x 1;29.016
MED02;17.5;17.018.0031-A;M2;E.M. FANY DELFISS FANYRO;;5.41 x 4.45 x 1;24.0745
MED02;17.5;17.018.0031-A;M2;E.M. FANY DELFISS FANYRO;;4.36 x 4.19 x 1;18.2684
MED02;17.5;17.018.0031-A;M2;E.M. FANY DELFISS FANYRO;;6.9 x 1.2 x 1;8.28
MED02;17.5;17.018.0031-A;M2;E.M. FANY DELFISS FANYRO;;3.6 x 3.02 x 1;10.872
MED02;17.5;17.018.0031-A;M2;E.M. FANY DELFISS FANYRO;;3.6 x 2.88 x 1;10.368
MED02;17.5;17.018.0031-A;M2;E.M. FANY DELFISS FANYRO;;1.65 x 1.25 x 1;2.0625
MED02;17.5;17.018.0031-A;M2;E.M. FANY DELFISS FANYRO;;1.72 x 1.2 x 1;2.064
MED02;17.5;17.018.0031-A;M2;E.M. FANY DELFISS FANYRO;;1.72 x 1.2 x 1;2.064
MED02;17.5;17.018.0031-A;M2;E.M. FANY DELFISS FANYRO;;2.26 x 2 x 1;4.52
MED02;17.5;17.018.0031-A;M2;E.M. FANY DELFISS FANYRO;;6.96 x 4.2 x 1;29.232
MED02;17.5;17.018.0031-A;M2;E.M. FANY DELFISS FANYRO;;2 x 1.95 x 1;3.9
MED02;17.5;17.018.0031-A;M2;E.M. FANY DELFISS FANYRO;;4.68 x 1.92 x 1;8.9856
MED02;17.5;17.018.0031-A;M2;E.M. FANY DELFISS FANYRO;;9.36 x 8.7 x 1;81.432
MED02;17.5;17.018.0031-A;M2;E.M. FANY DELFISS FANYRO;;6 x 3.03 x 1;18.18
MED02;17.5;17.018.0031-A;M2;E.M. FANY DELFISS FANYRO;;6 x 3.03 x 1;18.18
MED02;17.5;17.018.0031-A;M2;E.M. FANY DELFISS FANYRO;;2.9 x 2.05 x 1;5.945
MED02;17.5;17.018.0031-A;M2;E.M. FANY DELFISS FANYRO;;1.7 x 1.5 x 1;2.55
MED02;17.5;17.018.0031-A;M2;E.M. FANY DELFISS FANYRO;;3 x 1.65 x 1;4.95
MED02;17.5;17.018.0031-A;M2;E.M. FANY DELFISS FANYRO;;24.32 x 1.2 x 1;29.184
MED02;17.5;17.018.0031-A;M2;E.M. FANY DELFISS FANYRO;;42.74 x 3 x 1;128.22
MED02;17.5;17.018.0031-A;M2;E.M. FANY DELFISS FANYRO;;28.96 x 3 x 1;86.88
MED02;17.5;17.018.0031-A;M2;E.M. FANY DELFISS FANYRO;;46.13 x 3 x 1;138.39
MED02;17.5;17.018.0031-A;M2;E.M. FANY DELFISS FANYRO;;28.21 x 3 x 1;84.63
MED02;17.5;17.018.0031-A;M2;E.M. FANY DELFISS FANYRO;;164.91 x 3 x 1;494.73
MED02;17.5;17.018.0031-A;M2;E.M. FANY DELFISS FANYRO;;43.95 x 0.2 x 2;17.58
MED02;17.5;17.018.0031-A;M2;E.M. AMÉRICA ABDALLA;;16.71 x 2.65 x 1;44.2815
MED02;17.5;17.018.0031-A;M2;E.M. AMÉRICA ABDALLA;;7.35 x 2.65 x 1;19.4775
MED02;17.5;17.018.0031-A;M2;E.M. AMÉRICA ABDALLA;;8.81 x 2.65 x 1;23.3465
MED02;17.5;17.018.0031-A;M2;E.M. AMÉRICA ABDALLA;;11.66 x 2.65 x 1;30.899
MED02;17.5;17.018.0031-A;M2;E.M. AMÉRICA ABDALLA;;18.35 x 2.65 x 1;48.6275
MED02;17.5;17.018.0031-A;M2;E.M. AMÉRICA ABDALLA;;20.77 x 2.65 x 1;55.0405
MED02;17.5;17.018.0031-A;M2;E.M. AMÉRICA ABDALLA;;16.8 x 2.65 x 1;44.52
MED02;17.5;17.018.0031-A;M2;E.M. AMÉRICA ABDALLA;;20.75 x 2.65 x 1;54.9875
MED02;17.5;17.018.0031-A;M2;E.M. AMÉRICA ABDALLA;;11.48 x 2.65 x 1;30.422
MED02;17.5;17.018.0031-A;M2;E.M. AMÉRICA ABDALLA;;14.84 x 2.65 x 1;39.326
MED02;17.5;17.018.0031-A;M2;E.M. AMÉRICA ABDALLA;;10.44 x 2.65 x 1;27.666
MED02;17.5;17.018.0031-A;M2;E.M. AMÉRICA ABDALLA;;20.86 x 2.65 x 1;55.279
MED02;17.5;17.018.0031-A;M2;E.M. AMÉRICA ABDALLA;;11.94 x 2.65 x 1;31.641
MED02;17.5;17.018.0031-A;M2;E.M. AMÉRICA ABDALLA;;16.62 x 2.65 x 1;44.043
MED02;17.5;17.018.0031-A;M2;E.M. AMÉRICA ABDALLA;;7.57 x 4.57 x 1;34.5949
MED02;17.5;17.018.0031-A;M2;E.M. AMÉRICA ABDALLA;;4.57 x 2.78 x 1;12.7046
MED02;17.5;17.018.0031-A;M2;E.M. AMÉRICA ABDALLA;;2.85 x 2.98 x 1;8.493
MED02;17.5;17.018.0031-A;M2;E.M. AMÉRICA ABDALLA;;2.85 x 2.98 x 1;8.493
MED02;17.5;17.018.0031-A;M2;E.M. AMÉRICA ABDALLA;;13.7 x 4.65 x 1;63.705
MED02;17.5;17.018.0031-A;M2;E.M. AMÉRICA ABDALLA;;9.27 x 5.75 x 1;53.3025
MED02;17.5;17.018.0031-A;M2;E.M. AMÉRICA ABDALLA;;11.97 x 4.83 x 1;57.8151
MED02;17.5;17.018.0031-A;M2;E.M. AMÉRICA ABDALLA;;13.7 x 7.05 x 1;96.585
MED02;17.5;17.018.0031-A;M2;E.M. AMÉRICA ABDALLA;;2.97 x 2.77 x 1;8.2269
MED02;17.5;17.018.0031-A;M2;E.M. AMÉRICA ABDALLA;;5.17 x 2.25 x 1;11.6325
MED02;17.5;17.018.0031-A;M2;E.M. AMÉRICA ABDALLA;;2.97 x 2.25 x 1;6.6825
MED02;17.5;17.018.0031-A;M2;E.M. AMÉRICA ABDALLA;;9.2 x 5.83 x 1;53.636
MED02;17.5;17.018.0031-A;M2;E.M. AMÉRICA ABDALLA;;5.12 x 2.9 x 1;14.848
MED02;17.5;17.018.0031-A;M2;E.M. AMÉRICA ABDALLA;;2.9 x 2.05 x 1;5.945
MED02;17.5;17.018.0031-A;M2;E.M. AMÉRICA ABDALLA;;2.9 x 2.64 x 1;7.656
MED02;17.5;17.018.0031-A;M2;E.M. AMÉRICA ABDALLA;;2.9 x 1.2 x 1;3.48
MED02;17.5;17.018.0031-A;M2;E.M. AMÉRICA ABDALLA;;3.05 x 2.92 x 1;8.906
MED02;17.5;17.018.0031-A;M2;E.M. AMÉRICA ABDALLA;;12.42 x 4.2 x 1;52.164
MED02;17.5;17.018.0031-A;M2;E.M. AMÉRICA ABDALLA;;14.33 x 10.05 x 1;144.0165
MED02;17.5;17.018.0031-A;M2;E.M. AMÉRICA ABDALLA;;8.8 x 3.4 x 1;29.92
MED02;17.5;17.018.0031-A;M2;E.M. AMÉRICA ABDALLA;;8.8 x 2.92 x 1;25.696
MED02;17.5;17.018.0031-A;M2;E.M. AMÉRICA ABDALLA;;14.77 x 9.68 x 1;142.9736
MED02;17.5;17.018.0031-A;M2;E.M. AMÉRICA ABDALLA;;14.17 x 14.32 x 1;202.9144
MED02;17.5;17.018.0031-A;M2;E.M. AMÉRICA ABDALLA;;7.37 x 3.55 x 1;26.1635
MED02;17.5;17.018.0031-A;M2;E.M. AMÉRICA ABDALLA;;7.37 x 3.55 x 1;26.1635
MED02;17.5;17.018.0031-A;M2;E.M. AMÉRICA ABDALLA;;14.44 x 2.4 x 1;34.656
MED02;17.5;17.018.0031-A;M2;E.M. AMÉRICA ABDALLA;;21.66 x 2.4 x 1;51.984
MED02;17.5;17.018.0031-A;M2;E.M. AMÉRICA ABDALLA;;21.66 x 2.4 x 1;51.984
MED02;17.5;17.018.0031-A;M2;E.M. AMÉRICA ABDALLA;;21.66 x 2.4 x 1;51.984
MED02;17.5;17.018.0031-A;M2;E.M. AMÉRICA ABDALLA;;21.66 x 2.4 x 1;51.984
MED02;17.5;17.018.0031-A;M2;E.M. AMÉRICA ABDALLA;;14.44 x 2.4 x 1;34.656
MED02;17.5;17.018.0031-A;M2;E.M. AMÉRICA ABDALLA;;14.44 x 2.4 x 1;34.656
MED02;17.5;17.018.0031-A;M2;E.M. AMÉRICA ABDALLA;;21.72 x 2.4 x 1;52.128
MED02;17.5;17.018.0031-A;M2;E.M. AMÉRICA ABDALLA;;21.72 x 2.4 x 1;52.128
MED02;17.5;17.018.0031-A;M2;E.M. AMÉRICA ABDALLA;;21.72 x 2.4 x 1;52.128
MED02;17.5;17.018.0031-A;M2;E.M. AMÉRICA ABDALLA;;16.64 x 2.4 x 1;39.936
MED02;17.5;17.018.0031-A;M2;E.M. AMÉRICA ABDALLA;;24.64 x 2.4 x 1;59.136
MED02;17.5;17.018.0031-A;M2;E.M. AMÉRICA ABDALLA;;8.6 x 2.4 x 1;20.64
MED02;17.5;17.018.0031-A;M2;E.M. AMÉRICA ABDALLA;;7.29 x 2.4 x 1;17.496
MED02;17.5;17.018.0031-A;M2;E.M. AMÉRICA ABDALLA;;35 x 2.4 x 1;84
MED02;17.5;17.018.0031-A;M2;E.M. AMÉRICA ABDALLA;;24.4 x 2.4 x 1;58.56
MED02;17.5;17.018.0031-A;M2;E.M. AMÉRICA ABDALLA;;19.94 x 2.4 x 1;47.856
MED02;17.5;17.018.0031-A;M2;E.M. AMÉRICA ABDALLA;;21.84 x 1.25 x 1;27.3
MED02;17.5;17.018.0031-A;M2;E.M. AMÉRICA ABDALLA;;7.22 x 7.22 x 1;52.1284
MED02;17.5;17.018.0031-A;M2;E.M. AMÉRICA ABDALLA;;7.22 x 7.22 x 1;52.1284
MED02;17.5;17.018.0031-A;M2;E.M. AMÉRICA ABDALLA;;7.22 x 7.22 x 1;52.1284
MED02;17.5;17.018.0031-A;M2;E.M. AMÉRICA ABDALLA;;7.22 x 7.22 x 1;52.1284
MED02;17.5;17.018.0031-A;M2;E.M. AMÉRICA ABDALLA;;7.22 x 7.22 x 1;52.1284
MED02;17.5;17.018.0031-A;M2;E.M. AMÉRICA ABDALLA;;7.22 x 7.22 x 1;52.1284
MED02;17.5;17.018.0031-A;M2;E.M. AMÉRICA ABDALLA;;7.22 x 7.22 x 1;52.1284
MED02;17.5;17.018.0031-A;M2;E.M. AMÉRICA ABDALLA;;7.25 x 7.22 x 1;52.345
MED02;17.5;17.018.0031-A;M2;E.M. AMÉRICA ABDALLA;;7.25 x 7.22 x 1;52.345
MED02;17.5;17.018.0031-A;M2;E.M. AMÉRICA ABDALLA;;7.25 x 7.22 x 1;52.345
MED02;17.5;17.018.0031-A;M2;E.M. AMÉRICA ABDALLA;;9.42 x 7.22 x 1;68.0124
MED02;17.5;17.018.0031-A;M2;E.M. AMÉRICA ABDALLA;;10.2 x 7.22 x 1;73.644
MED02;17.5;17.018.0031-A;M2;E.M. AMÉRICA ABDALLA;;2.25 x 2.05 x 1;4.6125
MED02;17.5;17.018.0031-A;M2;E.M. AMÉRICA ABDALLA;;2.62 x 2.05 x 1;5.371
MED02;17.5;17.018.0031-A;M2;E.M. AMÉRICA ABDALLA;;17.5 x 14.65 x 1;256.375
MED02;17.5;17.018.0031-A;M2;E.M. AMÉRICA ABDALLA;;33.6 x 2.72 x 1;91.392
MED02;17.5;17.018.0031-A;M2;E.M. AMÉRICA ABDALLA;;14.8 x 2.57 x 1;38.036
MED02;17.5;17.018.0031-A;M2;E.M. AMÉRICA ABDALLA;;12.42 x 4.2 x 1;52.164
MED02;17.5;17.018.0031-A;M2;E.M. AMÉRICA ABDALLA;;7.37 x 3.55 x 1;26.1635
MED02;17.5;17.018.0031-A;M2;E.M. AMÉRICA ABDALLA;;7.37 x 3.55 x 1;26.1635
MED02;17.5;17.018.0031-A;M2;E.M. AMÉRICA ABDALLA;;14.44 x 2.4 x 1;34.656
MED02;17.5;17.018.0031-A;M2;E.M. AMÉRICA ABDALLA;;21.66 x 2.4 x 1;51.984
MED02;17.5;17.018.0031-A;M2;E.M. AMÉRICA ABDALLA;;21.66 x 2.4 x 1;51.984
MED02;17.5;17.018.0031-A;M2;E.M. AMÉRICA ABDALLA;;21.66 x 2.4 x 1;51.984
MED02;17.5;17.018.0031-A;M2;E.M. AMÉRICA ABDALLA;;21.66 x 2.4 x 1;51.984
MED02;17.5;17.018.0031-A;M2;E.M. AMÉRICA ABDALLA;;14.44 x 2.4 x 1;34.656
MED02;17.5;17.018.0031-A;M2;E.M. AMÉRICA ABDALLA;;14.44 x 2.4 x 1;34.656
MED02;17.5;17.018.0031-A;M2;E.M. AMÉRICA ABDALLA;;21.66 x 2.4 x 1;51.984
MED02;17.5;17.018.0031-A;M2;E.M. AMÉRICA ABDALLA;;20.09 x 2.4 x 1;48.216
MED02;17.5;17.018.0031-A;M2;E.M. AMÉRICA ABDALLA;;8.6 x 2.4 x 1;20.64
MED02;17.5;17.018.0031-A;M2;E.M. AMÉRICA ABDALLA;;19.07 x 2.4 x 1;45.768
MED02;17.5;17.018.0031-A;M2;E.M. AMÉRICA ABDALLA;;32.35 x 2.4 x 1;77.64
MED02;17.5;17.018.0031-A;M2;E.M. AMÉRICA ABDALLA;;12.09 x 2.4 x 1;29.016
MED02;17.5;17.018.0031-A;M2;E.M. AMÉRICA ABDALLA;;49.65 x 2.4 x 1;119.16
MED02;17.5;17.018.0031-A;M2;E.M. AMÉRICA ABDALLA;;24.4 x 2.4 x 1;58.56
MED02;17.5;17.018.0031-A;M2;E.M. AMÉRICA ABDALLA;;33.25 x 2.4 x 1;79.8
MED02;17.5;17.018.0031-A;M2;E.M. AMÉRICA ABDALLA;;138.83 x 0.5 x 2;138.83
MED02;17.5;17.018.0031-A;M2;E.M. AMÉRICA ABDALLA;;112.16 x 1.15 x 2;257.968
MED02;17.5;17.018.0031-A;M2;E.M. JOVENIL BASTOS;;24.24 x 2.95 x 1;71.508
MED02;17.5;17.018.0031-A;M2;E.M. JOVENIL BASTOS;;25.88 x 2.95 x 1;76.346
MED02;17.5;17.018.0031-A;M2;E.M. JOVENIL BASTOS;;38.69 x 2.95 x 1;114.1355
MED02;17.5;17.018.0031-A;M2;E.M. JOVENIL BASTOS;;86.73 x 2.95 x 1;255.8535
MED02;17.5;17.018.0031-A;M2;E.M. JOVENIL BASTOS;;7.2 x 6.0139 x 1;43.3
MED02;17.5;17.018.0031-A;M2;E.M. JOVENIL BASTOS;;7.2 x 6.0139 x 1;43.3
MED02;17.5;17.018.0031-A;M2;E.M. JOVENIL BASTOS;;7.2 x 6.0139 x 1;43.3
MED02;17.5;17.018.0031-A;M2;E.M. JOVENIL BASTOS;;7.2 x 6.0139 x 1;43.3
MED02;17.5;17.018.0031-A;M2;E.M. JOVENIL BASTOS;;7.2 x 6.0139 x 1;43.3
MED02;17.5;17.018.0031-A;M2;E.M. JOVENIL BASTOS;;14.4 x 6.54 x 1;94.176
MED02;17.5;17.018.0031-A;M2;E.M. JOVENIL BASTOS;;9.46 x 3.53 x 1;33.3938
MED02;17.5;17.018.0031-A;M2;E.M. JOVENIL BASTOS;;7.21 x 4.88 x 1;35.1848
MED02;17.5;17.018.0031-A;M2;E.M. JOVENIL BASTOS;;6.51 x 3.37 x 1;21.9387
MED02;17.5;17.018.0031-A;M2;E.M. JOVENIL BASTOS;;6.51 x 3.37 x 1;21.9387
MED02;17.5;17.018.0031-A;M2;E.M. JOVENIL BASTOS;;4.1 x 3.55 x 1;14.555
MED02;17.5;17.018.0031-A;M2;E.M. JOVENIL BASTOS;;5.34 x 3.55 x 1;18.957
MED02;17.5;17.018.0031-A;M2;E.M. JOVENIL BASTOS;;14.4 x 7.2 x 1;103.68
MED02;17.5;17.018.0031-A;M2;E.M. JOVENIL BASTOS;;21.64 x 10.7 x 1;231.548
MED02;17.5;17.018.0031-A;M2;E.M. JOVENIL BASTOS;;169.86 x 3 x 1;509.58
MED02;17.5;17.018.0031-A;M2;E.M. JOVENIL BASTOS;;50.17 x 2.1 x 2;210.714
MED02;17.5;17.018.0031-A;M2;E.M. JOVENIL BASTOS;;147.33 x 2.5 x 1;368.325
MED02;17.6;17.018.0185-A;M2;;;;0
MED02;17.7;17.035.0020-A;M2;;;;0
MED02;17.8;17.035.0030-A;M2;E.M. PADRE JOSÉ DOREA;;61.48 x 6 x 1;368.88
MED02;17.8;17.035.0030-A;M2;E.M. FRANCISCO DE ASSIS;;29.29 x 6 x 1;175.74
MED02;17.9;17.040.0021-A;M2;CIEP MESTRE MARÇAL;;366.13 x 0.07 x 1;25.6291
MED02;17.9;17.040.0021-A;M2;E.M. FRANCISCO DE ASSIS;;375 x 0.07 x 1;26.25
MED02;17.9;17.040.0021-A;M2;E.M. INAYÁ MORAES;;127.68 x 0.07 x 1;8.9376
MED02;17.9;17.040.0021-A;M2;E.M. MARIA TEIXEIRA;;375 x 0.07 x 1;26.25
MED02;17.9;17.040.0021-A;M2;E.M. NILTON BALTAZAR;;32.67 x 0.07 x 1;2.2869
MED02;17.9;17.040.0021-A;M2;E.M. NILTON BALTAZAR;;13.36 x 0.07 x 1;0.9352
MED02;17.9;17.040.0021-A;M2;E.M. NILTON BALTAZAR;;53.82 x 0.07 x 1;3.7674
MED02;17.9;17.040.0021-A;M2;E.M. PADRE JOSÉ DOREA;;417.49 x 0.07 x 1;29.2243
MED02;17.9;17.040.0021-A;M2;E.M. VEREADOR PEDRO MOREIRA;;140.91 x 0.07 x 1;9.8637
MED02;17.9;17.040.0021-A;M2;E.M. VEREADOR PEDRO MOREIRA;;140.91 x 0.07 x 1;9.8637
MED02;17.9;17.040.0021-A;M2;E.M. SEBASTIÃO LOUBACH;;287.12 x 0.07 x 1;20.0984
MED02;17.9;17.040.0021-A;M2;E.M. FANY DELFISS FANYRO;;164.91 x 0.07 x 1;11.5437
MED02;17.9;17.040.0021-A;M2;E.M. AMÉRICA ABDALLA;;138.83 x 0.07 x 1;9.7181
MED02;17.9;17.040.0021-A;M2;E.M. AMÉRICA ABDALLA;;112.16 x 0.07 x 2;15.7024
MED02;17.9;17.040.0021-A;M2;E.M. JOVENIL BASTOS;;50.17 x 0.07 x 1;3.5119
MED02;17.9;17.040.0021-A;M2;E.M. JOVENIL BASTOS;;147.33 x 0.07 x 1;10.3131
MED02;17.10;17.040.0024-A;M2;;;;0
MED02;18.1;18.002.0010-A;UN;;;;0
MED02;18.2;18.002.0030-A;UN;;;;0
MED02;18.3;18.002.0055-A;UN;;;;0
MED02;18.4;18.002.0065-A;UN;;;;0
MED02;18.5;18.002.0080-A;UN;;;;0
MED02;18.6;18.003.0003-A;UN;;;;0
MED02;18.7;18.003.0015-A;UN;;;;0
MED02;18.8;18.005.0010-A;UN;;;;0
MED02;18.9;18.005.0012-A;UN;;;;0
MED02;18.10;18.005.0013-A;UN;;;;0
MED02;18.11;18.005.0018-A;UN;;;;0
MED02;18.12;18.006.0025-A;UN;;;;0
MED02;18.13;18.006.0050-A;UN;;;;0
MED02;18.14;18.007.0042-A;UN;;;;0
MED02;18.16;18.007.0080-A;UN;;;;0
MED02;18.17;18.008.0005-A;UN;;;;0
MED02;18.18;18.008.0007-A;UN;;;;0
MED02;18.19;18.009.0058-A;UN;;;;0
MED02;18.20;18.009.0074-A;UN;;;;0
MED02;18.21;18.009.0076-A;UN;;;;0
MED02;18.22;18.011.0003-A;UN;;;;0
MED02;18.23;18.012.0090-A;UN;;;;0
MED02;18.24;18.013.0106-A;UN;;;;0
MED02;18.25;18.013.0109-A;UN;;;;0
MED02;18.26;18.013.0111-A;UN;;;;0
MED02;18.27;18.013.0127-A;UN;;;;0
MED02;18.28;18.013.0133-A;UN;;;;0
MED02;18.29;18.013.0156-A;UN;;;;0
MED02;18.30;18.016.0040-A;UN;;;;0
MED02;18.31;18.016.0045-A;M;;;;0
MED02;18.32;18.016.0050-A;M;;;;0
MED02;18.33;18.016.0106-A;UN;;;;0
MED02;18.34;18.017.0020-A;UN;;;;0
MED02;18.35;18.019.0010-A;UN;;;;0
MED02;18.36;18.021.0030-A;UN;;;;0
MED02;18.37;18.021.0035-A;UN;;;;0
MED02;18.38;18.021.0042-A;UN;;;;0
MED02;18.40;18.027.0045-A;UN;;;;0
MED02;18.41;18.027.0097-A;UN;NUGEPE;O.S N° 21;;3
MED02;18.43;18.027.0303-A;UN;;;;0
MED02;18.44;18.027.0305-A;UN;;;;0
MED02;18.46;18.027.0445-A;UN;;;;0
MED02;18.48;18.029.0012-A;UN;E. M. PROFº MARINETE COELHO SOUZA;O.S N° 03;;1
MED02;18.49;18.082.0020-A;M;;;;0
MED02;18.51;18.200.0001-A;PAR;;;;0
MED02;18.52;18.200.0002-A;PAR;;;;0
MED02;18.53;18.200.0004-A;PAR;;;;0
MED02;18.54;18.200.0005-A;PAR;;;;0
MED02;18.55;18.200.0015-A;PAR;;;;0
MED02;18.56;18.200.0020-A;UN;;;;0
MED03;A.2;20069;H;;;1 x 88 x 1;88
MED03;A.4;20155;H;;;1 x 176 x 1 + 24;224
MED03;A.5;20143;H;;;1 x 176 x 1 + 24;224
MED03;A.7;20146;H;;;1 x 176 x 1 + 24;224
MED03;A.9;20008;H;;;1 x 176 x 1 + 24;224
MED03;A.12;19.004.0001-C;H;CAMINHÃO;;1 x 176 x 1 + 24;200
MED03;A.12;19.004.0001-C;H;KOMBI;;1 x 176 x 1 + 24;200
MED03;A.15;19.004.0040-C;H;;;4 x 176 x 1 + 24;800
MED03;A.16;19.004.0046-C;H;;;3 x 176 x 1 + 24;600
MED03;1.1;20039;H;;;3 x 176 + 1 x 24;672
MED03;1.2;20060;H;;;6 x 176 + 1 x 24;1344
MED03;1.3;20115;H;;;6 x 176 + 1 x 24;1344
MED03;1.4;20131;H;;;1 x 176 + 1 x 24;224
MED03;1.5;20132;H;;;18 x 176 + 1 x 24;4032
MED03;3.1;03.001.0001-B;M3;;;;0
MED03;3.2;03.010.0024-A;M3;;;;0
MED03;3.3;03.009.0080-A;M3;;;;0
MED03;3.4;03.011.0015-B;M3;;;;0
MED03;4.2;04.005.0120-A;T X KM;;Referente a Dezembro/25;9 x 8 x 10 x 22;15840
MED03;4.2;04.005.0120-A;T X KM;;Referente a Janeiro/26;10 x 8 x 10 x 22;17600
MED03;4.2;04.005.0120-A;T X KM;;Referente a Fevereiro/26;8 x 8 x 14 x 22;19712
MED03;4.3;04.006.0013-B;T;;;81.2 x 0.17 x 2.05;28.2982
MED03;4.4;04.006.0008-B;T;;;;6.73
MED03;4.6;04.020.0122-A;M2XKM;E.M AMÉRICA ABDALLA;;25 x 1;25
MED03;4.6;04.020.0122-A;M2XKM;E.M ROCHA LEÃO;;84 x 12;1008
MED03;4.6;04.020.0122-A;M2XKM;E.M MARIA TEIXEIRA;;18 x 4;72
MED03;4.7;04.021.0010-A;M2;E.M AMÉRICA ABDALLA;;25 x 1;25
MED03;4.7;04.021.0010-A;M2;E.M MARIA TEIXEIRA;;18 x 4;72
MED03;5.1;05.001.0001-A;M3;;;;0
MED03;5.2;05.001.0002-B;M3;;;;0
MED03;5.3;05.001.0008-A;M2;;;;0
MED03;5.4;05.001.0009-A;M2;;;;0
MED03;5.5;05.001.0011-A;M2;;;;0
MED03;5.6;05.001.0014-A;M2;;;;0
MED03;5.7;05.001.0015-A;M2;;;;0
MED03;5.8;05.001.0021-A;M2;;;;0
MED03;5.9;05.001.0023-A;M3;E.M. João Bento;O.S 53;0.8 x 2.1 x 0.2 x 1;0.336
MED03;5.10;05.001.0024-A;M3;;;;0
MED03;5.12;05.001.0040-A;M2;;;;0
MED03;5.13;05.001.0041-A;M2;E.M. Nilton Baltazar;O.S 192;2.44 x 1.1;2.68
MED03;5.14;05.001.0043-A;M2;;;;0
MED03;5.16;05.001.0055-A;M2;;;;0
MED03;5.17;05.001.0063-A;M2;E.M. Nilton Baltazar;;25 x 18 x 0.15;67.5
MED03;5.17;05.001.0063-A;M2;E. M. Nadir da Silva Salvador;;21 x 29 x 0.2;121.8
MED03;5.17;05.001.0063-A;M2;Creche Dona Lina;;14 x 28 x 0.1;39.2
MED03;5.17;05.001.0063-A;M2;E.M João Batista;;12 x 20 x 0.15;36
MED03;5.17;05.001.0063-A;M2;E.M.João bento;;28 x 14 x 0.3;117.6
MED03;5.17;05.001.0063-A;M2;E.M José de Oliveira;;18 x 10 x 0.3;54
MED03;5.18;05.001.0071-A;M;;;;0
MED03;5.19;05.001.0074-A;M2;;;;0
MED03;5.20;05.001.0134-A;UN;E. M. Senhorinha de Oliveira Gomes;O.S 09;;38
MED03;5.20;05.001.0134-A;UN;E.M. Sebastião Loubach;O.S 34;;3
MED03;5.20;05.001.0134-A;UN;NUGEPE;O.S 55;;3
MED03;5.20;05.001.0134-A;UN;E. M. Profº Marinete Coelho Souza;O.S 198;;1
MED03;5.20;05.001.0134-A;UN;E. M. Profº Marinete Coelho Souza;O.S 266;;1
MED03;5.20;05.001.0134-A;UN;E. M. Jerônymo Mendes da Costa;O.S 305;;5
MED03;5.20;05.001.0134-A;UN;Creche Valdira  Flausino;O.S 418;;1
MED03;5.20;05.001.0134-A;UN;Creche Valdira  Flausino;O.S 444;;2
MED03;5.20;05.001.0134-A;UN;E.M. Jerônimo Mendes;O.S 451;;1
MED03;5.20;05.001.0134-A;UN;Creche Valdira  Flausino;O.S 452;;2
MED03;5.20;05.001.0134-A;UN;E.M. Francisco de Assis;81;;2
MED03;5.20;05.001.0134-A;UN;E.M. Pedro Moreira;28;;2
MED03;5.23;05.001.0144-A;UN;E. M. Jovenil Bastos da Silva;O.S 24;;2
MED03;5.23;05.001.0144-A;UN;E. M. Senhorinha de Oliveira Gomes;O.S 32;;10
MED03;5.23;05.001.0144-A;UN;E. M. Dom Bosco;O.S 37;;1
MED03;5.23;05.001.0144-A;UN;E.M. Sebastião Loubach;O.S 40;;1
MED03;5.23;05.001.0144-A;UN;Creche M. Márcia Lustosa Machado;O.S 147;;1
MED03;5.23;05.001.0144-A;UN;E. M. Mônica de Andrade Ribeiro;O.S 207;;1
MED03;5.23;05.001.0144-A;UN;E. M. Francisco de Assis Medeiros Rangel;O.S 208;;1
MED03;5.23;05.001.0144-A;UN;E.M. Jerônymo Mendes;O.S 240;;2
MED03;5.23;05.001.0144-A;UN;E. M. Francisco de Assis Medeiros Rangel;O.S 252;;10
MED03;5.23;05.001.0144-A;UN;E.M. Ary Gomes;O.S. 289;;1
MED03;5.23;05.001.0144-A;UN;E. M. Dom Bosco;O.S 322;;1
MED03;5.23;05.001.0144-A;UN;E. M. Vereador Pedro Moreira dos Santos;O.S 30;;30
MED03;5.23;05.001.0144-A;UN;E. M. Senhorinha de Oliveira Gomes;O.S 32;;50
MED03;5.23;05.001.0144-A;UN;E.M. Sebastião Loubach;O.S 40;;30
MED03;5.23;05.001.0144-A;UN;E. M. Francisco de Assis Medeiros Rangel;O.S 82;;25
MED03;5.23;05.001.0144-A;UN;SEMEDE;O.S 121;;1
MED03;5.23;05.001.0144-A;UN;E. M. Profº Marinete Coelho Souza;O.S 127;;1
MED03;5.23;05.001.0144-A;UN;E.M. Maria Teixeira de Paula;O.S 138;;35
MED03;5.23;05.001.0144-A;UN;Creche M. Márcia Lustosa Machado;O.S 147;;10
MED03;5.23;05.001.0144-A;UN;E.M. Jovenil Bastos;O.S 161;;10
MED03;5.23;05.001.0144-A;UN;SEMEDE;O.S 166;;20
MED03;5.23;05.001.0144-A;UN;E. M. Jerônymo Mendes da Costa;O.S 240;;10
MED03;5.23;05.001.0144-A;UN;E. M. Ary Gomes de Marins;O.S 289;;10
MED03;5.23;05.001.0144-A;UN;E. M. Jovenil Bastos da Silva;O.S 304;;2
MED03;5.23;05.001.0144-A;UN;E. M. Dom Bosco;O.S 322;;1
MED03;5.23;05.001.0144-A;UN;E.M. João Bento;O.S 368;;1
MED03;5.23;05.001.0144-A;UN;E.M. Ary Gomes;O.S 406;;1
MED03;5.23;05.001.0144-A;UN;Creche Valdira;O.S 417;;1
MED03;5.23;05.001.0144-A;UN;E.M. Monica de Andrade;O.S 417;;10
MED03;5.24;05.001.0145-A;UN;E. M. Vereador Pedro Moreira dos Santos;O.S 28;;16
MED03;5.24;05.001.0145-A;UN;E.M. Sebastião Loubach;O.S 36;;9
MED03;5.24;05.001.0145-A;UN;E. M. Jerônymo Mendes da Costa;O.S 75;;1
MED03;5.24;05.001.0145-A;UN;E. M. Francisco de Assis Medeiros Rangel;O.S 80;;3
MED03;5.24;05.001.0145-A;UN;E. M. Senhorinha de Oliveira Gomes;O.S. 92;;1
MED03;5.24;05.001.0145-A;UN;CIEP Mestre Marçal Municipalizado;O.S 98;;4
MED03;5.24;05.001.0145-A;UN;NUGEPE;O.S N° 118;;1
MED03;5.24;05.001.0145-A;UN;CIEP Mestre Marçal Municipalizado;O.S 120;;1
MED03;5.24;05.001.0145-A;UN;E. M. Fany Batista Esteves;O.S 122;;2
MED03;5.24;05.001.0145-A;UN;SEMEDE;O.S N° 170;;1
MED03;5.24;05.001.0145-A;UN;SEMEDE;O.S N° 187;;20
MED03;5.24;05.001.0145-A;UN;CIEP Mestre Marçal Municipalizado;O.S 188;;8
MED03;5.24;05.001.0145-A;UN;E. M. Senhorinha de Oliveira Gomes;O.S 193;;8
MED03;5.24;05.001.0145-A;UN;E.M. João Batista;228;;2
MED03;5.24;05.001.0145-A;UN;E. M. Maria Teixeira de Paula;O.S 231;;1
MED03;5.24;05.001.0145-A;UN;E. M. Jerônymo Mendes da Costa;O.S 241;;4
MED03;5.24;05.001.0145-A;UN;E. M. Inayá Moraes D'Couto;O.S. 243;;2
MED03;5.24;05.001.0145-A;UN;E. M. Senhorinha de Oliveira Gomes;O.S. 244;;1
MED03;5.24;05.001.0145-A;UN;E.M. Nilton Baltazar;O.S 247;;8
MED03;5.24;05.001.0145-A;UN;E. M. Ary Gomes de Marins;O.S 277;;5
MED03;5.24;05.001.0145-A;UN;E. M. Jovenil Bastos da Silva;O.S 303;;2
MED03;5.24;05.001.0145-A;UN;E. M. Dom Bosco;O.S 322;;2
MED03;5.24;05.001.0145-A;UN;E.M. Sebastião Loubach;O.S 340;;3
MED03;5.24;05.001.0145-A;UN;E. M. Jovenil Bastos da Silva;O.S 351;;3
MED03;5.24;05.001.0145-A;UN;IMERO;O.S 398;;2
MED03;5.24;05.001.0145-A;UN;E. M. Simar Machado Sodré;O.S 423;;1
MED03;5.24;05.001.0145-A;UN;E. M. João Batista Gomes da Cruz;O.S 431;;1
MED03;5.24;05.001.0145-A;UN;E.M. Jerônymo Mendes;O.S 432;;1
MED03;5.24;05.001.0145-A;UN;E.M. Cláudio Ribeiro;O.S 438;;1
MED03;5.24;05.001.0145-A;UN;E. M. João Batista Gomes da Cruz;O.S 458;;1
MED03;5.24;05.001.0145-A;UN;Creche Dona Cota;459;;1
MED03;5.25;05.001.0146-A;M;NUGEPE;O.S 110;;1
MED03;5.29;05.005.0012-B;M2;E.M AMÉRICA ABDALLA;;25 x 1.2;30
MED03;5.29;05.005.0012-B;M2;E.M ROCHA LEÃO;;84 x 1.2;100.8
MED03;5.29;05.005.0012-B;M2;E.M MARIA TEIXEIRA;;18 x 1.2;21.6
MED03;5.30;05.006.0001-B;M2XMES;E.M AMÉRICA ABDALLA;;25 x 3.5 x 2.3;57.5
MED03;5.30;05.006.0001-B;M2XMES;E.M ROCHA LEÃO;;84 x 3.5 x 2.3;193.2
MED03;5.30;05.006.0001-B;M2XMES;E.M MARIA TEIXEIRA;;18 x 3.5 x 2.3;41.4
MED03;5.31;05.008.0001-A;M2;E.M AMÉRICA ABDALLA;;25 x 3.5;87.5
MED03;5.31;05.008.0001-A;M2;E.M ROCHA LEÃO;;84 x 3.5;294
MED03;5.31;05.008.0001-A;M2;E.M MARIA TEIXEIRA;;18 x 3.5;63
MED03;6.1;06.001.0242-A;M;;;;0
MED03;6.2;06.001.0243-A;M;;;;0
MED03;6.10;06.272.0002-A;M;;;;0
MED03;6.11;06.272.0003-A;M;;;;0
MED03;6.14;06.272.0021-A;UN;;;;0
MED03;6.15;06.272.0022-A;UN;;;;0
MED03;6.16;06.272.0026-A;UN;;;;0
MED03;6.17;06.272.0027-A;UN;;;;0
MED03;6.18;06.272.0029-A;UN;;;;0
MED03;6.19;06.272.0030-A;UN;;;;0
MED03;6.20;06.272.0032-A;UN;;;;0
MED03;6.21;06.272.0035-A;UN;CIEP Mestre Marçal Municipalizado;O.S 188;;5
MED03;6.21;06.272.0035-A;UN;E.M. Sebastião Loubach;O.S 36;;2
MED03;6.21;06.272.0035-A;UN;E. M. Francisco de Assis Medeiros Rangel;O.S 80;;2
MED03;6.21;06.272.0035-A;UN;CIEP Mestre Marçal Municipalizado;O.S 98;;1
MED03;6.21;06.272.0035-A;UN;E. M. Fany Batista Esteves;O.S 122;;1
MED03;6.21;06.272.0035-A;UN;SEMEDE;O.S N° 187;;8
MED03;6.21;06.272.0035-A;UN;CIEP Mestre Marçal Municipalizado;O.S 188;;3
MED03;6.21;06.272.0035-A;UN;E. M. Senhorinha de Oliveira Gomes;O.S 193;;4
MED03;6.21;06.272.0035-A;UN;E.M. Nilton Baltazar;O.S 247;;2
MED03;6.21;06.272.0035-A;UN;E. M. Dom Bosco;O.S 322;;2
MED03;6.21;06.272.0035-A;UN;E. M. Vereador Pedro Moreira dos Santos;O.S 28;;6
MED03;6.21;06.272.0035-A;UN;E.M. João Batista;228;;2
MED03;6.21;06.272.0035-A;UN;E.M. Ary Gomes;277;;1
MED03;6.22;06.272.0038-A;UN;;;;0
MED03;6.23;06.272.0039-A;UN;;;;0
MED03;8.5;08.020.0022-A;M2;E.M. Nilton Baltazar;O.S 302;;4
MED03;8.6;08.027.0037-A;M;;;;0
MED03;9.3;09.015.0040-A;M2;;;;0
MED03;9.4;09.015.0050-A;M2;;;;0
MED03;9.5;09.015.0200-A;M2;;;;0
MED03;11.1;11.003.0002-A;M3;E.M. Rosângela Duarte;O.S 255;1.2 x 0.8 x 0.15;0.14
MED03;11.1;11.003.0002-A;M3;E.M. Rosângela Duarte;O.S 255;2 x 0.8 x 0.15;0.24
MED03;11.1;11.003.0002-A;M3;E.M. Rosângela Duarte;O.S 255;1.2 x 0.8 x 0.15;0.14
MED03;11.1;11.003.0002-A;M3;E.M. Rosângela Duarte;O.S 255;1.2 x 0.8 x 0.15;0.14
MED03;11.1;11.003.0002-A;M3;E.M. Rosângela Duarte;O.S 255;2 x 0.8 x 0.15;0.24
MED03;11.1;11.003.0002-A;M3;E.M. Rosângela Duarte;O.S 255;1.2 x 0.8 x 0.15;0.14
MED03;11.1;11.003.0002-A;M3;E.M. Rosângela Duarte;O.S 255;1.2 x 0.8 x 0.15;0.14
MED03;11.1;11.003.0002-A;M3;E.M. Rosângela Duarte;O.S 255;2 x 0.8 x 0.15;0.24
MED03;11.1;11.003.0002-A;M3;E.M. Rosângela Duarte;O.S 255;1.2 x 0.8 x 0.15;0.14
MED03;11.1;11.003.0002-A;M3;E.M. Monica de Andrade;O.S 256;7 x 1.1 x 0.1;0.77
MED03;11.1;11.003.0002-A;M3;E.M. Monica de Andrade;O.S 256;7 x 1.2 x 0.1;0.84
MED03;11.1;11.003.0002-A;M3;E.M. Monica de Andrade;O.S 256;7.2 x 1.65 x 0.2;2.38
MED03;11.1;11.003.0002-A;M3;NUGEPE;O.S 164;6 x 1.2 x 0.15;1.08
MED03;11.2;11.004.0022-B;M2;E.M. Rosângela Duarte;O.S 255;1.2 x 0.3 x 2;0.72
MED03;11.2;11.004.0022-B;M2;E.M. Rosângela Duarte;O.S 255;2 x 0.3 x 2;1.2
MED03;11.2;11.004.0022-B;M2;E.M. Rosângela Duarte;O.S 255;1.2 x 0.3 x 2;0.72
MED03;11.2;11.004.0022-B;M2;E.M. Rosângela Duarte;O.S 255;1.2 x 0.3 x 2;0.72
MED03;11.2;11.004.0022-B;M2;E.M. Rosângela Duarte;O.S 255;2 x 0.3 x 2;1.2
MED03;11.2;11.004.0022-B;M2;E.M. Rosângela Duarte;O.S 255;1.2 x 0.3 x 2;0.72
MED03;11.2;11.004.0022-B;M2;E.M. Rosângela Duarte;O.S 255;1.2 x 0.3 x 2;0.72
MED03;11.2;11.004.0022-B;M2;E.M. Rosângela Duarte;O.S 255;2 x 0.3 x 2;1.2
MED03;11.2;11.004.0022-B;M2;E.M. Rosângela Duarte;O.S 255;1.2 x 0.3 x 2;0.72
MED03;11.2;11.004.0022-B;M2;E.M. Monica de Andrade;O.S 256;7 x 0.3 x 2;4.2
MED03;11.2;11.004.0022-B;M2;E.M. Monica de Andrade;O.S 256;7 x 0.3 x 2;4.2
MED03;11.2;11.004.0022-B;M2;E.M. Monica de Andrade;O.S 256;7.2 x 0.3 x 2;4.32
MED03;11.2;11.004.0022-B;M2;NUGEPE;O.S 164;6 x 0.3 x 2;3.6
MED03;11.3;11.013.0075-A;M3;;;;0
MED03;11.6;11.023.0002-A;KG;;;;0
MED03;11.7;11.025.0006-A;M3;;;;0
MED03;11.8;11.025.0012-A;M3;;;;0
MED03;11.9;11.030.0080-A;M2;;;;0
MED03;11.10;11.050.0001-B;M3XMES;;;;0
MED03;11.11;11.055.0001-B;M3;;;;0
MED03;12.1;12.002.0015-A;M2;;;;0
MED03;12.2;12.003.0075-B;M2;E.M. JOÃO BENTO;;0.9 x 2.1 x 1;1.89
MED03;12.3;12.005.0030-A;M2;;;;0
MED03;12.4;12.016.0004-A;M2;E. M. João Bento Duarte Neto;O.S 45;3.65 x 3;10.95
MED03;12.4;12.016.0004-A;M2;E. M. João Bento Duarte Neto;O.S 45;2.65 x 3;7.95
MED03;12.4;12.016.0004-A;M2;E.M. Maria Teixeira;O.S 233;7 x 2.4;16.8
MED03;12.4;12.016.0004-A;M2;E.M. Senhorinha de Oliveira;O.S 362;11 x 2.5;27.5
MED03;12.4;12.016.0004-A;M2;E.M. Senhorinha de Oliveira;O.S 362;6 x 3;18
MED03;12.5;12.016.0010-A;M2;;;;0
MED03;12.6;12.016.0024-A;M2;;;;0
MED03;13.1;13.001.0010-B;M2;E.M JOÃO BENTO;;0.8 x 2.1 x 2;3.36
MED03;13.2;13.001.0026-A;M2;E.M JOÃO BENTO;;0.8 x 2.1 x 2;3.36
MED03;13.3;13.003.0005-A;M2;;;;0
MED03;13.4;13.022.0040-A;M2;;;;0
MED03;13.5;13.030.0290-A;M2;E.M JOSE DE OLIVEIRA;O.S 83;2.8 x 1;2.8
MED03;13.6;13.175.0010-A;M2;;;;0
MED03;13.7;13.180.0015-B;M2;E.M. Maria Teixeira;O.S 230;2.3 x 2;4.6
MED03;13.8;13.196.0050-A;M2;;;;0
MED03;13.9;13.196.0151-A;M2;;;;0
MED03;13.10;13.301.0125-B;M2;;;;0
MED03;13.11;13.330.0053-A;M2;;;;0
MED03;13.12;13.330.0076-A;M2;;;;0
MED03;13.13;13.330.0101-A;M;;;;0
MED03;13.15;13.331.0052-A;M;;;;0
MED03;13.16;13.365.0150-A;M;;;;0
MED03;13.17;13.365.0170-A;M;;;;0
MED03;13.18;13.390.0020-A;M2;;;;0
MED03;14.1;14.002.0010-A;M2;;;;0
MED03;14.2;14.002.0013-A;M2;E.M. Inaya Moraes;;0.9 x 2.1 x 0.3;0.57
MED03;14.2;14.002.0013-A;M2;E.M. Inaya Moraes;;2 x 1 x 0.3;0.6
MED03;14.3;14.002.0071-A;M2;E.M. MÁRCIA LUSTOSA;;1 x 1 x 0.5 x 2;1
MED03;14.3;14.002.0071-A;M2;E.M. AMÉRICA ABDALLA;;3.3 x 2.3 x 0.3 x 4;9.108
MED03;14.3;14.002.0071-A;M2;E.M. AMÉRICA ABDALLA;;9.2 x 2.3 x 0.4 x 1;8.464
MED03;14.3;14.002.0071-A;M2;E. M. Senhorinha de Oliveira Gomes;;4 x 2 x 0.3 x 1;2.4
MED03;14.4;14.002.0132-A;M2;;;;0
MED03;14.5;14.002.0187-A;M;;;;0
MED03;14.6;14.002.0220-A;M;;;;0
MED03;14.7;14.003.0016-A;M2;;;;0
MED03;14.8;14.003.0076-A;M2;;;;0
MED03;14.9;14.003.0225-A;M2;E.M. AMÉRICA ABDALLA;;0.6 x 1.8 x 3;3.24
MED03;14.9;14.003.0225-A;M2;E.M. AMÉRICA ABDALLA;;0.6 x 1.8 x 3;3.24
MED03;14.10;14.003.0260-A;M;;;;0
MED03;14.11;14.004.0120-A;M2;;;;0
MED03;14.12;14.004.0121-A;M2;E.M. Prefeito Cláudio Ribeiro;45;0.8 x 2.42 x 1;1.94
MED03;14.12;14.004.0121-A;M2;E. M. Profº Rosângela Duarte Faria;O.S 197;2.04 x 1 x 1;2.04
MED03;14.12;14.004.0121-A;M2;E. M. Profº Rosângela Duarte Faria;O.S 197;2.1 x 1 x 1;2.1
MED03;14.12;14.004.0121-A;M2;E. M. Profº Rosângela Duarte Faria;O.S 197;2.1 x 0.65 x 1;1.37
MED03;14.12;14.004.0121-A;M2;E. M. Profº Rosângela Duarte Faria;O.S 197;2 x 0.8 x 1;1.6
MED03;14.13;14.006.0012-A;UN;;;;0
MED03;14.14;14.006.0021-A;UN;E.M. Inaya Moraes;;;2
MED03;14.14;14.006.0021-A;UN;E.M. João Bento;O.S 53;;1
MED03;14.15;14.006.0023-A;UN;E.M. Inaya Moraes;;;1
MED03;14.16;14.006.0233-A;UN;;;;0
MED03;14.17;14.006.0407-A;M;;;;0
MED03;14.18;14.006.0409-A;M;;;;0
MED03;14.19;14.007.0036-A;UN;E. M. Senhorinha de Oliveira Gomes;O.S 09;;38
MED03;14.19;14.007.0036-A;UN;E.M. Sebastião Loubach;O.S 34;;3
MED03;14.19;14.007.0036-A;UN;NUGEPE;O.S 55;;3
MED03;14.19;14.007.0036-A;UN;E. M. Profº Marinete Coelho Souza;O.S 198;;1
MED03;14.19;14.007.0036-A;UN;E. M. Profº Marinete Coelho Souza;O.S 266;;1
MED03;14.19;14.007.0036-A;UN;E. M. Jerônymo Mendes da Costa;O.S 305;;5
MED03;14.19;14.007.0036-A;UN;Creche Valdira  Flausino;O.S 418;;1
MED03;14.19;14.007.0036-A;UN;Creche Valdira  Flausino;O.S 444;;2
MED03;14.19;14.007.0036-A;UN;E.M. Jerônimo Mendes;O.S 451;;1
MED03;14.19;14.007.0036-A;UN;E.M PROF. ROSANGELA DUARTE;O.S 383;;6
MED03;14.19;14.007.0036-A;UN;Creche Valdira  Flausino;O.S 452;;2
MED03;14.19;14.007.0036-A;UN;E.M. Francisco de Assis;81;;2
MED03;14.19;14.007.0036-A;UN;E.M. Pedro Moreira;28;;2
MED03;14.20;14.007.0041-A;UN;;;;0
MED03;14.21;14.007.0065-A;UN;;;;0
MED03;14.22;14.007.0070-A;UN;;;;0
MED03;14.23;14.007.0270-A;UN;E. M. Jerônymo Mendes da Costa;O.S 150;;1
MED03;14.23;14.007.0270-A;UN;E. M. Profº Marinete Coelho Souza;O.S 389;;1
MED03;14.24;14.007.0277-A;UN;;;;0
MED03;14.25;14.007.0284-A;UN;;;;0
MED03;14.26;14.007.0290-A;UN;;;;0
MED03;15.1;15.001.0028-A;UN;;;;0
MED03;15.2;15.001.0055-A;UN;;;;0
MED03;15.3;15.001.0056-A;UN;;;;0
MED03;15.4;15.003.0068-A;UN;;;;0
MED03;15.5;15.002.0062-A;UN;;;;0
MED03;15.6;15.002.0063-A;UN;;;;0
MED03;15.7;15.002.0120-A;UN;;;;0
MED03;15.11;15.004.0046-A;UN;CIEP Mestre Marçal Municipalizado;O.S 188;;1
MED03;15.12;15.004.0050-A;UN;;;;0
MED03;15.13;15.004.0053-A;UN;;;;0
MED03;15.14;15.004.0059-A;UN;;;;0
MED03;15.15;15.004.0060-B;UN;;;;0
MED03;15.16;15.004.0061-A;UN;;;;0
MED03;15.17;15.004.0063-A;UN;CIEP Mestre Marçal Municipalizado;O.S 188;;1
MED03;15.18;15.004.0070-A;UN;;;;0
MED03;15.19;15.004.0075-A;UN;CIEP Mestre Marçal Municipalizado;O.S 188;;5
MED03;15.20;15.004.0085-A;UN;;;;0
MED03;15.21;15.004.0090-A;UN;;;;0
MED03;15.22;15.004.0108-A;UN;CIEP Mestre Marçal Municipalizado;O.S 188;;5
MED03;15.23;15.004.0103-A;UN;;;;0
MED03;15.24;15.004.0110-A;UN;;;;0
MED03;15.25;15.004.0170-A;UN;CIEP Mestre Marçal Municipalizado;O.S 188;;4
MED03;15.30;15.004.0255-A;UN;;;;0
MED03;15.31;15.005.0215-A;UN;E. M. Fany Batista Esteves;O.S 65;;1
MED03;15.31;15.005.0215-A;UN;E. M. Dom Bosco;O.S 172;;1
MED03;15.31;15.005.0215-A;UN;E. M. Prefeito Cláudio Ribeiro;O.S 309;;3
MED03;15.32;15.005.0253-A;KG;;;;0
MED03;15.33;15.007.0410-A;UN;E. M. CLÁUDIO RIBEIRO;O.S N° 309;;1
MED03;15.34;15.007.0415-A;UN;;;;0
MED03;15.35;15.007.0420-A;UN;;;;0
MED03;15.36;15.007.0425-A;UN;E. M. JOVENIL BASTOS DA SILVA;O.S N° 24;;1
MED03;15.36;15.007.0425-A;UN;SEMEDE;O.S N° 72;;1
MED03;15.41;15.007.0520-A;UN;;;;0
MED03;15.42;15.007.0521-A;UN;;;;0
MED03;15.43;15.007.0522-A;UN;;;;0
MED03;15.44;15.007.0523-A;UN;;;;0
MED03;15.45;15.007.0524-A;UN;;;;0
MED03;15.46;15.007.0570-A;UN;E. M. JOVENIL BASTOS DA SILVA;O.S N° 24;;1
MED03;15.46;15.007.0570-A;UN;E. M. Rio das Ostras;O.S 25;;1
MED03;15.46;15.007.0570-A;UN;SOLANGE VIANA;O.S 25;;2
MED03;15.46;15.007.0570-A;UN;E.M. Maria Teixeira de Paula;O.S 138;;1
MED03;15.46;15.007.0570-A;UN;E. M. Sebastião Loubach;O.S N° 342;;1
MED03;15.46;15.007.0570-A;UN;SEMEDE;O.S N° 457;;1
MED03;15.47;15.007.0572-A;UN;SEMEDE;O.S N° 457;;1
MED03;15.48;15.007.0575-A;UN;E. M. MARIA TEIXEIRA;O.S N° 138;;1
MED03;15.48;15.007.0575-A;UN;E. M. CLÁUDIO RIBEIRO;O.S N° 309;;3
MED03;15.49;15.007.0600-A;UN;;;;0
MED03;15.50;15.007.0605-A;UN;E.M FANY BATISTA;O.S 408;;1
MED03;15.50;15.007.0605-A;UN;E. M. Senhorinha de Oliveira Gomes;O.S N° 310;;1
MED03;15.51;15.007.0608-A;UN;E. M. JOVENIL BASTOS DA SILVA;O.S N° 24;;1
MED03;15.51;15.007.0608-A;UN;SEMEDE;O.S N° 72;;1
MED03;15.52;15.007.0609-A;UN;;;;0
MED03;15.53;15.007.0610-A;UN;;;;0
MED03;15.54;15.007.0611-A;UN;;;;0
MED03;15.55;15.008.0085-A;M;E. M. JOVENIL BASTOS DA SILVA;O.S N° 24;;100
MED03;15.55;15.008.0085-A;M;E.M DOM BOSCO;O.S N° 37;;25
MED03;15.55;15.008.0085-A;M;E. M. CLÁUDIO RIBEIRO;O.S N° 309;;150
MED03;15.55;15.008.0085-A;M;IMERO;O.S N° 396;;10
MED03;15.56;15.008.0090-A;M;;;;0
MED03;15.57;15.008.0095-A;M;E. M. JOVENIL BASTOS DA SILVA;O.S 112;;100
MED03;15.57;15.008.0095-A;M;MONICA DE ANDRADE;O.S 211;;100
MED03;15.58;15.008.0100-A;M;E. M. Rio das Ostras;O.S N° 169;;50
MED03;15.58;15.008.0100-A;M;E. M. ERNESTINA;O.S 219;;100
MED03;15.58;15.008.0100-A;M;E. M. Profº Rosângela Duarte Faria;O.S 178;;100
MED03;15.59;15.008.0105-A;M;E. M. JOVENIL BASTOS DA SILVA;O.S N° 24;;60
MED03;15.59;15.008.0105-A;M;E. M. FRANCISCO DE ASSIS;O.S N° 88;;600
MED03;15.60;15.008.0110-A;M;;;;0
MED03;15.61;15.008.0112-A;M;;;;0
MED03;15.62;15.008.0115-A;M;;;;0
MED03;15.65;15.015.0020-A;UN;E. M. Senhorinha de Oliveira Gomes;O.S 32;;5
MED03;15.68;15.015.0199-A;UN;E. M. Jerônymo Mendes da Costa;O.S 151;;1
MED03;15.69;15.015.0214-A;UN;E. M. Senhorinha de Oliveira Gomes;O.S 32;;15
MED03;15.69;15.015.0214-A;UN;E.M. Sebastião Loubach;O.S 40;;1
MED03;15.69;15.015.0214-A;UN;E.M JOÃO BENTO;O.S 368;;6
MED03;15.69;15.015.0214-A;UN;E.M. Solange Viana;O.S 43;;1
MED03;15.69;15.015.0214-A;UN;E.M. Jerônymo Mendes;O.S 76;;1
MED03;15.69;15.015.0214-A;UN;E. M. Francisco de Assis Medeiros Rangel;O.S 252;;10
MED03;15.69;15.015.0214-A;UN;Creche Dona Cota;O.S 321;;8
MED03;15.69;15.015.0214-A;UN;E. M. Dom Bosco;O.S 322;;4
MED03;15.69;15.015.0214-A;UN;Creche Dona Senhorinha;O.S 443;;4
MED03;15.70;15.015.0250-A;UN;E. M. Jovenil Bastos da Silva;O.S 24;;2
MED03;15.70;15.015.0250-A;UN;E.M. Pedro Moreira;O.S 30;;2
MED03;15.70;15.015.0250-A;UN;E. M. Senhorinha de Oliveira Gomes;O.S 32;;10
MED03;15.70;15.015.0250-A;UN;E. M. Dom Bosco;O.S 37;;1
MED03;15.70;15.015.0250-A;UN;E.M. Sebastião Loubach;O.S 40;;20
MED03;15.70;15.015.0250-A;UN;Creche M. Márcia Lustosa Machado;O.S 147;;1
MED03;15.70;15.015.0250-A;UN;E. M. Mônica de Andrade Ribeiro;O.S 207;;1
MED03;15.70;15.015.0250-A;UN;E. M. Francisco de Assis Medeiros Rangel;O.S 208;;1
MED03;15.70;15.015.0250-A;UN;E.M. Jerônymo Mendes;O.S 240;;4
MED03;15.70;15.015.0250-A;UN;E. M. Francisco de Assis Medeiros Rangel;O.S 252;;10
MED03;15.70;15.015.0250-A;UN;E.M. Ary Gomes;O.S. 289;;4
MED03;15.70;15.015.0250-A;UN;E.M ALZIR DAVID;O.S 381;;2
MED03;15.70;15.015.0250-A;UN;E.M JOÃO BENTO;O.S 368;;6
MED03;15.70;15.015.0250-A;UN;E.M João Batista;O.S 218;;5
MED03;15.70;15.015.0250-A;UN;E.M JERONIMO MENDES;O.S 450;;2
MED03;15.70;15.015.0250-A;UN;E. M. Dom Bosco;O.S 322;;4
MED03;15.71;15.015.0251-A;UN;E.M João Bento;O.S 368;;1
MED03;15.71;15.015.0251-A;UN;E.M. Sebastião Loubach;O.S 36;;1
MED03;15.71;15.015.0251-A;UN;E.M. Jerônimo Mendes;O.S 450;;1
MED03;15.71;15.015.0251-A;UN;E.M. Ary Gomes;289;;4
MED03;15.71;15.015.0251-A;UN;E.M. Francisco de Assis;82;;3
MED03;15.72;15.015.0255-A;UN;;;;0
MED03;15.73;15.019.0010-A;UN;;;;0
MED03;15.74;15.019.0095-A;UN;;;;0
MED03;15.78;15.020.0158-A;UN;;;;0
MED03;15.79;15.020.0170-A;UN;;;;0
MED03;15.80;15.020.0173-A;UN;E. M. Vereador Pedro Moreira dos Santos;O.S 30;;40
MED03;15.80;15.020.0173-A;UN;E. M. Senhorinha de Oliveira Gomes;O.S 32;;50
MED03;15.80;15.020.0173-A;UN;E.M. Sebastião Loubach;O.S 40;;30
MED03;15.80;15.020.0173-A;UN;E. M. Francisco de Assis Medeiros Rangel;O.S 82;;45
MED03;15.80;15.020.0173-A;UN;SEMEDE;O.S 121;;1
MED03;15.80;15.020.0173-A;UN;E. M. Profº Marinete Coelho Souza;O.S 127;;1
MED03;15.80;15.020.0173-A;UN;E.M. Maria Teixeira de Paula;O.S 138;;68
MED03;15.80;15.020.0173-A;UN;Creche M. Márcia Lustosa Machado;O.S 147;;11
MED03;15.80;15.020.0173-A;UN;E.M. Jovenil Bastos;O.S 161;;10
MED03;15.80;15.020.0173-A;UN;SEMEDE;O.S 166;;20
MED03;15.80;15.020.0173-A;UN;E. M. Jerônymo Mendes da Costa;O.S 240;;10
MED03;15.80;15.020.0173-A;UN;E. M. Ary Gomes de Marins;O.S 289;;10
MED03;15.80;15.020.0173-A;UN;E. M. Jovenil Bastos da Silva;O.S 304;;2
MED03;15.80;15.020.0173-A;UN;E. M. Dom Bosco;O.S 322;;1
MED03;15.80;15.020.0173-A;UN;E.M. João Bento;O.S 368;;1
MED03;15.80;15.020.0173-A;UN;E.M. Ary Gomes;O.S 406;;1
MED03;15.80;15.020.0173-A;UN;E.M NADIR DA SILVA;O.S 53;;10
MED03;15.80;15.020.0173-A;UN;SOLANGE VIANA;O.S 53;;2
MED03;15.80;15.020.0173-A;UN;Creche Valdira;O.S 417;;1
MED03;15.80;15.020.0173-A;UN;E.M. Monica de Andrade;O.S 417;;10
MED03;15.81;15.028.0005-A;UN;;;;0
MED03;15.82;15.028.0010-A;UN;E.M. Monica de Andrade;;;6
MED03;15.83;15.029.0010-A;UN;;;;0
MED03;15.84;15.029.0011-A;UN;;;;0
MED03;15.85;15.029.0012-A;UN;;;;0
MED03;15.86;15.029.0019-A;UN;;;;0
MED03;15.87;15.029.0020-A;UN;;;;0
MED03;15.88;15.029.0021-A;UN;;;;0
MED03;15.89;15.029.0049-A;UN;;;;0
MED03;15.90;15.029.0080-A;UN;;;;0
MED03;15.91;15.030.0030-A;UN;;;;0
MED03;15.92;15.030.0032-A;UN;;;;0
MED03;15.93;15.030.0034-A;UN;;;;0
MED03;15.94;15.030.0038-A;UN;;;;0
MED03;15.95;15.030.0040-A;UN;;;;0
MED03;15.96;15.036.0010-A;M;;;;0
MED03;15.97;15.036.0011-A;M;;;;0
MED03;15.98;15.036.0027-A;M;;;;0
MED03;15.99;15.036.0028-A;M;;;;0
MED03;15100;15.036.0045-A;M;E.M. Maria Teixeira;O.S 233;;3
MED03;15101;15.036.0046-A;M;;;;0
MED03;15102;15.036.0047-A;M;;;;0
MED03;15103;15.036.0048-A;M;;;;0
MED03;15104;15.036.0053-A;M;;;;0
MED03;16.1;16.001.0050-A;M2;;;;0
MED03;16.2;16.001.0060-A;M2;;;;0
MED03;16.3;16.001.0067-A;UN;;;;0
MED03;16.4;16.001.0085-A;M2;;;;0
MED03;16.5;16.001.0086-A;M2;;;;0
MED03;16.6;16.002.0005-A;M2;;;;0
MED03;16.7;16.002.0010-A;M2;;;;0
MED03;16.8;16.002.0015-A;M;E.M. Ary Gomes;O.S 279;;2
MED03;16.9;16.002.0025-A;M;;;;0
MED03;16.10;16.004.0015-A;M2;E.M. Nilton Baltazar;O.S 192;2.44 x 1.1;2.68
MED03;16.11;16.005.0006-A;M2;;;;0
MED03;16.12;16.005.0008-A;M;;;;0
MED03;16.13;16.005.0018-A;M;;;;0
MED03;16.14;16.005.0027-A;M;;;;0
MED03;16.15;16.005.0075-A;M2;;;;0
MED03;16.16;16.020.0001-A;M2;E. M. João Batista Gomes da Cruz;O.S 129;10 x 1;10
MED03;16.16;16.020.0001-A;M2;E.M. Maria Teixeira;O.S 165;25.6 x 1;25.6
MED03;16.16;16.020.0001-A;M2;E.M. Nilton Baltazar;O.S 192;2.44 x 1.1;2.68
MED03;16.16;16.020.0001-A;M2;E.M. José Luiz de Lemos;O.S. 280;10 x 1;10
MED03;16.18;16.027.0001-A;M2;;;;0
MED03;16.19;16.034.0003-A;M2;;;;0
MED03;17.1;17.017.0010-A;M2;E. M. João Bento Duarte Neto;O.S 45;3.65 x 3;10.95
MED03;17.1;17.017.0010-A;M2;E. M. João Bento Duarte Neto;O.S 45;2.65 x 3;7.95
MED03;17.1;17.017.0010-A;M2;E.M. Maria Teixeira;O.S 233;7 x 2.4;16.8
MED03;17.1;17.017.0010-A;M2;E.M. Senhorinha de Oliveira;O.S 362;11 x 2.5;27.5
MED03;17.1;17.017.0010-A;M2;E.M. Senhorinha de Oliveira;O.S 362;6 x 3;18
MED03;17.2;17.017.0100-A;M2;;;;0
MED03;17.3;17.017.0110-A;M2;E.M. MARIA TEIXEIRA;;0.8 x 2.1 x 11 x 2;36.96
MED03;17.4;17.017.0320-A;M2;E.M. AMÉRICA ABDALLA;;138.83 x 2 x 1;277.66
MED03;17.4;17.017.0320-A;M2;E.M. AMÉRICA ABDALLA;;35.2 x 1.15 x 1;40.48
MED03;17.4;17.017.0320-A;M2;E.M. AMÉRICA ABDALLA;;35.2 x 1.15 x 1;40.48
MED03;17.4;17.017.0320-A;M2;E.M. AMÉRICA ABDALLA;;58.06 x 1.15 x 1;66.77
MED03;17.4;17.017.0320-A;M2;E.M. AMÉRICA ABDALLA;;58.06 x 1.15 x 1;66.77
MED03;17.4;17.017.0320-A;M2;E.M. AMÉRICA ABDALLA;;58.06 x 1.15 x 1;66.77
MED03;17.5;17.018.0031-A;M2;E.M. Elson Pinheiro;O.S 68;;600
MED03;17.5;17.018.0031-A;M2;NUGEPE;O.S 329;;200
MED03;17.5;17.018.0031-A;M2;E.M JOSE DE OLIVEIRA;O.S 83;2.8 x 1;2.8
MED03;17.5;17.018.0031-A;M2;E. M. João Bento Duarte Neto;O.S 45;3.65 x 3;10.95
MED03;17.5;17.018.0031-A;M2;E. M. João Bento Duarte Neto;O.S 45;2.65 x 3;7.95
MED03;17.5;17.018.0031-A;M2;E.M. Maria Teixeira;O.S 233;7 x 2.4;16.8
MED03;17.5;17.018.0031-A;M2;E.M. Senhorinha de Oliveira;O.S 362;11 x 2.5;27.5
MED03;17.5;17.018.0031-A;M2;E.M. Senhorinha de Oliveira;O.S 362;6 x 3;18
MED03;17.5;17.018.0031-A;M2;E.M. PADRE JOSÉ DOREA;O.S 362;17.69 x 1.89 x 1;33.4341
MED03;17.5;17.018.0031-A;M2;E.M. PADRE JOSÉ DOREA;O.S 362;28.24 x 3 x 1;84.72
MED03;17.5;17.018.0031-A;M2;E.M. PADRE JOSÉ DOREA;O.S 362;28.24 x 3 x 1;84.72
MED03;17.5;17.018.0031-A;M2;E.M. PADRE JOSÉ DOREA;O.S 362;28.24 x 3 x 1;84.72
MED03;17.5;17.018.0031-A;M2;E.M. PADRE JOSÉ DOREA;O.S 362;28.24 x 3 x 1;84.72
MED03;17.5;17.018.0031-A;M2;E.M. PADRE JOSÉ DOREA;O.S 362;26.66 x 3 x 1;79.98
MED03;17.5;17.018.0031-A;M2;E.M. PADRE JOSÉ DOREA;O.S 362;26.66 x 3 x 1;79.98
MED03;17.5;17.018.0031-A;M2;E.M. PADRE JOSÉ DOREA;O.S 362;28.24 x 3 x 1;84.72
MED03;17.5;17.018.0031-A;M2;E.M. PADRE JOSÉ DOREA;O.S 362;28.24 x 3 x 1;84.72
MED03;17.5;17.018.0031-A;M2;E.M. PADRE JOSÉ DOREA;O.S 362;28.24 x 3 x 1;84.72
MED03;17.5;17.018.0031-A;M2;E.M. PADRE JOSÉ DOREA;O.S 362;28.24 x 3 x 1;84.72
MED03;17.5;17.018.0031-A;M2;E.M. PADRE JOSÉ DOREA;;7.06 x 1.13 x 1;7.9778
MED03;17.5;17.018.0031-A;M2;E.M. PADRE JOSÉ DOREA;;7.06 x 1.13 x 1;7.9778
MED03;17.5;17.018.0031-A;M2;E.M. PADRE JOSÉ DOREA;;7.06 x 1.13 x 1;7.9778
MED03;17.5;17.018.0031-A;M2;E.M. PADRE JOSÉ DOREA;;7.06 x 1.13 x 1;7.9778
MED03;17.5;17.018.0031-A;M2;E.M. PADRE JOSÉ DOREA;;7.04 x 1.13 x 1;7.9552
MED03;17.5;17.018.0031-A;M2;E.M. PADRE JOSÉ DOREA;;7.04 x 1.13 x 1;7.9552
MED03;17.5;17.018.0031-A;M2;E.M. PADRE JOSÉ DOREA;;7.06 x 1.13 x 1;7.9778
MED03;17.5;17.018.0031-A;M2;E.M. PADRE JOSÉ DOREA;;7.06 x 1.13 x 1;7.9778
MED03;17.5;17.018.0031-A;M2;E.M. PADRE JOSÉ DOREA;;7.06 x 1.13 x 1;7.9778
MED03;17.5;17.018.0031-A;M2;E.M. PADRE JOSÉ DOREA;;7.06 x 1.13 x 1;7.9778
MED03;17.5;17.018.0031-A;M2;E.M. PADRE JOSÉ DOREA;;10.78 x 7.05 x 1;75.999
MED03;17.5;17.018.0031-A;M2;E.M. PADRE JOSÉ DOREA;;7.15 x 7.08 x 1;50.622
MED03;17.5;17.018.0031-A;M2;E.M. PADRE JOSÉ DOREA;;7.15 x 7.08 x 1;50.622
MED03;17.5;17.018.0031-A;M2;E.M. PADRE JOSÉ DOREA;;9.73 x 7.1 x 1;69.083
MED03;17.5;17.018.0031-A;M2;E.M. PADRE JOSÉ DOREA;;9.73 x 7.1 x 1;69.083
MED03;17.5;17.018.0031-A;M2;E.M. PADRE JOSÉ DOREA;;7.22 x 7.1 x 1;51.262
MED03;17.5;17.018.0031-A;M2;E.M. PADRE JOSÉ DOREA;;7.22 x 7.1 x 1;51.262
MED03;17.5;17.018.0031-A;M2;E.M. PADRE JOSÉ DOREA;;7.22 x 7.1 x 1;51.262
MED03;17.5;17.018.0031-A;M2;E.M. PADRE JOSÉ DOREA;;7.22 x 7.1 x 1;51.262
MED03;17.5;17.018.0031-A;M2;E.M. PADRE JOSÉ DOREA;;7.22 x 7.15 x 1;51.623
MED03;17.5;17.018.0031-A;M2;E.M. PADRE JOSÉ DOREA;;7.22 x 7.15 x 1;51.623
MED03;17.5;17.018.0031-A;M2;E.M. PADRE JOSÉ DOREA;;10.8 x 7.12 x 1;76.896
MED03;17.5;17.018.0031-A;M2;E.M. PADRE JOSÉ DOREA;;7.13 x 3.43 x 1;24.4559
MED03;17.5;17.018.0031-A;M2;E.M. PADRE JOSÉ DOREA;;7.13 x 3.43 x 1;24.4559
MED03;17.5;17.018.0031-A;M2;E.M. HENRIQUE SARZEDAS;;15.32 x 2.93 x 1;44.8876
MED03;17.5;17.018.0031-A;M2;E.M. HENRIQUE SARZEDAS;;15.9 x 2.84 x 1;45.156
MED03;17.5;17.018.0031-A;M2;E.M. HENRIQUE SARZEDAS;;3.4 x 1.36 x 1;4.624
MED03;17.5;17.018.0031-A;M2;E.M. HENRIQUE SARZEDAS;;78.73 x 3.04 x 1;239.3392
MED03;17.5;17.018.0031-A;M2;E.M. HENRIQUE SARZEDAS;;21.29 x 2.93 x 1;62.3797
MED03;17.5;17.018.0031-A;M2;E.M. HENRIQUE SARZEDAS;;21.29 x 2.93 x 1;62.3797
MED03;17.5;17.018.0031-A;M2;E.M. HENRIQUE SARZEDAS;;21.29 x 2.93 x 1;62.3797
MED03;17.5;17.018.0031-A;M2;E.M. HENRIQUE SARZEDAS;;21.29 x 2.93 x 1;62.3797
MED03;17.5;17.018.0031-A;M2;E.M. HENRIQUE SARZEDAS;;1;0
MED03;17.5;17.018.0031-A;M2;E.M. HENRIQUE SARZEDAS;;3.36 x 3.46 x 1;11.6256
MED03;17.5;17.018.0031-A;M2;E.M. HENRIQUE SARZEDAS;;83.34 x 3.3 x 1;275.022
MED03;17.5;17.018.0031-A;M2;E.M. HENRIQUE SARZEDAS;;35.58 x 0.92 x 2;65.4672
MED03;17.5;17.018.0031-A;M2;E.M. HENRIQUE SARZEDAS;;7.33 x 1.84 x 1;13.4872
MED03;17.5;17.018.0031-A;M2;E.M. HENRIQUE SARZEDAS;;24 x 1 x 2;48
MED03;17.5;17.018.0031-A;M2;E.M. HENRIQUE SARZEDAS;;49.79 x 1.95 x 1;97.0905
MED03;17.5;17.018.0031-A;M2;E.M. HENRIQUE SARZEDAS;;49.79 x 1.67 x 2;166.2986
MED03;17.5;17.018.0031-A;M2;E.M. HENRIQUE SARZEDAS;;26.6 x 1.8 x 1;47.88
MED03;17.5;17.018.0031-A;M2;E.M. MARIA TEIXEIRA;;17.69 x 1.89 x 1;33.4341
MED03;17.5;17.018.0031-A;M2;E.M. MARIA TEIXEIRA;;28.24 x 3 x 1;84.72
MED03;17.5;17.018.0031-A;M2;E.M. MARIA TEIXEIRA;;28.24 x 3 x 1;84.72
MED03;17.5;17.018.0031-A;M2;E.M. MARIA TEIXEIRA;;28.24 x 3 x 1;84.72
MED03;17.5;17.018.0031-A;M2;E.M. MARIA TEIXEIRA;;28.24 x 3 x 1;84.72
MED03;17.5;17.018.0031-A;M2;E.M. MARIA TEIXEIRA;;26.66 x 3 x 1;79.98
MED03;17.5;17.018.0031-A;M2;E.M. MARIA TEIXEIRA;;26.66 x 3 x 1;79.98
MED03;17.5;17.018.0031-A;M2;E.M. MARIA TEIXEIRA;;28.24 x 3 x 1;84.72
MED03;17.5;17.018.0031-A;M2;E.M. MARIA TEIXEIRA;;28.24 x 3 x 1;84.72
MED03;17.5;17.018.0031-A;M2;E.M. MARIA TEIXEIRA;;28.24 x 3 x 1;84.72
MED03;17.5;17.018.0031-A;M2;E.M. MARIA TEIXEIRA;;28.24 x 3 x 1;84.72
MED03;17.5;17.018.0031-A;M2;E.M. MARIA TEIXEIRA;;7.06 x 1.13 x 1;7.9778
MED03;17.5;17.018.0031-A;M2;E.M. MARIA TEIXEIRA;;7.06 x 1.13 x 1;7.9778
MED03;17.5;17.018.0031-A;M2;E.M. MARIA TEIXEIRA;;7.06 x 1.13 x 1;7.9778
MED03;17.5;17.018.0031-A;M2;E.M. MARIA TEIXEIRA;;7.06 x 1.13 x 1;7.9778
MED03;17.5;17.018.0031-A;M2;E.M. MARIA TEIXEIRA;;7.04 x 1.13 x 1;7.9552
MED03;17.5;17.018.0031-A;M2;E.M. MARIA TEIXEIRA;;7.04 x 1.13 x 1;7.9552
MED03;17.5;17.018.0031-A;M2;E.M. MARIA TEIXEIRA;;7.06 x 1.13 x 1;7.9778
MED03;17.5;17.018.0031-A;M2;E.M. MARIA TEIXEIRA;;7.06 x 1.13 x 1;7.9778
MED03;17.5;17.018.0031-A;M2;E.M. MARIA TEIXEIRA;;7.06 x 1.13 x 1;7.9778
MED03;17.5;17.018.0031-A;M2;E.M. MARIA TEIXEIRA;;7.06 x 1.13 x 1;7.9778
MED03;17.5;17.018.0031-A;M2;E.M. MARIA TEIXEIRA;;10.65 x 7 x 1;74.55
MED03;17.5;17.018.0031-A;M2;E.M. MARIA TEIXEIRA;;7.15 x 7.08 x 1;50.622
MED03;17.5;17.018.0031-A;M2;E.M. MARIA TEIXEIRA;;7.15 x 7.08 x 1;50.622
MED03;17.5;17.018.0031-A;M2;E.M. MARIA TEIXEIRA;;9.73 x 7.1 x 1;69.083
MED03;17.5;17.018.0031-A;M2;E.M. MARIA TEIXEIRA;;9.73 x 7.1 x 1;69.083
MED03;17.5;17.018.0031-A;M2;E.M. MARIA TEIXEIRA;;7.22 x 7.1 x 1;51.262
MED03;17.5;17.018.0031-A;M2;E.M. MARIA TEIXEIRA;;7.22 x 7.1 x 1;51.262
MED03;17.5;17.018.0031-A;M2;E.M. MARIA TEIXEIRA;;7.22 x 7.1 x 1;51.262
MED03;17.5;17.018.0031-A;M2;E.M. MARIA TEIXEIRA;;7.22 x 7.1 x 1;51.262
MED03;17.5;17.018.0031-A;M2;E.M. MARIA TEIXEIRA;;7.22 x 7.15 x 1;51.623
MED03;17.5;17.018.0031-A;M2;E.M. MARIA TEIXEIRA;;7.22 x 7.15 x 1;51.623
MED03;17.6;17.018.0185-A;M2;;;;0
MED03;17.7;17.035.0020-A;M2;;;;0
MED03;17.8;17.035.0030-A;M2;E.M. MARIA TEIXEIRA;;0.8 x 2.1 x 11 x 2;36.96
MED03;17.9;17.040.0021-A;M2;E.M. HENRIQUE SARZEDAS;;78.73 x 0.07 x 1;5.5111
MED03;17.9;17.040.0021-A;M2;E.M. HENRIQUE SARZEDAS;;83.34 x 0.07 x 1;5.8338
MED03;17.9;17.040.0021-A;M2;E.M. HENRIQUE SARZEDAS;;49.79 x 0.07 x 1;3.4853
MED03;17.9;17.040.0021-A;M2;E.M. HENRIQUE SARZEDAS;;49.79 x 0.07 x 2;6.9706
MED03;17.9;17.040.0021-A;M2;E.M. HENRIQUE SARZEDAS;;26.6 x 0.07 x 1;1.862
MED03;17.10;17.040.0024-A;M2;;;;0
MED03;18.1;18.002.0010-A;UN;CIEP Mestre Marçal Municipalizado;O.S 188;;1
MED03;18.2;18.002.0030-A;UN;E. M. ROCHA LEÃO;O.S N° 05;;2
MED03;18.2;18.002.0030-A;UN;E. M. ROCHA LEÃO;O.S N° 05;;3
MED03;18.3;18.002.0055-A;UN;;;;0
MED03;18.4;18.002.0065-A;UN;;;;0
MED03;18.5;18.002.0080-A;UN;CIEP Mestre Marçal Municipalizado;O.S 188;;1
MED03;18.6;18.003.0003-A;UN;E. M. Francisco de Assis Medeiros Rangel;O.S 80;;1
MED03;18.7;18.003.0015-A;UN;;;;0
MED03;18.8;18.005.0010-A;UN;;;;0
MED03;18.9;18.005.0012-A;UN;;;;0
MED03;18.10;18.005.0013-A;UN;;;;0
MED03;18.11;18.005.0018-A;UN;E.M. Sebastião Loubach;O.S 36;;4
MED03;18.11;18.005.0018-A;UN;E. M. Francisco de Assis Medeiros Rangel;O.S 80;;4
MED03;18.11;18.005.0018-A;UN;CIEP Mestre Marçal Municipalizado;O.S 98;;2
MED03;18.11;18.005.0018-A;UN;E. M. Fany Batista Esteves;O.S 122;;1
MED03;18.11;18.005.0018-A;UN;SEMEDE;O.S N° 187;;20
MED03;18.11;18.005.0018-A;UN;CIEP Mestre Marçal Municipalizado;O.S 188;;6
MED03;18.11;18.005.0018-A;UN;E. M. Senhorinha de Oliveira Gomes;O.S 193;;8
MED03;18.11;18.005.0018-A;UN;E.M. Nilton Baltazar;O.S 247;;2
MED03;18.11;18.005.0018-A;UN;E. M. Dom Bosco;O.S 322;;2
MED03;18.11;18.005.0018-A;UN;E. M. Vereador Pedro Moreira dos Santos;O.S 28;;12
MED03;18.11;18.005.0018-A;UN;E.M. João Batista;228;;2
MED03;18.11;18.005.0018-A;UN;E.M. Ary Gomes;277;;2
MED03;18.12;18.006.0025-A;UN;E.M. Ary Gomes;OS 277;;1
MED03;18.13;18.006.0050-A;UN;;;;0
MED03;18.14;18.007.0042-A;UN;;;;0
MED03;18.16;18.007.0080-A;UN;CIEP Mestre Marçal Municipalizado;O.S 188;;3
MED03;18.16;18.007.0080-A;UN;E. M. FRANCISCO DE ASSIS;O.S N° 80;;2
MED03;18.17;18.008.0005-A;UN;E.M. Sebastião Loubach;O.S 36;;1
MED03;18.18;18.008.0007-A;UN;E.M. Sebastião Loubach;O.S 340;;1
MED03;18.19;18.009.0058-A;UN;E. M. Profº Marinete Coelho Souza;O.S 131;;2
MED03;18.19;18.009.0058-A;UN;E.M. João Batista;O.S 458;;4
MED03;18.19;18.009.0058-A;UN;E. M. Profº Marinete Coelho Souza;O.S 162;;2
MED03;18.19;18.009.0058-A;UN;E.M. Sebastião Loubach;340;;2
MED03;18.19;18.009.0058-A;UN;E.M. Simar Machado;423;;2
MED03;18.19;18.009.0058-A;UN;E.M. Jeronimo Mendes;75;;2
MED03;18.19;18.009.0058-A;UN;E.M. Inaya Moraes;243;;5
MED03;18.19;18.009.0058-A;UN;E.M. Marinete Coelho;131;;1
MED03;18.19;18.009.0058-A;UN;E.M IMERO;O.S 416;;6
MED03;18.19;18.009.0058-A;UN;E.M. Senhorinha de Oliveira;92;;2
MED03;18.20;18.009.0074-A;UN;E.M. Sebastião Loubach;O.S 36;;2
MED03;18.20;18.009.0074-A;UN;SEMEDE;O.S 86;;1
MED03;18.20;18.009.0074-A;UN;E.M. Dom Bosco;O.S 460;;1
MED03;18.20;18.009.0074-A;UN;Creche Dona Cota;O.S 321;;1
MED03;18.21;18.009.0076-A;UN;E. M. Vereador Pedro Moreira dos Santos;O.S 28;;2
MED03;18.21;18.009.0076-A;UN;E.M. Sebastião Loubach;O.S 36;;2
MED03;18.21;18.009.0076-A;UN;E. M. Francisco de Assis Medeiros Rangel;O.S 80;;1
MED03;18.21;18.009.0076-A;UN;CIEP Mestre Marçal Municipalizado;O.S 98;;1
MED03;18.21;18.009.0076-A;UN;NUGEPE;O.S N° 118;;1
MED03;18.21;18.009.0076-A;UN;E. M. Fany Batista Esteves;O.S 122;;1
MED03;18.21;18.009.0076-A;UN;SEMEDE;O.S N° 170;;1
MED03;18.21;18.009.0076-A;UN;CIEP Mestre Marçal Municipalizado;O.S 188;;1
MED03;18.21;18.009.0076-A;UN;E. M. Jerônymo Mendes da Costa;O.S 241;;4
MED03;18.21;18.009.0076-A;UN;E.M. Nilton Baltazar;O.S 247;;3
MED03;18.21;18.009.0076-A;UN;E. M. Sebastião Loubach;O.S 340;;1
MED03;18.21;18.009.0076-A;UN;E.M. Cláudio Ribeiro;O.S 438;;1
MED03;18.21;18.009.0076-A;UN;E. M. João Batista Gomes da Cruz;O.S 458;;1
MED03;18.21;18.009.0076-A;UN;E.M. Dom Bosco;322;;2
MED03;18.21;18.009.0076-A;UN;E.M. Ary Gomes;277;;1
MED03;18.22;18.011.0003-A;UN;E.M. Juvenil Bastos;O.S 303;;1
MED03;18.23;18.012.0090-A;UN;E.M. Rio das Ostras;O.S 425;;1
MED03;18.24;18.013.0106-A;UN;;;;0
MED03;18.25;18.013.0109-A;UN;Creche M. Márcia Lustosa Machado;O.S 103;;1
MED03;18.25;18.013.0109-A;UN;E.M. Dom Bosco;322;;2
MED03;18.25;18.013.0109-A;UN;E.M. Pedro Moreira;O.S 28;;1
MED03;18.25;18.013.0109-A;UN;E. M. Inayá Moraes D'Couto;O.S 257;;1
MED03;18.26;18.013.0111-A;UN;;;;0
MED03;18.27;18.013.0127-A;UN;E. M. Francisco de Assis Medeiros Rangel;O.S 80;;1
MED03;18.27;18.013.0127-A;UN;CIEP Mestre Marçal Municipalizado;O.S 98;;1
MED03;18.27;18.013.0127-A;UN;CIEP Mestre Marçal Municipalizado;O.S 188;;1
MED03;18.27;18.013.0127-A;UN;E. M. Jerônymo Mendes da Costa;O.S 241;;3
MED03;18.27;18.013.0127-A;UN;E.M. Nilton Baltazar;O.S 247;;3
MED03;18.27;18.013.0127-A;UN;E. M. Inayá Moraes D'Couto;O.S 257;;1
MED03;18.27;18.013.0127-A;UN;E. M. Ary Gomes de Marins;O.S 277;;3
MED03;18.27;18.013.0127-A;UN;E. M. Dom Bosco;O.S 322;;1
MED03;18.27;18.013.0127-A;UN;IMERO;O.S 398;;2
MED03;18.27;18.013.0127-A;UN;E.M. Maria Teixeira;O.S 410;;4
MED03;18.27;18.013.0127-A;UN;E.M. Elson Pinheiro;413;;2
MED03;18.27;18.013.0127-A;UN;E. M. Vereador Pedro Moreira dos Santos;O.S 28;;2
MED03;18.27;18.013.0127-A;UN;E.M. Simar Machado;491;;3
MED03;18.27;18.013.0127-A;UN;E.M. Paulo Pinheiro;516;;2
MED03;18.27;18.013.0127-A;UN;Creche Marcia Lustosa;103;;1
MED03;18.27;18.013.0127-A;UN;E.M. Senhorinha de Oliveira;193;;4
MED03;18.28;18.013.0133-A;UN;E.M. Sebastião Loubach;O.S 36;;1
MED03;18.28;18.013.0133-A;UN;E. M. Francisco de Assis Medeiros Rangel;O.S 80;;1
MED03;18.28;18.013.0133-A;UN;CIEP Mestre Marçal Municipalizado;O.S 98;;1
MED03;18.28;18.013.0133-A;UN;CIEP Mestre Marçal Municipalizado;O.S 188;;1
MED03;18.28;18.013.0133-A;UN;E.M. Nilton Baltazar;O.S 247;;1
MED03;18.28;18.013.0133-A;UN;E. M. Ary Gomes de Marins;O.S 277;;4
MED03;18.28;18.013.0133-A;UN;E. M. Dom Bosco;O.S 322;;1
MED03;18.28;18.013.0133-A;UN;E.M. Maria Teixeira;O.S 410;;1
MED03;18.28;18.013.0133-A;UN;E.M. João Batista;431;;3
MED03;18.28;18.013.0133-A;UN;E.M. Jeronimo Mendes;241;;2
MED03;18.28;18.013.0133-A;UN;E.M. Pedro Moreira;28;;2
MED03;18.28;18.013.0133-A;UN;E.M. NUGEPE;110;;1
MED03;18.29;18.013.0156-A;UN;Creche M. Márcia Lustosa Machado;O.S 103;;1
MED03;18.30;18.016.0040-A;UN;E. M. Senhorinha de Oliveira Gomes;;;3
MED03;18.30;18.016.0040-A;UN;E. M. Ary Gomes de Marins;;;4
MED03;18.30;18.016.0040-A;UN;E.M. Rosângela Duarte;O.S 358;;1
MED03;18.31;18.016.0045-A;M;;;;0
MED03;18.32;18.016.0050-A;M;;;;0
MED03;18.33;18.016.0106-A;UN;;;;0
MED03;18.34;18.017.0020-A;UN;E.M. Sebastião Loubach;O.S 36;;1
MED03;18.34;18.017.0020-A;UN;E. M. Jerônymo Mendes da Costa;O.S 75;;1
MED03;18.34;18.017.0020-A;UN;E. M. Senhorinha de Oliveira Gomes;O.S. 92;;1
MED03;18.34;18.017.0020-A;UN;CIEP Mestre Marçal Municipalizado;O.S 120;;1
MED03;18.34;18.017.0020-A;UN;E. M. Maria Teixeira de Paula;O.S 231;;1
MED03;18.34;18.017.0020-A;UN;E. M. Inayá Moraes D'Couto;O.S. 243;;2
MED03;18.34;18.017.0020-A;UN;E. M. Senhorinha de Oliveira Gomes;O.S. 244;;1
MED03;18.34;18.017.0020-A;UN;E. M. Jovenil Bastos da Silva;O.S 303;;2
MED03;18.34;18.017.0020-A;UN;E. M. Jovenil Bastos da Silva;O.S 351;;3
MED03;18.34;18.017.0020-A;UN;E. M. Simar Machado Sodré;O.S 423;;1
MED03;18.34;18.017.0020-A;UN;E.M. Jerônymo Mendes;O.S 432;;1
MED03;18.34;18.017.0020-A;UN;E.M ONDINA;O.S 432;;5
MED03;18.34;18.017.0020-A;UN;E.M. Sebastião Loubach;O.S 340;;2
MED03;18.35;18.019.0010-A;UN;E.M. Sebastião Loubach;O.S 36;;2
MED03;18.35;18.019.0010-A;UN;E. M. Francisco de Assis Medeiros Rangel;O.S 80;;2
MED03;18.35;18.019.0010-A;UN;CIEP Mestre Marçal Municipalizado;O.S 98;;1
MED03;18.35;18.019.0010-A;UN;CIEP Mestre Marçal Municipalizado;O.S 188;;3
MED03;18.35;18.019.0010-A;UN;E.M. Nilton Baltazar;O.S 247;;4
MED03;18.35;18.019.0010-A;UN;E. M. Ary Gomes de Marins;O.S 277;;2
MED03;18.35;18.019.0010-A;UN;E. M. Dom Bosco;O.S 322;;2
MED03;18.35;18.019.0010-A;UN;IMERO;O.S 398;;2
MED03;18.35;18.019.0010-A;UN;E. M. João Batista Gomes da Cruz;O.S 431;;3
MED03;18.35;18.019.0010-A;UN;Creche Dona Cota;459;;1
MED03;18.35;18.019.0010-A;UN;E.M. Pedro Moreira;28;;4
MED03;18.36;18.021.0030-A;UN;;;;0
MED03;18.37;18.021.0035-A;UN;;;;0
MED03;18.38;18.021.0042-A;UN;;;;0
MED03;18.40;18.027.0045-A;UN;;;;0
MED03;18.41;18.027.0097-A;UN;Creche M. Márcia Lustosa Machado;O.S 147;;6
MED03;18.43;18.027.0303-A;UN;;;;0
MED03;18.44;18.027.0305-A;UN;E. M. Jovenil Bastos da Silva;O.S 161;;5
MED03;18.44;18.027.0305-A;UN;E.M MARIA TEIXEIRA;O.S 223;;20
MED03;18.44;18.027.0305-A;UN;E. M. Mônica de Andrade Ribeiro;O.S 207;;8
MED03;18.44;18.027.0305-A;UN;E. M. Francisco de Assis Medeiros Rangel;O.S 208;;12
MED03;18.44;18.027.0305-A;UN;E. M. Jerônymo Mendes da Costa;O.S 240;;9
MED03;18.46;18.027.0445-A;UN;;;;0
MED03;18.48;18.029.0012-A;UN;E. M. Nilton Balthazar;O.S 1;;1
MED03;18.48;18.029.0012-A;UN;E. M. Profº Marinete Coelho Souza;O.S 4;;1
MED03;18.48;18.029.0012-A;UN;E. M. José Luiz de Lemos;O.S 199;;1
MED03;18.48;18.029.0012-A;UN;E. M. Profº América Abdalla;O.S 221;;1
MED03;18.48;18.029.0012-A;UN;E. M. João Bento Duarte Neto;O.S 222;;1
MED03;18.48;18.029.0012-A;UN;E.M. Solange Viana;O.S 246;;1
MED03;18.48;18.029.0012-A;UN;E. M. Nilton Balthazar;O.S 370;;1
MED03;18.48;18.029.0012-A;UN;Inaya Moraes;O.S 405;;1
MED03;18.48;18.029.0012-A;UN;E.M. Elson Pinheiro;O.S 413;;1
MED03;18.48;18.029.0012-A;UN;E.M JERONIMO MENDES;O.S 432;;1
MED03;18.48;18.029.0012-A;UN;E.M. Maria Teixeira;O.S 440;;1
MED03;18.49;18.082.0020-A;M;;;;0
MED03;18.51;18.200.0001-A;PAR;;;;0
MED03;18.52;18.200.0002-A;PAR;;;;0
MED03;18.53;18.200.0004-A;PAR;;;;0
MED03;18.54;18.200.0005-A;PAR;;;;0
MED03;18.55;18.200.0015-A;PAR;;;;0
MED03;18.56;18.200.0020-A;UN;;;;0
MED04;A.2;20069;H;;;;88
MED04;A.4;20155;H;;;;240
MED04;A.5;20143;H;;;;176
MED04;A.7;20146;H;;;;176
MED04;A.9;20008;H;;;;240
MED04;A.12;19.004.0001-C;H;;;;416
MED04;A.15;19.004.0040-C;H;;;;832
MED04;A.16;19.004.0046-C;H;;;;624
MED04;1.1;20039;H;;;;720
MED04;1.2;20060;H;;;;1440
MED04;1.3;20115;H;;;;1440
MED04;1.4;20131;H;;;;240
MED04;1.5;20132;H;;;;4320
MED04;3.1;03.001.0001-B;M3;E.M Jovenil Bastos (O.S 111);O.S 111;6 x 0.5 x 0.1;0.3
MED04;3.1;03.001.0001-B;M3;E.M José de Oliveira Martins (O.S 318);O.S 318;5 x 5 x 0.3;7.5
MED04;3.2;03.010.0024-A;M3;E.M Jovenil Bastos (O.S 111);O.S 111;6 x 0.5 x 0.1;0.3
MED04;3.2;03.010.0024-A;M3;E.M José de Oliveira Martins (O.S 318);O.S 318;5 x 5 x 0.3;7.5
MED04;3.3;03.009.0080-A;M3;E.M Jovenil Bastos (O.S 111);O.S 111;6 x 0.5 x 0.1;0.3
MED04;3.3;03.009.0080-A;M3;E.M José de Oliveira Martins (O.S 318);O.S 318;5 x 5 x 0.3;7.5
MED04;3.4;03.011.0015-B;M3;E.M. Jerônymo Mendes da Costa (O.S 630);O.S 630;5.4 x 2.3 x 0.15;1.863
MED04;3.4;03.011.0015-B;M3;E.M Jovenil Bastos (O.S 111);O.S 111;6 x 0.5 x 0.1;0.3
MED04;3.4;03.011.0015-B;M3;E.M José de Oliveira Martins (O.S 318);O.S 318;5 x 5 x 0.3;7.5
MED04;4.2;04.005.0120-A;T X KM;Transporte de itens diverso, em caminhão de carroceria fixa e com capacidade de 8,0T  do deposito  da empresa até o local de aplicação, itens como ferramentas, argamassa, portas, janelas, latas de tinta e massa, tijolos, telhas, e outros.;;9 x 8 x 10 x 22;15840
MED04;4.3;04.006.0013-B;T;IMERO (O.S 253);O.S 253;60 x 0.1 x 3;18
MED04;4.4;04.006.0008-B;T;IMERO (O.S 253);O.S 253;2 x 1.5 x 3;9
MED04;4.4;04.006.0008-B;T;CEMAE (O.S 587);O.S 587;3 x 1.5 x 4;18
MED04;4.4;04.006.0008-B;T;E.M RIO DAS OSTRAS;;2.5 x 1 x 7;17.5
MED04;4.6;04.020.0122-A;M2XKM;E.M MARIA TEIXEIRA;;10 x 4;40
MED04;4.6;04.020.0122-A;M2XKM;E.M VER. PEDRO MOREIRA;;15 x 3;45
MED04;4.6;04.020.0122-A;M2XKM;CIEP MESTRE MARÇAL;;20 x 4;80
MED04;4.6;04.020.0122-A;M2XKM;E.M PADRE JOSÉ DILSON;;15 x 6;90
MED04;4.7;04.021.0010-A;M2;E.M MARIA TEIXEIRA;;10 x 1;10
MED04;4.7;04.021.0010-A;M2;E.M VER. PEDRO MOREIRA;;15 x 1;15
MED04;4.7;04.021.0010-A;M2;CIEP MESTRE MARÇAL;;20 x 1;20
MED04;4.7;04.021.0010-A;M2;E.M PADRE JOSÉ DILSON;;15 x 1;15
MED04;5.1;05.001.0001-A;M3;E.M. Ondina Pinto Marcondes (O.S 673);O.S 673;2 x 2.3 x 0.1;0.46
MED04;5.1;05.001.0001-A;M3;E.M. Senhorinha de Oliveira Gomes (O.S 439);O.S 439;1 x 0.2 x 0.15;0.03
MED04;5.1;05.001.0001-A;M3;E.M Jovenil Bastos (O.S 111);O.S 111;6 x 0.5 x 0.1;0.3
MED04;5.2;05.001.0002-B;M3;;;;0
MED04;5.3;05.001.0008-A;M2;Creche M. Valdira Flausino Rodrigues;;14.6 x 0.8 x 1;11.68
MED04;5.4;05.001.0009-A;M2;;;;0
MED04;5.5;05.001.0011-A;M2;;;;0
MED04;5.6;05.001.0014-A;M2;;;;0
MED04;5.7;05.001.0015-A;M2;;;;0
MED04;5.8;05.001.0021-A;M2;;;;0
MED04;5.9;05.001.0023-A;M3;;;1;0
MED04;5.10;05.001.0024-A;M3;;;0.2 x 2.9;0
MED04;5.12;05.001.0040-A;M2;;;;0
MED04;5.13;05.001.0041-A;M2;CIEP MESTRE MARÇAL;;60 x 15 x 0.2;180
MED04;5.14;05.001.0043-A;M2;IMERO (O.S 253);O.S 253;30 x 10 x 0.2;60
MED04;5.14;05.001.0043-A;M2;CEMAE (O.S 587);O.S 587;15 x 10 x 0.5;75
MED04;5.14;05.001.0043-A;M2;CEMAE (O.S 587);O.S 587;4.5 x 10 x 0.2;9
MED04;5.14;05.001.0043-A;M2;E.M RIO DAS OSTRAS;SEM OS;15 x 10 x 0.2;30
MED04;5.14;05.001.0043-A;M2;E.M JERÔNIMO MENDES (O.S 41 /25);O.S 41 /25;4 x 2 x 1;8
MED04;5.16;05.001.0055-A;M2;;;;0
MED04;5.17;05.001.0063-A;M2;CIEP Mestre Marçal Municipalizado (O.S 254);O.S 254;15 x 4 x 0.5;30
MED04;5.17;05.001.0063-A;M2;E.M. Jovenil Bastos da Silva (O.S 353);O.S 353;12 x 8 x 0.5;48
MED04;5.17;05.001.0063-A;M2;E.M. Elson Pinheiro (O.S 414);O.S 414;5 x 7 x 0.5;17.5
MED04;5.17;05.001.0063-A;M2;E.M. Rio das Ostras (O.S 461);O.S 461;20 x 7.9 x 0.5;79
MED04;5.17;05.001.0063-A;M2;E.M. Fany Batista Esteves (O.S 474);O.S 474;10 x 6.8 x 0.5;34
MED04;5.17;05.001.0063-A;M2;E.M. Professora Neli Aparecida Tâmara Luiz (O.S 503);O.S 503;10 x 6 x 0.5;30
MED04;5.17;05.001.0063-A;M2;Creche M. Dona Senhorinha (O.S 527);O.S 527;10 x 15 x 1;150
MED04;5.17;05.001.0063-A;M2;E.M. Elson Pinheiro (O.S 738);O.S 738;14 x 5 x 0.5;35
MED04;5.17;05.001.0063-A;M2;E.M Senhorinha de Oliveira Gomes;;10 x 12 x 0.5;60
MED04;5.17;05.001.0063-A;M2;E.M Sebastião Loubach;EMERGENCIAL;12 x 5 x 0.5;30
MED04;5.17;05.001.0063-A;M2;Creche M. Dona Lina  (O.S 267);O.S 267;30 x 15 x 0.5;225
MED04;5.17;05.001.0063-A;M2;Creche M. Dona Lina  (O.S 267);O.S 267;30 x 15 x 0.5;225
MED04;5.17;05.001.0063-A;M2;E.M Célio Sarzedas (O.S 669);O.S 669;18 x 10 x 0.5;90
MED04;5.17;05.001.0063-A;M2;CEMAE (O.S 587);O.S 587;15 x 10 x 0.3;45
MED04;5.17;05.001.0063-A;M2;CEMAE (O.S 587);O.S 587;4.5 x 10 x 0.15;6.75
MED04;5.17;05.001.0063-A;M2;CEMAE (O.S 587);O.S 587;7.5 x 6 x 0.8;36
MED04;5.18;05.001.0071-A;M;;;;0
MED04;5.19;05.001.0074-A;M2;;;;0
MED04;5.20;05.001.0134-A;UN;E.M. Profº Rosângela Duarte Faria (O.S 422);O.S 422;1;1
MED04;5.20;05.001.0134-A;UN;E.M. Profº Rosângela Duarte Faria;;2;2
MED04;5.20;05.001.0134-A;UN;GABINETE;;3;3
MED04;5.20;05.001.0134-A;UN;CIEP MESTRE MARÇAL;;1;1
MED04;5.20;05.001.0134-A;UN;E.M TIA LOLA;;3;3
MED04;5.20;05.001.0134-A;UN;E.M. Fazenda da Praia (O.S 343);O.S 343;1;1
MED04;5.20;05.001.0134-A;UN;E.M ENEDINA;EMERGENCIAL;1;1
MED04;5.20;05.001.0134-A;UN;CRECHE TIA DIDI;EMERGENCIAL;2;2
MED04;5.20;05.001.0134-A;UN;E.M SEBASTIÃO LOUBACH;;1;1
MED04;5.20;05.001.0134-A;UN;E.M JOÃO BATISTA (O.S 33/25);O.S 33/25;1;1
MED04;5.20;05.001.0134-A;UN;E.M. Maria da Penha de Oliveira (O.S 495);O.S 495;11;11
MED04;5.20;05.001.0134-A;UN;E.M ROCHA LEÃO;;1;1
MED04;5.20;05.001.0134-A;UN;Creche Maria Rosa;;1;1
MED04;5.20;05.001.0134-A;UN;CIEP MESTRE MARÇAL;;1;1
MED04;5.20;05.001.0134-A;UN;E.M TIA LOLA;;1;1
MED04;5.20;05.001.0134-A;UN;E.M NILTON BALTAZAR;;6;6
MED04;5.20;05.001.0134-A;UN;E.M PEDRO MORERIRA;;6;6
MED04;5.20;05.001.0134-A;UN;E.M SEBASTIÃO LOUBACH;;16;16
MED04;5.23;05.001.0144-A;UN;E.M. Mônica de Andrade Ribeiro (O.S 300);O.S 300;5;5
MED04;5.23;05.001.0144-A;UN;E.M. Fany Batista Esteves (O.S 311);O.S 311;20;20
MED04;5.23;05.001.0144-A;UN;E.M. Maria Teixeira de Paula (O.S 481);O.S 481;5;5
MED04;5.23;05.001.0144-A;UN;CEMAEE (O.S 508);O.S 508;8;8
MED04;5.23;05.001.0144-A;UN;E.M. Maria da Penha de Oliveira (O.S 529);O.S 529;10;10
MED04;5.23;05.001.0144-A;UN;E.M. Francisco de Assis Medeiros Rangel (O.S 564);O.S 564;2;2
MED04;5.23;05.001.0144-A;UN;E.M. Prefeito Célio Sarzedas (O.S 575);O.S 575;15;15
MED04;5.23;05.001.0144-A;UN;CEMAEE (O.S 589);O.S 589;10;10
MED04;5.23;05.001.0144-A;UN;E.M. José Luiz de Lemos (O.S 623);O.S 623;2;2
MED04;5.23;05.001.0144-A;UN;Creche M. Valdira Flausino Rodrigues (O.S 648);O.S 648;2;2
MED04;5.23;05.001.0144-A;UN;E.M. José Luiz de Lemos (O.S 676);O.S 676;5;5
MED04;5.23;05.001.0144-A;UN;E.M. Prof° Neli Aparecida Tâmara Luiz (O.S 774);O.S 774;10;10
MED04;5.23;05.001.0144-A;UN;E.M. Elson Pinheiro (O.S 838);O.S 838;10;10
MED04;5.23;05.001.0144-A;UN;E.M. Jovenil Bastos da Silva (O.S 702);O.S 702;6;6
MED04;5.23;05.001.0144-A;UN;E.M. Jovenil Bastos da Silva (O.S 136);O.S 136;3;3
MED04;5.23;05.001.0144-A;UN;E.M. Fany Batista Esteves (O.S 183);O.S 183;5;5
MED04;5.23;05.001.0144-A;UN;E.M. Prefeito Célio Sarzedas (O.S 185);O.S 185;4;4
MED04;5.23;05.001.0144-A;UN;E.M. João Batista Gomes da Cruz (O.S 218);O.S 218;3;3
MED04;5.23;05.001.0144-A;UN;E.M. Ernestina Jorge Pereira (O.S 235);O.S 235;5;5
MED04;5.23;05.001.0144-A;UN;E.M. Alzir David Pereira (O.S 381);O.S 381;3;3
MED04;5.23;05.001.0144-A;UN;E.M. Senhorinha de Oliveira Gomes (O.S 505);O.S 505;5;5
MED04;5.23;05.001.0144-A;UN;CIEP Mestre Marçal Municipalizado (O.S 560);O.S 560;5;5
MED04;5.23;05.001.0144-A;UN;E.M. Francisco de Assis Medeiros Rangel (O.S 564);O.S 564;2;2
MED04;5.23;05.001.0144-A;UN;CEMAEE (O.S 589);O.S 589;7;7
MED04;5.23;05.001.0144-A;UN;E.M. Fany Batista Esteves (O.S 685);O.S 685;2;2
MED04;5.23;05.001.0144-A;UN;E.M MONICA DE ANDRADE;EMERGENCIAL;3;3
MED04;5.23;05.001.0144-A;UN;E.M Sebastião Loubach (O.S 40);O.S 40;3;3
MED04;5.23;05.001.0144-A;UN;E.M. Jovenil Bastos da Silva (O.S 702);O.S 702;6;6
MED04;5.24;05.001.0145-A;UN;E.M. Profº América Abdalla (O.S 14);O.S 14;5;5
MED04;5.24;05.001.0145-A;UN;E.M. Ernestina Jorge Pereira (O.S 236);O.S 236;2;2
MED04;5.24;05.001.0145-A;UN;E.M. Fazenda da Praia (O.S 270);O.S 270;1;1
MED04;5.24;05.001.0145-A;UN;E.M. Fany Batista Esteves (O.S 312);O.S 312;5;5
MED04;5.24;05.001.0145-A;UN;Creche Dona Lina (O.S 360);O.S 360;2;2
MED04;5.24;05.001.0145-A;UN;CIEP Mestre Marçal Municipalizado (O.S 441);O.S 441;2;2
MED04;5.24;05.001.0145-A;UN;Creche Dona Cota (O.S 459);O.S 459;1;1
MED04;5.24;05.001.0145-A;UN;E.M. Jovenil Bastos da Silva (O.S 469);O.S 469;4;4
MED04;5.24;05.001.0145-A;UN;E.M. Vereador Pedro Moreira dos Santos (O.S 479);O.S 479;1;1
MED04;5.24;05.001.0145-A;UN;E.M. Alzir David Pereira (O.S 487);O.S 487;1;1
MED04;5.24;05.001.0145-A;UN;E.M. Prefeito Célio Sarzedas (O.S 528);O.S 528;4;4
MED04;5.24;05.001.0145-A;UN;E.M. Francisco de Assis Medeiros Rangel (O.S 562);O.S 562;1;1
MED04;5.24;05.001.0145-A;UN;Creche M. Dona Senhorinha (O.S 649);O.S 649;1;1
MED04;5.24;05.001.0145-A;UN;E.M. Alzir David Pereira (O.S 661);O.S 661;1;1
MED04;5.24;05.001.0145-A;UN;E.M. Profº Solange Viana (O.S 677);O.S 677;2;2
MED04;5.24;05.001.0145-A;UN;Creche M. Dona Senhorinha (O.S 720);O.S 720;1;1
MED04;5.24;05.001.0145-A;UN;E.M. Prefeito Paulo Pinheiro (O.S 745);O.S 745;1;1
MED04;5.24;05.001.0145-A;UN;E.M. Elson Pinheiro (O.S 841);O.S 841;1;1
MED04;5.24;05.001.0145-A;UN;E.M ERNESTINA JORGE;EMERGENCIAL;2;2
MED04;5.24;05.001.0145-A;UN;E.M ELSON PINHEIRO;EMERGENCIAL;2;2
MED04;5.24;05.001.0145-A;UN;E.M CÉLIO SARZEDAS;EMERGENCIAL;3;3
MED04;5.25;05.001.0146-A;M;;;;0
MED04;5.29;05.005.0012-B;M2;E.M MARIA TEIXEIRA;;10 x 0.5;5
MED04;5.29;05.005.0012-B;M2;E.M VER. PEDRO MOREIRA;;15 x 0.5;7.5
MED04;5.29;05.005.0012-B;M2;CIEP MESTRE MARÇAL;;20 x 0.5;10
MED04;5.29;05.005.0012-B;M2;E.M PADRE JOSÉ DILSON;;15 x 0.5;7.5
MED04;5.30;05.006.0001-B;M2XMES;E.M MARIA TEIXEIRA;;10 x 3.5 x 2.3;23
MED04;5.30;05.006.0001-B;M2XMES;E.M VER. PEDRO MOREIRA;;15 x 3.5 x 2.3;34.5
MED04;5.30;05.006.0001-B;M2XMES;CIEP MESTRE MARÇAL;;20 x 3.5 x 2.3;46
MED04;5.30;05.006.0001-B;M2XMES;E.M PADRE JOSÉ DILSON;;15;3.5
MED04;5.31;05.008.0001-A;M2;E.M MARIA TEIXEIRA;;10 x 3.5;35
MED04;5.31;05.008.0001-A;M2;E.M VER. PEDRO MOREIRA;;15 x 3.5;52.5
MED04;5.31;05.008.0001-A;M2;CIEP MESTRE MARÇAL;;20 x 3.5;70
MED04;5.31;05.008.0001-A;M2;E.M PADRE JOSÉ DILSON;;15 x 3.5;52.5
MED04;6.1;06.001.0242-A;M;;;;0
MED04;6.2;06.001.0243-A;M;;;;0
MED04;6.10;06.272.0002-A;M;E.M Jovenil Bastos (O.S 111);O.S 111;6;6
MED04;6.10;06.272.0002-A;M;E.M Nadir da Silva (O.S 286);O.S 286;30;30
MED04;6.11;06.272.0003-A;M;;;;0
MED04;6.14;06.272.0021-A;UN;E.M Jovenil Bastos (O.S 111);O.S 111;6;6
MED04;6.14;06.272.0021-A;UN;E.M Nadir da Silva (O.S 286);O.S 286;10;10
MED04;6.15;06.272.0022-A;UN;;;;0
MED04;6.16;06.272.0026-A;UN;;;;0
MED04;6.17;06.272.0027-A;UN;;;;0
MED04;6.18;06.272.0029-A;UN;E.M Jovenil Bastos (O.S 111);O.S 111;6;6
MED04;6.18;06.272.0029-A;UN;E.M Nadir da Silva (O.S 286);O.S 286;10;10
MED04;6.19;06.272.0030-A;UN;;;;0
MED04;6.20;06.272.0032-A;UN;E.M Jovenil Bastos (O.S 111);O.S 111;6;6
MED04;6.20;06.272.0032-A;UN;E.M Nadir da Silva (O.S 286);O.S 286;5;5
MED04;6.21;06.272.0035-A;UN;E.M Jovenil Bastos (O.S 111);O.S 111;6;6
MED04;6.22;06.272.0038-A;UN;;;;0
MED04;6.23;06.272.0039-A;UN;;;;0
MED04;8.5;08.020.0022-A;M2;E.M Jovenil Bastos (O.S 111);O.S 111;6 x 0.5;3
MED04;8.6;08.027.0037-A;M;;;;0
MED04;9.3;09.015.0040-A;M2;E.M Senhorinha de Oliveira;;20 x 4 x 0.3;24
MED04;9.4;09.015.0050-A;M2;;;;0
MED04;9.5;09.015.0200-A;M2;E.M Senhorinha de Oliveira;;20 x 4 x 0.3;24
MED04;11.1;11.003.0002-A;M3;E.M Jovenil Bastos (O.S 111);O.S 111;6 x 0.5 x 0.1;0.3
MED04;11.2;11.004.0022-B;M2;E.M. Ernestina Jorge Pereira (O.S 307);O.S 307;1.2 x 1.6 x 2 x 2;7.68
MED04;11.2;11.004.0022-B;M2;E.M. Jovenil Bastos da Silva (O.S 352);O.S 352;3 x 2.2 x 2 x 1;13.2
MED04;11.2;11.004.0022-B;M2;E.M. Jovenil Bastos da Silva (O.S 352);O.S 352;1.2 x 1 x 2 x 1;2.4
MED04;11.2;11.004.0022-B;M2;E.M. Jerônymo Mendes da Costa (O.S 630);O.S 630;5.4 x 2.3 x 2 x 1;24.84
MED04;11.2;11.004.0022-B;M2;E.M JOÃO BATISTA (O.S 33/25);O.S 33/25;2 x 1.2 x 2 x 1;4.8
MED04;11.3;11.013.0075-A;M3;E.M. Ernestina Jorge Pereira (O.S 307);O.S 307;1.2 x 1.6 x 0.15;0.29
MED04;11.3;11.013.0075-A;M3;E.M. Jovenil Bastos da Silva (O.S 352);O.S 352;3 x 2.2 x 0.15;0.99
MED04;11.3;11.013.0075-A;M3;E.M. Jovenil Bastos da Silva (O.S 352);O.S 352;1.2 x 1 x 0.15;0.18
MED04;11.3;11.013.0075-A;M3;E.M. Jerônymo Mendes da Costa (O.S 630);O.S 630;5.4 x 2.3 x 0.15;1.86
MED04;11.3;11.013.0075-A;M3;E.M. Senhorinha de Oliveira Gomes (O.S 439);O.S 439;1 x 0.2 x 0.15;0.03
MED04;11.3;11.013.0075-A;M3;E.M JOÃO BATISTA (O.S 33/25);O.S 33/25;2 x 1.2 x 0.15;0.36
MED04;11.6;11.023.0002-A;KG;;;;0
MED04;11.7;11.025.0006-A;M3;;;0.15;0
MED04;11.8;11.025.0012-A;M3;;;0.15;0
MED04;11.9;11.030.0080-A;M2;;;;0
MED04;11.10;11.050.0001-B;M3XMES;;;2.9 x 1;0
MED04;11.11;11.055.0001-B;M3;;;2.9 x 0.35;0
MED04;12.1;12.002.0015-A;M2;;;;0
MED04;12.2;12.003.0075-B;M2;;;1;0
MED04;12.3;12.005.0030-A;M2;;;;0
MED04;12.4;12.016.0004-A;M2;;;;0
MED04;12.5;12.016.0010-A;M2;;;;0
MED04;12.6;12.016.0024-A;M2;E.M TIA LOLA;;12 x 2.5;30
MED04;12.6;12.016.0024-A;M2;E.M TIA LOLA;;4.5 x 2.5;11.25
MED04;12.6;12.016.0024-A;M2;E.M TIA LOLA;PLACA CIMENTÍCIA;14 x 2.5;35
MED04;12.6;12.016.0024-A;M2;E.M ROSANGÊLA DUARTE;;2.6 x 6;15.6
MED04;12.6;12.016.0024-A;M2;SOLANGE VIANA;;6 x 2.7;16.2
MED04;12.6;12.016.0024-A;M2;SOLANGE VIANA;;6 x 2.7;16.2
MED04;13.1;13.001.0010-B;M2;;;2;0
MED04;13.2;13.001.0026-A;M2;E.M. Ondina Pinto Marcondes (O.S 673);O.S 673;2 x 2.3 x 2;9.2
MED04;13.3;13.003.0005-A;M2;;;;0
MED04;13.4;13.022.0040-A;M2;;;;0
MED04;13.5;13.030.0290-A;M2;E.M. Jerônymo Mendes da Costa (O.S 442);O.S 442;2 x 2;4
MED04;13.5;13.030.0290-A;M2;E.M. Profº América Abdalla (O.S 698);O.S 698;2 x 6;12
MED04;13.5;13.030.0290-A;M2;E.M. Profº América Abdalla (O.S 522);O.S 522;2 x 2.5;5
MED04;13.6;13.175.0010-A;M2;;;;0
MED04;13.7;13.180.0015-B;M2;;;;0
MED04;13.8;13.196.0050-A;M2;;;;0
MED04;13.9;13.196.0151-A;M2;;;;0
MED04;13.10;13.301.0125-B;M2;;;;0
MED04;13.11;13.330.0053-A;M2;;;;0
MED04;13.12;13.330.0076-A;M2;E.M. Padre José Dilson Dórea (O.S 350);O.S 350;2 x 4;8
MED04;13.12;13.330.0076-A;M2;E.M Prof. América Abdalla (O.S 698);O.S 698;3.1 x 2.2;6.82
MED04;13.12;13.330.0076-A;M2;E.M Prof. América Abdalla (O.S 698);O.S 698;1.45 x 2.95;4.2775
MED04;13.12;13.330.0076-A;M2;E.M Prof. América Abdalla (O.S 698);O.S 698;1.35 x 3.5;4.725
MED04;13.12;13.330.0076-A;M2;E.M Prof. América Abdalla (O.S 698);O.S 698;2.6 x 1.4;3.64
MED04;13.12;13.330.0076-A;M2;E.M Prof. América Abdalla (O.S 698);O.S 698;1.95 x 3.6;7.02
MED04;13.12;13.330.0076-A;M2;E.M Prof. América Abdalla (O.S 698);O.S 698;1.5 x 2.9;4.35
MED04;13.13;13.330.0101-A;M;;;;0
MED04;13.15;13.331.0052-A;M;;;;0
MED04;13.16;13.365.0150-A;M;;;;0
MED04;13.17;13.365.0170-A;M;;;;0
MED04;13.18;13.390.0020-A;M2;E.M AMÉRICA ABDALLA (O.S 522);O.S 522;0.3 x 0.3 x 100;9
MED04;14.1;14.002.0010-A;M2;;;;0
MED04;14.2;14.002.0013-A;M2;E.M NELI TÂMARA;;1 x 2.1 x 0.5;1.05
MED04;14.3;14.002.0071-A;M2;E.M TIA LOLA;;1 x 2 x 0.4 x 1;0.8
MED04;14.3;14.002.0071-A;M2;E.M MONICA DE ANDRADE;;4 x 2 x 0.4 x 1;3.2
MED04;14.3;14.002.0071-A;M2;SEMEDE;;2.5 x 3 x 0.1 x 1;0.75
MED04;14.3;14.002.0071-A;M2;NUGEPE;;2.4 x 3 x 0.1 x 1;0.72
MED04;14.3;14.002.0071-A;M2;CRECHE DONA LINA (O.S 445);O.S 445;1 x 1 x 0.6 x 1;0.6
MED04;14.4;14.002.0132-A;M2;E.M. Nadir da Silva Salvador (O.S 808);O.S 808;1 x 1 x 0.5 x 1;0.5
MED04;14.4;14.002.0132-A;M2;E.M TIA LOLA;GRADE DAS JANELAS;2 x 1 x 0.4 x 6;4.8
MED04;14.5;14.002.0187-A;M;E.M Nadir Salvador;SEM OS;3 x 0.5;1.5
MED04;14.6;14.002.0220-A;M;;;;0
MED04;14.7;14.003.0016-A;M2;E.M JOSÉ LUIZ LEMOS;SEM OS;1 x 1 x 8 x 0.5;4
MED04;14.8;14.003.0076-A;M2;;;;0
MED04;14.9;14.003.0225-A;M2;E.M NILTON BALTAZAR;;0.8 x 1.5 x 6;7.2
MED04;14.9;14.003.0225-A;M2;E.M PEDRO MORERIRA;;0.8 x 1.5 x 6;7.2
MED04;14.9;14.003.0225-A;M2;E.M SEBASTIÃO LOUBACH;;0.8 x 1.5 x 16;19.2
MED04;14.10;14.003.0260-A;M;;;;0
MED04;14.11;14.004.0120-A;M2;;;;0
MED04;14.12;14.004.0121-A;M2;E.M Senhorinha de Oliveira;;1.1 x 2.5 x 1;2.75
MED04;14.12;14.004.0121-A;M2;E.M MARIA TEIXEIRA;;0.82 x 0.58 x 10;4.76
MED04;14.12;14.004.0121-A;M2;E.M PEDRO MOREIRA;;0.26 x 0.22 x 25;1.43
MED04;14.12;14.004.0121-A;M2;E.M PEDRO MOREIRA;;0.26 x 0.25 x 4;0.26
MED04;14.12;14.004.0121-A;M2;E.M PEDRO MOREIRA;;0.24 x 0.18 x 17;0.73
MED04;14.12;14.004.0121-A;M2;E.M PEDRO MOREIRA;;0.3 x 0.16 x 4;0.19
MED04;14.12;14.004.0121-A;M2;E.M PEDRO MOREIRA;;0.3 x 0.23 x 1;0.07
MED04;14.13;14.006.0012-A;UN;E.M TIA LOLA;;1;1
MED04;14.14;14.006.0021-A;UN;E.M. Maria da Penha de Oliveira (O.S 495);O.S 495;11;11
MED04;14.14;14.006.0021-A;UN;E.M ROCHA LEÃO;EMERGENCIAL;1;1
MED04;14.14;14.006.0021-A;UN;Creche Maria Rosa;EMERGENCIAL;1;1
MED04;14.14;14.006.0021-A;UN;CIEP MESTRE MARÇAL;EMERGENCIAL;1;1
MED04;14.14;14.006.0021-A;UN;E.M TIA LOLA;EMERGENCIAL;1;1
MED04;14.14;14.006.0021-A;UN;E.M MARIA DA PENHA;SEM OS;6;6
MED04;14.15;14.006.0023-A;UN;E.M. Profº Rosângela Duarte Faria (O.S 422);O.S 422;1;1
MED04;14.15;14.006.0023-A;UN;E.M. Profº Rosângela Duarte Faria;;2;2
MED04;14.15;14.006.0023-A;UN;GABINETE;EMERGENCIAL;3;3
MED04;14.15;14.006.0023-A;UN;CIEP MESTRE MARÇAL;EMERGENCIAL;1;1
MED04;14.15;14.006.0023-A;UN;E.M TIA LOLA;EMERGENCIAL;3;3
MED04;14.15;14.006.0023-A;UN;E.M. Fazenda da Praia (O.S 343);O.S 343;1;1
MED04;14.15;14.006.0023-A;UN;E.M ENEDINA;EMERGENCIAL;1;1
MED04;14.15;14.006.0023-A;UN;CRECHE TIA DIDI;EMERGENCIAL;2;2
MED04;14.15;14.006.0023-A;UN;E.M SEBASTIÃO LOUBACH;EMERGENCIAL;1;1
MED04;14.15;14.006.0023-A;UN;E.M JOÃO BATISTA (O.S 33/25);O.S 33/25;1;1
MED04;14.15;14.006.0023-A;UN;E.M MARIA DA PENHA;SEM OS;4;4
MED04;14.16;14.006.0233-A;UN;;;;0
MED04;14.17;14.006.0407-A;M;E.M. Profº Rosângela Duarte Faria (O.S 422);O.S 422;0.9 x 1;0.9
MED04;14.17;14.006.0407-A;M;E.M. Profº Rosângela Duarte Faria;;0.9 x 2;1.8
MED04;14.17;14.006.0407-A;M;GABINETE;EMERGENCIAL;0.9 x 3;2.7
MED04;14.17;14.006.0407-A;M;CIEP MESTRE MARÇAL;EMERGENCIAL;0.9 x 1;0.9
MED04;14.17;14.006.0407-A;M;E.M TIA LOLA;EMERGENCIAL;0.9 x 3;2.7
MED04;14.17;14.006.0407-A;M;E.M. Fazenda da Praia (O.S 343);O.S 343;0.9 x 1;0.9
MED04;14.17;14.006.0407-A;M;E.M ENEDINA;EMERGENCIAL;0.9 x 1;0.9
MED04;14.17;14.006.0407-A;M;CRECHE TIA DIDI;EMERGENCIAL;0.9 x 2;1.8
MED04;14.17;14.006.0407-A;M;E.M SEBASTIÃO LOUBACH;;0.9 x 1;0.9
MED04;14.17;14.006.0407-A;M;E.M JOÃO BATISTA (O.S 33/25);O.S 33/25;0.9 x 1;0.9
MED04;14.17;14.006.0407-A;M;E.M. Maria da Penha de Oliveira (O.S 495);O.S 495;0.8 x 11;8.8
MED04;14.17;14.006.0407-A;M;E.M ROCHA LEÃO;EMERGENCIAL;0.8 x 1;0.8
MED04;14.17;14.006.0407-A;M;Creche Maria Rosa;EMERGENCIAL;0.8 x 1;0.8
MED04;14.17;14.006.0407-A;M;CIEP MESTRE MARÇAL;EMERGENCIAL;0.8 x 1;0.8
MED04;14.17;14.006.0407-A;M;E.M TIA LOLA;EMERGENCIAL;0.8 x 1;0.8
MED04;14.17;14.006.0407-A;M;E.M MARIA DA PENHA;SEM OS;0.8 x 6;4.8
MED04;14.17;14.006.0407-A;M;E.M MARIA DA PENHA;SEM OS;0.9 x 4;3.6
MED04;14.18;14.006.0409-A;M;E.M. Profº Rosângela Duarte Faria (O.S 422);O.S 422;0.9 x 2.1 x 1;1.89
MED04;14.18;14.006.0409-A;M;E.M. Profº Rosângela Duarte Faria;;0.9 x 2.1 x 2;3.78
MED04;14.18;14.006.0409-A;M;GABINETE;EMERGENCIAL;0.9 x 2.1 x 3;5.67
MED04;14.18;14.006.0409-A;M;CIEP MESTRE MARÇAL;EMERGENCIAL;0.9 x 2.1 x 1;1.89
MED04;14.18;14.006.0409-A;M;E.M TIA LOLA;EMERGENCIAL;0.9 x 2.1 x 3;5.67
MED04;14.18;14.006.0409-A;M;E.M. Fazenda da Praia (O.S 343);O.S 343;0.9 x 2.1 x 1;1.89
MED04;14.18;14.006.0409-A;M;E.M ENEDINA;EMERGENCIAL;0.9 x 2.1 x 1;1.89
MED04;14.18;14.006.0409-A;M;CRECHE TIA DIDI;EMERGENCIAL;0.9 x 2.1 x 2;3.78
MED04;14.18;14.006.0409-A;M;E.M SEBASTIÃO LOUBACH;;0.9 x 2.1 x 1;1.89
MED04;14.18;14.006.0409-A;M;E.M JOÃO BATISTA (O.S 33/25);O.S 33/25;0.9 x 2.1 x 1;1.89
MED04;14.18;14.006.0409-A;M;E.M. Maria da Penha de Oliveira (O.S 495);O.S 495;0.8 x 2.1 x 11;18.48
MED04;14.18;14.006.0409-A;M;E.M ROCHA LEÃO;EMERGENCIAL;0.8 x 2.1 x 1;1.68
MED04;14.18;14.006.0409-A;M;Creche Maria Rosa;EMERGENCIAL;0.8 x 2.1 x 1;1.68
MED04;14.18;14.006.0409-A;M;CIEP MESTRE MARÇAL;EMERGENCIAL;0.8 x 2.1 x 1;1.68
MED04;14.18;14.006.0409-A;M;E.M TIA LOLA;EMERGENCIAL;0.8 x 2.1 x 1;1.68
MED04;14.18;14.006.0409-A;M;E.M MARIA DA PENHA;SEM OS;0.8 x 2.1 x 6;10.08
MED04;14.18;14.006.0409-A;M;E.M MARIA DA PENHA;SEM OS;0.9 x 2.1 x 4;7.56
MED04;14.19;14.007.0036-A;UN;E.M. Padre José Dilson Dórea (O.S 146);O.S 146;1;1
MED04;14.19;14.007.0036-A;UN;E.M. Prof° Neli Aparecida Tâmara Luiz (O.S 249);O.S 249;1;1
MED04;14.19;14.007.0036-A;UN;E.M. Fany Batista Esteves (O.S 315);O.S 315;3;3
MED04;14.19;14.007.0036-A;UN;E.M. Jerônymo Mendes da Costa (O.S 451);O.S 451;1;1
MED04;14.19;14.007.0036-A;UN;E.M. Maria da Penha de Oliveira (O.S 495);O.S 495;12;12
MED04;14.19;14.007.0036-A;UN;CEMAEE (O.S 507);O.S 507;2;2
MED04;14.19;14.007.0036-A;UN;E.M. Maria da Penha de Oliveira (O.S 495);O.S 495;11;11
MED04;14.19;14.007.0036-A;UN;E.M ROCHA LEÃO;EMERGENCIAL;1;1
MED04;14.19;14.007.0036-A;UN;Creche Maria Rosa;EMERGENCIAL;1;1
MED04;14.19;14.007.0036-A;UN;CIEP MESTRE MARÇAL;EMERGENCIAL;1;1
MED04;14.19;14.007.0036-A;UN;E.M TIA LOLA;EMERGENCIAL;1;1
MED04;14.19;14.007.0036-A;UN;E.M. Profº Rosângela Duarte Faria (O.S 422);O.S 422;1;1
MED04;14.19;14.007.0036-A;UN;E.M. Profº Rosângela Duarte Faria;;2;2
MED04;14.19;14.007.0036-A;UN;GABINETE;EMERGENCIAL;3;3
MED04;14.19;14.007.0036-A;UN;CIEP MESTRE MARÇAL;EMERGENCIAL;1;1
MED04;14.19;14.007.0036-A;UN;E.M TIA LOLA;EMERGENCIAL;3;3
MED04;14.19;14.007.0036-A;UN;E.M Senhorinha de Oliveira;;1;1
MED04;14.19;14.007.0036-A;UN;E.M SEBASTIÃO LOUBACH (O.S 34);O.S 34;2;2
MED04;14.19;14.007.0036-A;UN;E.M MARIA DA PENHA;SEM OS;6;6
MED04;14.19;14.007.0036-A;UN;E.M MARIA DA PENHA;SEM OS;4;4
MED04;14.20;14.007.0041-A;UN;E.M. Fany Batista Esteves (O.S 511);O.S 511;3;3
MED04;14.20;14.007.0041-A;UN;E.M. Mônica de Andrade Ribeiro (O.S 590);O.S 590;2;2
MED04;14.20;14.007.0041-A;UN;E.M. Prof° Neli Aparecida Tâmara Luiz (O.S 643);O.S 643;2;2
MED04;14.20;14.007.0041-A;UN;Creche M. Valdira Flausino Rodrigues (O.S 648);O.S 648;1;1
MED04;14.20;14.007.0041-A;UN;E.M. Elson Pinheiro (O.S 675);O.S 675;1;1
MED04;14.20;14.007.0041-A;UN;E.M. Prof° Neli Aparecida Tâmara Luiz (O.S 680);O.S 680;1;1
MED04;14.20;14.007.0041-A;UN;SEMEDE (O.S 789);O.S 789;1;1
MED04;14.20;14.007.0041-A;UN;E.M. Profº Rosângela Duarte Faria (O.S 422);O.S 422;1;1
MED04;14.20;14.007.0041-A;UN;E.M. Mônica de Andrade Ribeiro (O.S 798);O.S 798;2;2
MED04;14.20;14.007.0041-A;UN;E.M. Mônica de Andrade Ribeiro (O.S 799);O.S 799;2;2
MED04;14.20;14.007.0041-A;UN;E.M. José Luiz de Lemos (O.S 809);O.S 809;7;7
MED04;14.21;14.007.0065-A;UN;E.M. José Luiz de Lemos (O.S 501);O.S 501;2;2
MED04;14.21;14.007.0065-A;UN;Creche Escola M. Maria Rosa Ribeiro Pinheiro (O.S 531);O.S 531;2;2
MED04;14.21;14.007.0065-A;UN;E.M. Rio das Ostras (O.S 536);O.S 536;2;2
MED04;14.21;14.007.0065-A;UN;E.M CÉLIO SARZEDAS;EMERGENCIAL;3;3
MED04;14.21;14.007.0065-A;UN;E.M ERNESTINA JORGE;EMERGENCIAL;4;4
MED04;14.21;14.007.0065-A;UN;E.M ENEDINA;EMERGENCIAL;1;1
MED04;14.21;14.007.0065-A;UN;E.M JOSÉ DE LIMA;EMERGENCIAL;5;5
MED04;14.21;14.007.0065-A;UN;E.M SEBASTIÃO LOUBACH (O.S 34);O.S 34;2;2
MED04;14.21;14.007.0065-A;UN;E.M. Fany Batista Esteves (O.S 511);O.S 511;3;3
MED04;14.21;14.007.0065-A;UN;E.M. Mônica de Andrade Ribeiro (O.S 590);O.S 590;2;2
MED04;14.21;14.007.0065-A;UN;E.M. Prof° Neli Aparecida Tâmara Luiz (O.S 643);O.S 643;2;2
MED04;14.21;14.007.0065-A;UN;Creche M. Valdira Flausino Rodrigues (O.S 648);O.S 648;1;1
MED04;14.21;14.007.0065-A;UN;E.M. Elson Pinheiro (O.S 675);O.S 675;1;1
MED04;14.21;14.007.0065-A;UN;E.M. Prof° Neli Aparecida Tâmara Luiz (O.S 680);O.S 680;1;1
MED04;14.21;14.007.0065-A;UN;SEMEDE (O.S 789);O.S 789;1;1
MED04;14.21;14.007.0065-A;UN;E.M. Profº Rosângela Duarte Faria (O.S 422);O.S 422;1;1
MED04;14.21;14.007.0065-A;UN;E.M. Mônica de Andrade Ribeiro (O.S 798);O.S 798;2;2
MED04;14.21;14.007.0065-A;UN;E.M. Mônica de Andrade Ribeiro (O.S 799);O.S 799;2;2
MED04;14.21;14.007.0065-A;UN;E.M. José Luiz de Lemos (O.S 809);O.S 809;7;7
MED04;14.22;14.007.0070-A;UN;SEMEDE (O.S 768);O.S 768;2;2
MED04;14.22;14.007.0070-A;UN;E.M. Mônica de Andrade Ribeiro;SEM OS;5;5
MED04;14.23;14.007.0270-A;UN;;;;0
MED04;14.24;14.007.0277-A;UN;;;;0
MED04;14.25;14.007.0284-A;UN;E.M. Profº Rosângela Duarte Faria (O.S 422);O.S 422;1;1
MED04;14.25;14.007.0284-A;UN;E.M. Profº Rosângela Duarte Faria;;2;2
MED04;14.25;14.007.0284-A;UN;GABINETE;EMERGENCIAL;3;3
MED04;14.25;14.007.0284-A;UN;CIEP MESTRE MARÇAL;EMERGENCIAL;1;1
MED04;14.25;14.007.0284-A;UN;E.M TIA LOLA;;3;3
MED04;14.25;14.007.0284-A;UN;E.M. Fazenda da Praia (O.S 343);O.S 343;1;1
MED04;14.25;14.007.0284-A;UN;E.M ENEDINA;EMERGENCIAL;1;1
MED04;14.25;14.007.0284-A;UN;CRECHE TIA DIDI;EMERGENCIAL;2;2
MED04;14.25;14.007.0284-A;UN;E.M SEBASTIÃO LOUBACH;EMERGENCIAL;1;1
MED04;14.25;14.007.0284-A;UN;E.M JOÃO BATISTA (O.S 33/25);O.S 33/25;1;1
MED04;14.25;14.007.0284-A;UN;E.M. Maria da Penha de Oliveira (O.S 495);O.S 495;11;11
MED04;14.25;14.007.0284-A;UN;E.M ROCHA LEÃO;EMERGENCIAL;1;1
MED04;14.25;14.007.0284-A;UN;Creche Maria Rosa;EMERGENCIAL;1;1
MED04;14.25;14.007.0284-A;UN;CIEP MESTRE MARÇAL;EMERGENCIAL;1;1
MED04;14.25;14.007.0284-A;UN;E.M TIA LOLA;EMERGENCIAL;1;1
MED04;14.26;14.007.0290-A;UN;;;;0
MED04;15.1;15.001.0028-A;UN;;;;0
MED04;15.2;15.001.0055-A;UN;;;;0
MED04;15.3;15.001.0056-A;UN;;;;0
MED04;15.4;15.003.0068-A;UN;;;;0
MED04;15.5;15.002.0062-A;UN;;;;0
MED04;15.6;15.002.0063-A;UN;;;;0
MED04;15.7;15.002.0120-A;UN;E.M JOSÉ DE OLIVEIRA (O.S 470);O.S 470;12;12
MED04;15.11;15.004.0046-A;UN;;;;0
MED04;15.12;15.004.0050-A;UN;;;;0
MED04;15.13;15.004.0053-A;UN;;;;0
MED04;15.14;15.004.0059-A;UN;;;;0
MED04;15.15;15.004.0060-B;UN;E.M. Profº Solange Viana (O.S 455);O.S 455;1;1
MED04;15.16;15.004.0061-A;UN;E.M. Senhorinha de Oliveira Gomes (O.S 439);O.S 439;1;1
MED04;15.16;15.004.0061-A;UN;E.M Solange Viana (O.S 421);O.S 421;1;1
MED04;15.17;15.004.0063-A;UN;E.M. Profº América Abdalla (O.S );;5;5
MED04;15.17;15.004.0063-A;UN;E.M Cláudio Ribeiro;EMERGENCIAL;2;2
MED04;15.18;15.004.0070-A;UN;;;;0
MED04;15.19;15.004.0075-A;UN;E.M. Profº América Abdalla (O.S 14);O.S 14;5;5
MED04;15.19;15.004.0075-A;UN;E.M. Ernestina Jorge Pereira (O.S 236);O.S 236;2;2
MED04;15.19;15.004.0075-A;UN;E.M. Fazenda da Praia (O.S 270);O.S 270;1;1
MED04;15.19;15.004.0075-A;UN;E.M. Fany Batista Esteves (O.S 312);O.S 312;5;5
MED04;15.19;15.004.0075-A;UN;Creche Dona Lina (O.S 360);O.S 360;2;2
MED04;15.19;15.004.0075-A;UN;CIEP Mestre Marçal Municipalizado (O.S 441);O.S 441;2;2
MED04;15.19;15.004.0075-A;UN;Creche Dona Cota (O.S 459);O.S 459;1;1
MED04;15.19;15.004.0075-A;UN;E.M. Jovenil Bastos da Silva (O.S 469);O.S 469;4;4
MED04;15.19;15.004.0075-A;UN;E.M. Vereador Pedro Moreira dos Santos (O.S 479);O.S 479;1;1
MED04;15.19;15.004.0075-A;UN;E.M. Alzir David Pereira (O.S 487);O.S 487;1;1
MED04;15.19;15.004.0075-A;UN;E.M. Prefeito Célio Sarzedas (O.S 528);O.S 528;4;4
MED04;15.19;15.004.0075-A;UN;E.M. Francisco de Assis Medeiros Rangel (O.S 562);O.S 562;1;1
MED04;15.19;15.004.0075-A;UN;Creche M. Dona Senhorinha (O.S 649);O.S 649;1;1
MED04;15.19;15.004.0075-A;UN;E.M. Alzir David Pereira (O.S 661);O.S 661;1;1
MED04;15.19;15.004.0075-A;UN;E.M. Profº Solange Viana (O.S 677);O.S 677;2;2
MED04;15.19;15.004.0075-A;UN;Creche M. Dona Senhorinha (O.S 720);O.S 720;1;1
MED04;15.19;15.004.0075-A;UN;E.M. Prefeito Paulo Pinheiro (O.S 745);O.S 745;1;1
MED04;15.19;15.004.0075-A;UN;E.M. Elson Pinheiro (O.S 841);O.S 841;1;1
MED04;15.19;15.004.0075-A;UN;E.M ERNESTINA JORGE;EMERGENCIAL;2;2
MED04;15.19;15.004.0075-A;UN;E.M ELSON PINHEIRO;EMERGENCIAL;2;2
MED04;15.19;15.004.0075-A;UN;E.M CÉLIO SARZEDAS;EMERGENCIAL;3;3
MED04;15.20;15.004.0085-A;UN;;;;0
MED04;15.21;15.004.0090-A;UN;;;;0
MED04;15.22;15.004.0108-A;UN;;;;0
MED04;15.23;15.004.0103-A;UN;;;;0
MED04;15.24;15.004.0110-A;UN;;;;0
MED04;15.25;15.004.0170-A;UN;;;;0
MED04;15.30;15.004.0255-A;UN;;;;0
MED04;15.31;15.005.0215-A;UN;E.M Nadir da Silva (O.S 176);O.S 176;4;4
MED04;15.31;15.005.0215-A;UN;E.M Maria da Penha (O.S 763);O.S 763;5;5
MED04;15.32;15.005.0253-A;KG;;;;0
MED04;15.33;15.007.0410-A;UN;;;;0
MED04;15.34;15.007.0415-A;UN;E.M Nadir da Silva (O.S 176);O.S 176;1;1
MED04;15.34;15.007.0415-A;UN;E.M Maria da Penha (O.S 763);O.S 763;1;1
MED04;15.35;15.007.0420-A;UN;;;;0
MED04;15.36;15.007.0425-A;UN;;;;0
MED04;15.41;15.007.0520-A;UN;;;;0
MED04;15.42;15.007.0521-A;UN;;;;0
MED04;15.43;15.007.0522-A;UN;;;;0
MED04;15.44;15.007.0523-A;UN;;;;0
MED04;15.45;15.007.0524-A;UN;;;;0
MED04;15.46;15.007.0570-A;UN;E.M. Profº Rosângela Duarte Faria (O.S 663);O.S 663;2;2
MED04;15.46;15.007.0570-A;UN;SEMEDE (O.S 789);O.S 789;1;1
MED04;15.47;15.007.0572-A;UN;E.M. Maria da Penha de Oliveira (O.S 761);O.S 761;4;4
MED04;15.47;15.007.0572-A;UN;E.M. Sebastião Loubach (O.S 793);O.S 793;2;2
MED04;15.47;15.007.0572-A;UN;E.M. Jovenil Bastos da Silva (O.S 702);O.S 702;1;1
MED04;15.48;15.007.0575-A;UN;Creche E.M. Maria Rosa Ribeiro Pinheiro (O.S 288);O.S 288;2;2
MED04;15.48;15.007.0575-A;UN;E.M. Fany Batista Esteves (O.S 408);O.S 408;2;2
MED04;15.48;15.007.0575-A;UN;E.M. Henrique Sarzedas (O.S 182);O.S 182;4;4
MED04;15.48;15.007.0575-A;UN;E.M. Jovenil Bastos da Silva (O.S 702);O.S 702;3;3
MED04;15.48;15.007.0575-A;UN;E.M. Profº Marinete Coelho Souza (O.S 807);O.S 807;1;1
MED04;15.48;15.007.0575-A;UN;E.M MARINETE;EMERGENCIAL;4;4
MED04;15.48;15.007.0575-A;UN;E.M Maria da Penha (O.S 763);O.S 763;5;5
MED04;15.48;15.007.0575-A;UN;E.M Nadir da Silva (O.S 176);O.S 176;4;4
MED04;15.49;15.007.0600-A;UN;;;;0
MED04;15.50;15.007.0605-A;UN;E.M MONICA DE ANDRADE;EMERGENCIAL;2;2
MED04;15.51;15.007.0608-A;UN;;;;0
MED04;15.52;15.007.0609-A;UN;;;;0
MED04;15.53;15.007.0610-A;UN;;;;0
MED04;15.54;15.007.0611-A;UN;;;;0
MED04;15.55;15.008.0085-A;M;E.M. João Bento Duarte Neto (O.S 456);O.S 456;20;20
MED04;15.55;15.008.0085-A;M;E.M. Maria Teixeira de Paula (O.S 509);O.S 509;20;20
MED04;15.55;15.008.0085-A;M;CIEP Mestre Marçal Municipalizado (O.S 539);O.S 539;10;10
MED04;15.55;15.008.0085-A;M;E.M. Senhorinha de Oliveira Gomes (O.S 548);O.S 548;10;10
MED04;15.55;15.008.0085-A;M;CIEP Mestre Marçal Municipalizado (O.S 567);O.S 567;10;10
MED04;15.55;15.008.0085-A;M;E.M Sebastião Loubach (O.S 40);O.S 40;15;15
MED04;15.55;15.008.0085-A;M;E.M. Jovenil Bastos da Silva (O.S 702);O.S 702;20;20
MED04;15.55;15.008.0085-A;M;E.M Maria da Penha (O.S 763);O.S 763;400;400
MED04;15.55;15.008.0085-A;M;E.M Nadir da Silva (O.S 176);O.S 176;400;400
MED04;15.55;15.008.0085-A;M;CEMAEE (O.S 589);O.S 589;50;50
MED04;15.56;15.008.0090-A;M;E.M. Prefeito Paulo Pinheiro (O.S 579);O.S 579;10;10
MED04;15.56;15.008.0090-A;M;E.M. Maria Teixeira de Paula (O.S 633);O.S 633;10;10
MED04;15.57;15.008.0095-A;M;;;;0
MED04;15.58;15.008.0100-A;M;Creche E.M. Maria Rosa Ribeiro Pinheiro (O.S 288);O.S 288;20;20
MED04;15.58;15.008.0100-A;M;Campo Society Gilberto Cabral (O.S 764);O.S 764;50;50
MED04;15.58;15.008.0100-A;M;E.M. Jovenil Bastos da Silva (O.S 702);O.S 702;30;30
MED04;15.58;15.008.0100-A;M;E.M MARINETE;EMERGENCIAL;40;40
MED04;15.58;15.008.0100-A;M;E.M. Jovenil Bastos da Silva (O.S 702);O.S 702;10;10
MED04;15.58;15.008.0100-A;M;E.M Maria da Penha (O.S 763);O.S 763;50;50
MED04;15.58;15.008.0100-A;M;E.M Nadir da Silva (O.S 176);O.S 176;100;100
MED04;15.59;15.008.0105-A;M;;;;0
MED04;15.60;15.008.0110-A;M;SEMEDE;FECHADURA ELETRÔNICA;100;100
MED04;15.61;15.008.0112-A;M;;;;0
MED04;15.62;15.008.0115-A;M;;;;0
MED04;15.65;15.015.0020-A;UN;;;;0
MED04;15.68;15.015.0199-A;UN;E.M FANY BATISTA;FOTO CÉLULA;3;3
MED04;15.68;15.015.0199-A;UN;E.M TIA LOLA;FOTO CÉLULA;3;3
MED04;15.69;15.015.0214-A;UN;E.M. Francisco de Assis Medeiros Rangel (O.S 564);O.S 564;1;1
MED04;15.69;15.015.0214-A;UN;CEMAEE (O.S 589);O.S 589;10;10
MED04;15.69;15.015.0214-A;UN;SIMAR;EMERGENCIAL;2;2
MED04;15.70;15.015.0250-A;UN;E.M. Jovenil Bastos da Silva (O.S 136);O.S 136;3;3
MED04;15.70;15.015.0250-A;UN;E.M. Fany Batista Esteves (O.S 183);O.S 183;5;5
MED04;15.70;15.015.0250-A;UN;E.M. Prefeito Célio Sarzedas (O.S 185);O.S 185;4;4
MED04;15.70;15.015.0250-A;UN;E.M. João Batista Gomes da Cruz (O.S 218);O.S 218;3;3
MED04;15.70;15.015.0250-A;UN;E.M. Ernestina Jorge Pereira (O.S 235);O.S 235;5;5
MED04;15.70;15.015.0250-A;UN;E.M. Alzir David Pereira (O.S 381);O.S 381;3;3
MED04;15.70;15.015.0250-A;UN;E.M. Senhorinha de Oliveira Gomes (O.S 505);O.S 505;5;5
MED04;15.70;15.015.0250-A;UN;CIEP Mestre Marçal Municipalizado (O.S 560);O.S 560;5;5
MED04;15.70;15.015.0250-A;UN;E.M. Francisco de Assis Medeiros Rangel (O.S 564);O.S 564;2;2
MED04;15.70;15.015.0250-A;UN;CEMAEE (O.S 589);O.S 589;7;7
MED04;15.70;15.015.0250-A;UN;E.M. Fany Batista Esteves (O.S 685);O.S 685;2;2
MED04;15.70;15.015.0250-A;UN;E.M MONICA DE ANDRADE;EMERGENCIAL;3;3
MED04;15.70;15.015.0250-A;UN;E.M Sebastião Loubach (O.S 40);O.S 40;3;3
MED04;15.70;15.015.0250-A;UN;E.M. Jovenil Bastos da Silva (O.S 702);O.S 702;6;6
MED04;15.71;15.015.0251-A;UN;Creche E.M. Maria Rosa Ribeiro Pinheiro (O.S 288);O.S 288;2;2
MED04;15.71;15.015.0251-A;UN;Escola M. João Bento Duarte Neto (O.S 549);O.S 549;10;10
MED04;15.71;15.015.0251-A;UN;CEMAEE (O.S 589);O.S 589;3;3
MED04;15.72;15.015.0255-A;UN;E.M. Henrique Sarzedas (O.S 578);O.S 578;2;2
MED04;15.72;15.015.0255-A;UN;E.M. Maria Teixeira de Paula (O.S 633);O.S 633;1;1
MED04;15.72;15.015.0255-A;UN;E.M. Henrique Sarzedas (O.S 182);O.S 182;2;2
MED04;15.72;15.015.0255-A;UN;E.M Prof América Abdalla;EMERGENCIAL;2;2
MED04;15.73;15.019.0010-A;UN;;;;0
MED04;15.74;15.019.0095-A;UN;;;;0
MED04;15.78;15.020.0158-A;UN;E.M. Mônica de Andrade Ribeiro (O.S 300);O.S 300;5;5
MED04;15.78;15.020.0158-A;UN;E.M. Fany Batista Esteves (O.S 311);O.S 311;20;20
MED04;15.78;15.020.0158-A;UN;E.M. Maria Teixeira de Paula (O.S 481);O.S 481;5;5
MED04;15.78;15.020.0158-A;UN;CEMAEE (O.S 508);O.S 508;8;8
MED04;15.78;15.020.0158-A;UN;E.M. Maria da Penha de Oliveira (O.S 529);O.S 529;10;10
MED04;15.78;15.020.0158-A;UN;E.M. Francisco de Assis Medeiros Rangel (O.S 564);O.S 564;2;2
MED04;15.78;15.020.0158-A;UN;E.M. Prefeito Célio Sarzedas (O.S 575);O.S 575;15;15
MED04;15.78;15.020.0158-A;UN;CEMAEE (O.S 589);O.S 589;10;10
MED04;15.78;15.020.0158-A;UN;E.M. José Luiz de Lemos (O.S 623);O.S 623;2;2
MED04;15.78;15.020.0158-A;UN;Creche M. Valdira Flausino Rodrigues (O.S 648);O.S 648;2;2
MED04;15.78;15.020.0158-A;UN;E.M. José Luiz de Lemos (O.S 676);O.S 676;5;5
MED04;15.78;15.020.0158-A;UN;E.M. Prof° Neli Aparecida Tâmara Luiz (O.S 774);O.S 774;10;10
MED04;15.78;15.020.0158-A;UN;E.M. Elson Pinheiro (O.S 838);O.S 838;10;10
MED04;15.78;15.020.0158-A;UN;E.M. Jovenil Bastos da Silva (O.S 702);O.S 702;6;6
MED04;15.79;15.020.0170-A;UN;;;;0
MED04;15.80;15.020.0173-A;UN;E.M. Nadir da Silva Salvador (O.S 53);O.S 53;10;10
MED04;15.80;15.020.0173-A;UN;E.M. João Batista Gomes da Cruz (O.S 227);O.S 227;10;10
MED04;15.80;15.020.0173-A;UN;E.M. Ernestina Jorge Pereira (O.S 235);O.S 235;5;5
MED04;15.80;15.020.0173-A;UN;E.M. Prof° Neli Aparecida Tâmara Luiz (O.S 249);O.S 249;3;3
MED04;15.80;15.020.0173-A;UN;E.M. Fazenda da Praia (O.S 268);O.S 268;13;13
MED04;15.80;15.020.0173-A;UN;E.M ELSON PINHEIRO;EMERGENCIAL;3;3
MED04;15.80;15.020.0173-A;UN;E.M CÉLIO SARZEDAS;EMERGENCIAL;5;5
MED04;15.81;15.028.0005-A;UN;;;;0
MED04;15.82;15.028.0010-A;UN;;;;0
MED04;15.83;15.029.0010-A;UN;;;;0
MED04;15.84;15.029.0011-A;UN;E.M. Jerônymo Mendes da Costa (O.S 432);O.S 432;1;1
MED04;15.84;15.029.0011-A;UN;E.M. Maria da Penha de Oliveira (O.S 752);O.S 752;1;1
MED04;15.85;15.029.0012-A;UN;;;;0
MED04;15.86;15.029.0019-A;UN;;;;0
MED04;15.87;15.029.0020-A;UN;;;;0
MED04;15.88;15.029.0021-A;UN;;;;0
MED04;15.89;15.029.0049-A;UN;;;;0
MED04;15.90;15.029.0080-A;UN;;;;0
MED04;15.91;15.030.0030-A;UN;;;;0
MED04;15.92;15.030.0032-A;UN;;;;0
MED04;15.93;15.030.0034-A;UN;;;;0
MED04;15.94;15.030.0038-A;UN;;;;0
MED04;15.95;15.030.0040-A;UN;;;;0
MED04;15.96;15.036.0010-A;M;;;;0
MED04;15.97;15.036.0011-A;M;;;;0
MED04;15.98;15.036.0027-A;M;;;;0
MED04;15.99;15.036.0028-A;M;;;;0
MED04;15100;15.036.0045-A;M;E.M. Jerônymo Mendes da Costa (O.S 432);O.S 432;6;6
MED04;15100;15.036.0045-A;M;Creche M. Dona Senhorinha (O.S 641);O.S 641;12;12
MED04;15101;15.036.0046-A;M;;;;0
MED04;15102;15.036.0047-A;M;;;;0
MED04;15103;15.036.0048-A;M;;;;0
MED04;15104;15.036.0053-A;M;Creche M. Valdira Flausino Rodrigues (O.S 525);O.S 525;12;12
MED04;16.1;16.001.0050-A;M2;CEMAE (O.S 587);O.S 587;7.5 x 6;45
MED04;16.1;16.001.0050-A;M2;E.M JOÃO BATISTA (O.S 33/25);O.S 33/25;8 x 4;32
MED04;16.2;16.001.0060-A;M2;;;;0
MED04;16.3;16.001.0067-A;UN;CEMAE (O.S 587);O.S 587;3;3
MED04;16.3;16.001.0067-A;UN;E.M JERÔNIMO MENDES (O.S 41 /25);O.S 41 /25;1;1
MED04;16.4;16.001.0085-A;M2;CEMAE (O.S 587);O.S 587;7.5 x 6 x 0.5;22.5
MED04;16.4;16.001.0085-A;M2;E.M JERÔNIMO MENDES (O.S 41 /25);O.S 41 /25;4 x 2 x 1;8
MED04;16.4;16.001.0085-A;M2;E.M JOÃO BATISTA (O.S 33/25);O.S 33/25;8 x 4 x 1;32
MED04;16.5;16.001.0086-A;M2;;;;0
MED04;16.6;16.002.0005-A;M2;;;;0
MED04;16.7;16.002.0010-A;M2;IMERO (O.S 253);O.S 253;30 x 10 x 0.2;60
MED04;16.7;16.002.0010-A;M2;CEMAE (O.S 587);O.S 587;15 x 10 x 0.4;60
MED04;16.7;16.002.0010-A;M2;CEMAE (O.S 587);O.S 587;4.5 x 10 x 0.2;9
MED04;16.7;16.002.0010-A;M2;CEMAE (O.S 587);O.S 587;7.5 x 6 x 1;45
MED04;16.7;16.002.0010-A;M2;E.M RIO DAS OSTRAS;SEM OS;15 x 10 x 0.2;30
MED04;16.7;16.002.0010-A;M2;E.M JERÔNIMO MENDES (O.S 41 /25);O.S 41 /25;4 x 2 x 1;8
MED04;16.8;16.002.0015-A;M;CEMAE (O.S 587);O.S 587;7.5;7.5
MED04;16.8;16.002.0015-A;M;E.M JERÔNIMO MENDES (O.S 41 /25);O.S 41 /25;8;8
MED04;16.9;16.002.0025-A;M;;;;0
MED04;16.10;16.004.0015-A;M2;CIEP MESTRE MARÇAL (O.S 254);O.S 254;60 x 15 x 0.2;180
MED04;16.11;16.005.0006-A;M2;;;;0
MED04;16.12;16.005.0008-A;M;;;;0
MED04;16.13;16.005.0018-A;M;E.M JERÔNIMO MENDES (O.S 41 /25);O.S 41 /25;8 x 1;8
MED04;16.13;16.005.0018-A;M;E.M Nadir da Silva (O.S 286);O.S 286;10 x 1;10
MED04;16.14;16.005.0027-A;M;E.M JERÔNIMO MENDES (O.S 41 /25);O.S 41 /25;8 x 1;8
MED04;16.15;16.005.0075-A;M2;E.M JOÃO BATISTA (O.S 33/25);O.S 33/25;8 x 4;32
MED04;16.16;16.020.0001-A;M2;E.M. Senhorinha de Oliveira Gomes (O.S 409);O.S 409;6 x 1.5 x 1;9
MED04;16.16;16.020.0001-A;M2;E.M Rosangela Duarte;EMERGENCIAL;20 x 10 x 0.3;60
MED04;16.16;16.020.0001-A;M2;E.M Sebastião Loubach (O.S 729);O.S 729;10 x 4 x 1;40
MED04;16.17;16.026.0002-A;M2;E. M. PREFEITO CÉLIO SARZEDAS;PAREDE 1;3.5 x 1 x 1;3.5
MED04;16.17;16.026.0002-A;M2;E. M. PREFEITO CÉLIO SARZEDAS;PAREDE 2;3.5 x 1 x 1;3.5
MED04;16.17;16.026.0002-A;M2;E. M. PREFEITO CÉLIO SARZEDAS;PAREDE 3;3.5 x 1 x 1;3.5
MED04;16.17;16.026.0002-A;M2;E. M. PREFEITO CÉLIO SARZEDAS;PAREDE 4;3.5 x 1 x 1;3.5
MED04;16.17;16.026.0002-A;M2;E. M. PREFEITO CÉLIO SARZEDAS;FUNDOS;3.5 x 3.5 x 1;12.25
MED04;16.17;16.026.0002-A;M2;IMERO;PAREDE 1;5.5 x 1 x 1;5.5
MED04;16.17;16.026.0002-A;M2;IMERO;PAREDE 2;5.5 x 1 x 1;5.5
MED04;16.17;16.026.0002-A;M2;IMERO;PAREDE 3;5.5 x 1 x 1;5.5
MED04;16.17;16.026.0002-A;M2;IMERO;PAREDE 4;5.5 x 1 x 1;5.5
MED04;16.17;16.026.0002-A;M2;IMERO;FUNDOS;5.5 x 5.5 x 1;30.25
MED04;16.17;16.026.0002-A;M2;E. M. MARIA DA PENHA OLIVEIRA;;3.5 x 4.5;15.75
MED04;16.17;16.026.0002-A;M2;E. M. PROF.ª ROSÂNGELA DUARTE;EMERGENCIAL;5.5 x 5;27.5
MED04;16.17;16.026.0002-A;M2;E. M. PROF.ª ROSÂNGELA DUARTE;EMERGENCIAL;3.8 x 4.8;18.24
MED04;16.17;16.026.0002-A;M2;E. M. NADIR DA SILVA SALVADOR;EMERGENCIAL;4.9 x 6.5;31.85
MED04;16.17;16.026.0002-A;M2;E. M. RIO DAS OSTRAS;EMERGENCIAL;3 x 4.7;14.1
MED04;16.17;16.026.0002-A;M2;E. M.  PROF.ª NELI A. TAMARA LUIS;EMERGENCIAL;3.9 x 4.5;17.55
MED04;16.17;16.026.0002-A;M2;CRECHE MUNICIPAL DONA SENHORINHA;EMERGENCIAL;3.85 x 4.6;17.71
MED04;16.17;16.026.0002-A;M2;E. M. PREFEITO CLÁUDIO RIBEIRO;EMERGENCIAL;3.25 x 4.4;14.3
MED04;16.17;16.026.0002-A;M2;CRECHE MUNICIPAL VALDIRA F. RODRIGUES;EMERGENCIAL;4.5 x 4.5;20.25
MED04;16.17;16.026.0002-A;M2;E. M. ELSON PINHEIRO;EMERGENCIAL;3.4 x 4.5;15.3
MED04;16.17;16.026.0002-A;M2;E.M PREF. PAULO PINHEIRO;EMERGENCIAL;4 x 4.3;17.2
MED04;16.18;16.027.0001-A;M2;E.M. Mônica de Andrade Ribeiro (O.S 466);O.S 466;1.8 x 2 x 6;21.6
MED04;16.18;16.027.0001-A;M2;E.M Senhorinha de Oliveira Gomes;;15 x 3;45
MED04;16.19;16.034.0003-A;M2;;;;0
MED04;17.1;17.017.0010-A;M2;SEMEDE (O.S 530);O.S 530;20 x 8.5 x 1;170
MED04;17.1;17.017.0010-A;M2;E.M. Fazenda da Praia (O.S 344);O.S 344;3 x 3 x 1;9
MED04;17.1;17.017.0010-A;M2;E.M. Jerônymo Mendes da Costa (O.S 442);O.S 442;6 x 2.8 x 1;16.8
MED04;17.1;17.017.0010-A;M2;E.M. Ondina Pinto Marcondes (O.S 673);O.S 673;2 x 2.3 x 1;4.6
MED04;17.1;17.017.0010-A;M2;SEMEDE (O.S 789);O.S 789;2 x 4 x 1;8
MED04;17.1;17.017.0010-A;M2;E.M TIA LOLA;;12 x 2.5 x 1;30
MED04;17.1;17.017.0010-A;M2;E.M TIA LOLA;;4.5 x 2.5 x 1;11.25
MED04;17.1;17.017.0010-A;M2;SOLANGE VIANA;EMERGENCIAL;6 x 2.7 x 1;16.2
MED04;17.1;17.017.0010-A;M2;E.M ERNESTINA JORGE (O.S 476);O.S 476;3.4 x 5;17
MED04;17.1;17.017.0010-A;M2;E.M ROSANGÊLA DUARTE;EMERGENCIAL;2.6 x 6;15.6
MED04;17.2;17.017.0100-A;M2;E.M. Profº Rosângela Duarte Faria (O.S 422);O.S 422;0.9 x 2.1 x 1 x 2;3.78
MED04;17.2;17.017.0100-A;M2;E.M. Profº Rosângela Duarte Faria;;0.9 x 2.1 x 2 x 2;7.56
MED04;17.2;17.017.0100-A;M2;GABINETE;EMERGENCIAL;0.9 x 2.1 x 3 x 2;11.34
MED04;17.2;17.017.0100-A;M2;CIEP MESTRE MARÇAL;EMERGENCIAL;0.9 x 2.1 x 1 x 2;3.78
MED04;17.2;17.017.0100-A;M2;E.M TIA LOLA;EMERGENCIAL;0.9 x 2.1 x 3 x 2;11.34
MED04;17.2;17.017.0100-A;M2;E.M. Fazenda da Praia (O.S 343);O.S 343;0.9 x 2.1 x 1 x 2;3.78
MED04;17.2;17.017.0100-A;M2;E.M ENEDINA;EMERGENCIAL;0.9 x 2.1 x 1 x 2;3.78
MED04;17.2;17.017.0100-A;M2;CRECHE TIA DIDI;EMERGENCIAL;0.9 x 2.1 x 2 x 2;7.56
MED04;17.2;17.017.0100-A;M2;E.M SEBASTIÃO LOUBACH;EMERGENCIAL;0.9 x 2.1 x 1 x 2;3.78
MED04;17.2;17.017.0100-A;M2;E.M JOÃO BATISTA (O.S 33/25);O.S 33/25;0.9 x 2.1 x 1 x 2;3.78
MED04;17.2;17.017.0100-A;M2;E.M. Maria da Penha de Oliveira (O.S 495);O.S 495;0.8 x 2.1 x 11 x 2;36.96
MED04;17.2;17.017.0100-A;M2;E.M ROCHA LEÃO;EMERGENCIAL;0.8 x 2.1 x 1 x 2;3.36
MED04;17.2;17.017.0100-A;M2;Creche Maria Rosa;EMERGENCIAL;0.8 x 2.1 x 1 x 2;3.36
MED04;17.2;17.017.0100-A;M2;CIEP MESTRE MARÇAL;EMERGENCIAL;0.8 x 2.1 x 1 x 2;3.36
MED04;17.2;17.017.0100-A;M2;E.M TIA LOLA;EMERGENCIAL;0.8 x 2.1 x 1 x 2;3.36
MED04;17.3;17.017.0110-A;M2;E.M. Profº Rosângela Duarte Faria (O.S 422);O.S 422;0.9 x 2.1 x 1 x 2;3.78
MED04;17.3;17.017.0110-A;M2;E.M. Profº Rosângela Duarte Faria;;0.9 x 2.1 x 2 x 2;7.56
MED04;17.3;17.017.0110-A;M2;GABINETE;EMERGENCIAL;0.9 x 2.1 x 3 x 2;11.34
MED04;17.3;17.017.0110-A;M2;CIEP MESTRE MARÇAL;EMERGENCIAL;0.9 x 2.1 x 1 x 2;3.78
MED04;17.3;17.017.0110-A;M2;E.M TIA LOLA;EMERGENCIAL;0.9 x 2.1 x 3 x 2;11.34
MED04;17.3;17.017.0110-A;M2;E.M. Fazenda da Praia (O.S 343);O.S 343;0.9 x 2.1 x 1 x 2;3.78
MED04;17.3;17.017.0110-A;M2;E.M ENEDINA;EMERGENCIAL;0.9 x 2.1 x 1 x 2;3.78
MED04;17.3;17.017.0110-A;M2;CRECHE TIA DIDI;EMERGENCIAL;0.9 x 2.1 x 2 x 2;7.56
MED04;17.3;17.017.0110-A;M2;E.M SEBASTIÃO LOUBACH;EMERGENCIAL;0.9 x 2.1 x 1 x 2;3.78
MED04;17.3;17.017.0110-A;M2;E.M JOÃO BATISTA (O.S 33/25);O.S 33/25;0.9 x 2.1 x 1 x 2;3.78
MED04;17.3;17.017.0110-A;M2;E.M. Maria da Penha de Oliveira (O.S 495);O.S 495;0.8 x 2.1 x 11 x 2;36.96
MED04;17.3;17.017.0110-A;M2;E.M ROCHA LEÃO;EMERGENCIAL;0.8 x 2.1 x 1 x 2;3.36
MED04;17.3;17.017.0110-A;M2;Creche Maria Rosa;EMERGENCIAL;0.8 x 2.1 x 1 x 2;3.36
MED04;17.3;17.017.0110-A;M2;CIEP MESTRE MARÇAL;EMERGENCIAL;0.8 x 2.1 x 1 x 2;3.36
MED04;17.3;17.017.0110-A;M2;E.M TIA LOLA;EMERGENCIAL;0.8 x 2.1 x 1 x 2;3.36
MED04;17.3;17.017.0110-A;M2;E.M MARIA DA PENHA;PORTA 1;0.9 x 2.1 x 11 x 2;41.58
MED04;17.3;17.017.0110-A;M2;E.M MARIA DA PENHA;PORTA 2;0.8 x 2.1 x 10 x 2;33.6
MED04;17.4;17.017.0320-A;M2;E.M MARIA TEIXEIRA;GRADIL PORTÃO ENTRADA;12.4 x 2 x 1 x 2;49.6
MED04;17.4;17.017.0320-A;M2;E.M MARIA TEIXEIRA;GUADA CORPO;46 x 2.6 x 1 x 2;239.2
MED04;17.4;17.017.0320-A;M2;E.M MARIA TEIXEIRA;GRADIL PC;3.2 x 2 x 1 x 2;12.8
MED04;17.4;17.017.0320-A;M2;E.M MARIA TEIXEIRA;GRADIL PI;3.2 x 2 x 1 x 2;12.8
MED04;17.4;17.017.0320-A;M2;E.M MARIA TEIXEIRA;PORTÃO CASA DE BOMBA;6.6 x 1.85 x 1 x 2;24.42
MED04;17.4;17.017.0320-A;M2;E.M MARIA TEIXEIRA;PORTÃO CASA DE BOMBA 2;1 x 1.2 x 1 x 2;2.4
MED04;17.4;17.017.0320-A;M2;E.M MARIA TEIXEIRA;TAMPA CASA DE BOMBAS;1 x 0.95 x 1 x 2;1.9
MED04;17.4;17.017.0320-A;M2;E.M MARIA TEIXEIRA;TAMPA CASA DE BOMBAS 2;1 x 0.95 x 1 x 2;1.9
MED04;17.4;17.017.0320-A;M2;E.M MARIA TEIXEIRA;PORTÃO DE GARAGEM;3.7 x 2 x 1 x 2;14.8
MED04;17.4;17.017.0320-A;M2;E.M MARIA TEIXEIRA;PORTA AUDITÓRIO;2.1 x 2.2 x 1 x 2;9.24
MED04;17.4;17.017.0320-A;M2;E.M VER. PEDRO MOREIRA;GRADIL 1;2.3 x 1.3 x 1 x 2;5.98
MED04;17.4;17.017.0320-A;M2;E.M VER. PEDRO MOREIRA;GRADIL 2;2.3 x 1.3 x 1 x 2;5.98
MED04;17.4;17.017.0320-A;M2;E.M VER. PEDRO MOREIRA;GRADIL 3;1.2 x 1.3 x 1 x 2;3.12
MED04;17.4;17.017.0320-A;M2;E.M VER. PEDRO MOREIRA;GRADIL 4;1.2 x 1.3 x 1 x 2;3.12
MED04;17.4;17.017.0320-A;M2;E.M VER. PEDRO MOREIRA;GRADIL 5;1.2 x 1.3 x 1 x 2;3.12
MED04;17.4;17.017.0320-A;M2;E.M VER. PEDRO MOREIRA;GRADIL 6;1.15 x 0.5 x 1 x 2;1.15
MED04;17.4;17.017.0320-A;M2;E.M VER. PEDRO MOREIRA;GRADIL 7;1.15 x 0.5 x 1 x 2;1.15
MED04;17.4;17.017.0320-A;M2;E.M VER. PEDRO MOREIRA;GRADIL 8;1.4 x 2.55 x 1 x 2;7.14
MED04;17.4;17.017.0320-A;M2;E.M VER. PEDRO MOREIRA;GRADIL 9;2.5 x 1.3 x 1 x 2;6.5
MED04;17.4;17.017.0320-A;M2;E.M VER. PEDRO MOREIRA;GRADIL 10;2.5 x 1.3 x 1 x 2;6.5
MED04;17.4;17.017.0320-A;M2;E.M VER. PEDRO MOREIRA;GRADIL 11;2.5 x 1.3 x 1 x 2;6.5
MED04;17.4;17.017.0320-A;M2;E.M VER. PEDRO MOREIRA;GRADIL 12;1.3 x 2.1 x 1 x 2;5.46
MED04;17.4;17.017.0320-A;M2;E.M VER. PEDRO MOREIRA;GRADIL 13;2.1 x 2.5 x 1 x 2;10.5
MED04;17.4;17.017.0320-A;M2;E.M VER. PEDRO MOREIRA;GRADIL 14;2.1 x 2.5 x 1 x 2;10.5
MED04;17.4;17.017.0320-A;M2;E.M VER. PEDRO MOREIRA;GRADIL 15;5.7 x 2 x 1 x 2;22.8
MED04;17.4;17.017.0320-A;M2;E.M VER. PEDRO MOREIRA;GRADIL 16;9.3 x 2.4 x 1 x 2;44.64
MED04;17.4;17.017.0320-A;M2;E.M VER. PEDRO MOREIRA;GRADIL 17;5.6 x 2.4 x 1 x 2;26.88
MED04;17.4;17.017.0320-A;M2;E.M VER. PEDRO MOREIRA;GRADIL 18;2 x 2.4 x 1 x 2;9.6
MED04;17.4;17.017.0320-A;M2;E.M VER. PEDRO MOREIRA;GRADIL 19;2 x 2.4 x 1 x 2;9.6
MED04;17.4;17.017.0320-A;M2;E.M VER. PEDRO MOREIRA;GRADIL 20;0.6 x 1.9 x 1 x 2;2.28
MED04;17.4;17.017.0320-A;M2;E.M VER. PEDRO MOREIRA;MASTRO DA BANDEIRA;6 x 0.25 x 1 x 2;3
MED04;17.4;17.017.0320-A;M2;E.M VER. PEDRO MOREIRA;MASTRO DA BANDEIRA;6 x 0.25 x 1 x 2;3
MED04;17.4;17.017.0320-A;M2;E.M VER. PEDRO MOREIRA;MASTRO DA BANDEIRA;6 x 0.25 x 1 x 2;3
MED04;17.4;17.017.0320-A;M2;E.M VER. PEDRO MOREIRA;MASTRO DA BANDEIRA;6 x 0.25 x 1 x 2;3
MED04;17.4;17.017.0320-A;M2;E.M VER. PEDRO MOREIRA;CORRIMÃO 1;21.3 x 0.18 x 1 x 2;7.668
MED04;17.4;17.017.0320-A;M2;E.M VER. PEDRO MOREIRA;CORRIMÃO 2;21.3 x 0.18 x 1 x 2;7.668
MED04;17.4;17.017.0320-A;M2;E.M VER. PEDRO MOREIRA;CORRIMÃO 3;21.3 x 0.18 x 1 x 2;7.668
MED04;17.4;17.017.0320-A;M2;E.M VER. PEDRO MOREIRA;CORRIMÃO 4;21.3 x 0.18 x 1 x 2;7.668
MED04;17.4;17.017.0320-A;M2;E.M VER. PEDRO MOREIRA;CORRIMÃO 5;4 x 0.18 x 1 x 2;1.44
MED04;17.4;17.017.0320-A;M2;E.M VER. PEDRO MOREIRA;CORRIMÃO 6;4 x 0.18 x 1 x 2;1.44
MED04;17.4;17.017.0320-A;M2;E.M VER. PEDRO MOREIRA;CORRIMÃO 7;4 x 0.18 x 1 x 2;1.44
MED04;17.4;17.017.0320-A;M2;E.M VER. PEDRO MOREIRA;CORRIMÃO 8;4 x 0.18 x 1 x 2;1.44
MED04;17.4;17.017.0320-A;M2;E.M VER. PEDRO MOREIRA;CORRIMÃO 9;13.5 x 0.18 x 1 x 2;4.86
MED04;17.4;17.017.0320-A;M2;E.M VER. PEDRO MOREIRA;CORRIMÃO 10;13.5 x 0.18 x 1 x 2;4.86
MED04;17.4;17.017.0320-A;M2;E.M MARIA DA PENHA;PORTÃO EXTERNO;3.1 x 2 x 1 x 2;12.4
MED04;17.4;17.017.0320-A;M2;E.M MARIA DA PENHA;GRADIL 1;2.9 x 2.1 x 1 x 2;12.18
MED04;17.4;17.017.0320-A;M2;E.M MARIA DA PENHA;GRADIL 2;2.1 x 1 x 1 x 2;4.2
MED04;17.4;17.017.0320-A;M2;E.M MARIA DA PENHA;GRADIL 3;2.1 x 1 x 1 x 2;4.2
MED04;17.4;17.017.0320-A;M2;E.M MARIA DA PENHA;GRADIL 4;2 x 1.2 x 1 x 2;4.8
MED04;17.4;17.017.0320-A;M2;E.M MARIA DA PENHA;GRADIL 5;2 x 1.2 x 1 x 2;4.8
MED04;17.4;17.017.0320-A;M2;E.M MARIA DA PENHA;GRADIL 6;2 x 1.2 x 1 x 2;4.8
MED04;17.4;17.017.0320-A;M2;E.M MARIA DA PENHA;GRADIL 7;2 x 1.2 x 1 x 2;4.8
MED04;17.4;17.017.0320-A;M2;E.M MARIA DA PENHA;GRADIL 8;1.8 x 2.1 x 1 x 2;7.56
MED04;17.4;17.017.0320-A;M2;E.M MARIA DA PENHA;JANELA 1;2 x 1.2 x 1 x 2;4.8
MED04;17.4;17.017.0320-A;M2;E.M MARIA DA PENHA;JANELA 2;2 x 1.2 x 1 x 2;4.8
MED04;17.4;17.017.0320-A;M2;E.M MARIA DA PENHA;JANELA 3;2 x 1.2 x 1 x 2;4.8
MED04;17.4;17.017.0320-A;M2;E.M MARIA DA PENHA;JANELA 4;2 x 1.2 x 1 x 2;4.8
MED04;17.4;17.017.0320-A;M2;E.M SEBASTIÃO LOUBACH;GRADIL 1;2.96 x 1.83 x 2 x 2;21.6672
MED04;17.4;17.017.0320-A;M2;E.M SEBASTIÃO LOUBACH;GRADIL 2;4.48 x 3 x 1 x 2;26.88
MED04;17.4;17.017.0320-A;M2;E.M SEBASTIÃO LOUBACH;GRADIL 3;10.38 x 2.96 x 1 x 2;61.4496
MED04;17.4;17.017.0320-A;M2;E.M SEBASTIÃO LOUBACH;GRADIL 4;2.3 x 2.16 x 1 x 2;9.936
MED04;17.4;17.017.0320-A;M2;E.M SEBASTIÃO LOUBACH;GRADIL 5;2.1 x 0.9 x 4 x 2;15.12
MED04;17.4;17.017.0320-A;M2;E.M SEBASTIÃO LOUBACH;GRADIL 6;2.7 x 1.3 x 8 x 2;56.16
MED04;17.4;17.017.0320-A;M2;E.M SEBASTIÃO LOUBACH;GRADIL 7;1.4 x 1.3 x 3 x 2;10.92
MED04;17.4;17.017.0320-A;M2;E.M SEBASTIÃO LOUBACH;GRADIL 8;3.6 x 2.5 x 1 x 2;18
MED04;17.4;17.017.0320-A;M2;E.M SEBASTIÃO LOUBACH;GRADIL 9;2 x 2.5 x 1 x 2;10
MED04;17.4;17.017.0320-A;M2;E.M SEBASTIÃO LOUBACH;GRADIL 10;0.6 x 2.5 x 1 x 2;3
MED04;17.4;17.017.0320-A;M2;E.M MARIA DA PENHA;PORTÃO EXTERNO;3.1 x 2 x 1 x 2;12.4
MED04;17.4;17.017.0320-A;M2;E.M MARIA DA PENHA;GRADIL 1;2.9 x 2.1 x 1 x 2;12.18
MED04;17.4;17.017.0320-A;M2;E.M MARIA DA PENHA;GRADIL 2;2.1 x 1 x 1 x 2;4.2
MED04;17.4;17.017.0320-A;M2;E.M MARIA DA PENHA;GRADIL 3;2.1 x 1 x 1 x 2;4.2
MED04;17.4;17.017.0320-A;M2;E.M MARIA DA PENHA;GRADIL 4;2 x 1.2 x 1 x 2;4.8
MED04;17.4;17.017.0320-A;M2;E.M MARIA DA PENHA;GRADIL 5;2 x 1.2 x 1 x 2;4.8
MED04;17.4;17.017.0320-A;M2;E.M MARIA DA PENHA;GRADIL 6;2 x 1.2 x 1 x 2;4.8
MED04;17.4;17.017.0320-A;M2;E.M MARIA DA PENHA;GRADIL 7;2 x 1.2 x 1 x 2;4.8
MED04;17.4;17.017.0320-A;M2;E.M MARIA DA PENHA;GRADIL 8;1.8 x 2.1 x 1 x 2;7.56
MED04;17.4;17.017.0320-A;M2;E.M MARIA DA PENHA;JANELA 1;2 x 1.2 x 1 x 2;4.8
MED04;17.4;17.017.0320-A;M2;E.M MARIA DA PENHA;JANELA 2;2 x 1.2 x 1 x 2;4.8
MED04;17.4;17.017.0320-A;M2;E.M MARIA DA PENHA;JANELA 3;2 x 1.2 x 1 x 2;4.8
MED04;17.4;17.017.0320-A;M2;E.M MARIA DA PENHA;JANELA 4;2 x 1.2 x 1 x 2;4.8
MED04;17.4;17.017.0320-A;M2;E.M MARIA DA PENHA;PORTA 1;0.9 x 2.1 x 11 x 2;41.58
MED04;17.4;17.017.0320-A;M2;E.M MARIA DA PENHA;PORTA 2;0.8 x 2.1 x 10 x 2;33.6
MED04;17.5;17.018.0031-A;M2;SEMEDE (O.S 530);O.S 530;20 x 8.5 x 1;170
MED04;17.5;17.018.0031-A;M2;E.M. Fazenda da Praia (O.S 344);O.S 344;3 x 3 x 1;9
MED04;17.5;17.018.0031-A;M2;E.M. Jerônymo Mendes da Costa (O.S 442);O.S 442;6 x 2.8 x 1;16.8
MED04;17.5;17.018.0031-A;M2;E.M. Ondina Pinto Marcondes (O.S 673);O.S 673;2 x 2.3 x 1;4.6
MED04;17.5;17.018.0031-A;M2;SEMEDE (O.S 789);O.S 789;2 x 4 x 1;8
MED04;17.5;17.018.0031-A;M2;E.M TIA LOLA;;12 x 2.5 x 1;30
MED04;17.5;17.018.0031-A;M2;E.M TIA LOLA;;4.5 x 2.5 x 1;11.25
MED04;17.5;17.018.0031-A;M2;E.M ERNESTINA JORGE (O.S 476);O.S 476;3.4 x 5;17
MED04;17.5;17.018.0031-A;M2;E.M ROSANGÊLA DUARTE;;2.6 x 6;15.6
MED04;17.5;17.018.0031-A;M2;E.M SOLANGE VIANA;SALA 3;20.6 x 1;0
MED04;17.5;17.018.0031-A;M2;E.M SOLANGE VIANA;SALA3;21.9 x 1;0
MED04;17.5;17.018.0031-A;M2;E.M SOLANGE VIANA;SALA 3;8.3 x 12.3;102.09
MED04;17.5;17.018.0031-A;M2;E.M SOLANGE VIANA;SALA3;9.6 x 12.3;118.08
MED04;17.5;17.018.0031-A;M2;E.M. MARIA DA PENHA;SALAS 06, 07, 08, 09;6.5 x 3 x 8;156
MED04;17.5;17.018.0031-A;M2;E.M. MARIA DA PENHA;SALAS 06, 07, 08, 09;4.05 x 3 x 8;97.2
MED04;17.5;17.018.0031-A;M2;E.M. MARIA DA PENHA;Diretoria - Paredes;11.32 x 2.58 x 1;29.2056
MED04;17.5;17.018.0031-A;M2;E.M. MARIA DA PENHA;Corredor diretoria  - Paredes;14.9 x 2.78 x 1;41.422
MED04;17.5;17.018.0031-A;M2;E.M. MARIA DA PENHA;Sala dos professores - Paredes;15.34 x 2.75 x 1;42.185
MED04;17.5;17.018.0031-A;M2;E.M. MARIA DA PENHA;Copa dos professores - Paredes;10.62 x 2.76 x 1;29.3112
MED04;17.5;17.018.0031-A;M2;E.M. MARIA DA PENHA;Sala de multimidia;22.22 x 2.74 x 1;60.8828
MED04;17.5;17.018.0031-A;M2;E.M. MARIA DA PENHA;PAREDES EXTERNAS;26.6 x 3 x 2;159.6
MED04;17.5;17.018.0031-A;M2;E.M. MARIA DA PENHA;MURETA;26.42 x 0.9 x 2;47.556
MED04;17.5;17.018.0031-A;M2;E.M. MARIA DA PENHA;SALAS 06, 07, 08, 09;6.5 x 4.05 x 4;105.3
MED04;17.5;17.018.0031-A;M2;E.M. SEBASTIÃO LOUBACH;DIRETORIA;28.62 x 3.2 x 1;91.584
MED04;17.5;17.018.0031-A;M2;E.M. SEBASTIÃO LOUBACH;SALA DOS PROFESSORES;28.8 x 3.2 x 1;92.16
MED04;17.5;17.018.0031-A;M2;E.M. SEBASTIÃO LOUBACH;SECRETARIA;28.8 x 3.2 x 1;92.16
MED04;17.5;17.018.0031-A;M2;E.M. SEBASTIÃO LOUBACH;ALMOXARIFADO;28.8 x 3.2 x 1;92.16
MED04;17.5;17.018.0031-A;M2;E.M. SEBASTIÃO LOUBACH;EXPOSIÇÃO DE TRABALHOS;28.8 x 3.2 x 1;92.16
MED04;17.5;17.018.0031-A;M2;E.M. SEBASTIÃO LOUBACH;GUARDA DE MATERIAIS;28.8 x 3.2 x 1;92.16
MED04;17.5;17.018.0031-A;M2;E.M. SEBASTIÃO LOUBACH;SALA DE AULA PDC;27.02 x 3.2 x 1;86.464
MED04;17.5;17.018.0031-A;M2;E.M. SEBASTIÃO LOUBACH;MULTIMEIOS;28.8 x 3.2 x 1;92.16
MED04;17.5;17.018.0031-A;M2;E.M. SEBASTIÃO LOUBACH;BIBLIOTECA;28.8 x 3.2 x 1;92.16
MED04;17.5;17.018.0031-A;M2;E.M. SEBASTIÃO LOUBACH;REFEITÓRIO/AUDITÓRIO;28.8 x 3.2 x 1;92.16
MED04;17.5;17.018.0031-A;M2;E.M. SEBASTIÃO LOUBACH;DIRETORIA;8.46 x 5.85 x 1;49.491
MED04;17.5;17.018.0031-A;M2;E.M. SEBASTIÃO LOUBACH;SALA DOS PROFESSORES;8.55 x 5.85 x 1;50.0175
MED04;17.5;17.018.0031-A;M2;E.M. SEBASTIÃO LOUBACH;SECRETARIA;8.55 x 5.85 x 1;50.0175
MED04;17.5;17.018.0031-A;M2;E.M. SEBASTIÃO LOUBACH;ALMOXARIFADO;8.55 x 5.85 x 1;50.0175
MED04;17.5;17.018.0031-A;M2;E.M. SEBASTIÃO LOUBACH;EXPOSIÇÃO DE TRABALHOS;8.55 x 5.85 x 1;50.0175
MED04;17.5;17.018.0031-A;M2;E.M. SEBASTIÃO LOUBACH;GUARDA DE MATERIAIS;8.55 x 5.85 x 1;50.0175
MED04;17.5;17.018.0031-A;M2;E.M. SEBASTIÃO LOUBACH;SALA DE AULA PDC;7.66 x 5.85 x 1;44.811
MED04;17.5;17.018.0031-A;M2;E.M. SEBASTIÃO LOUBACH;MULTIMEIOS;8.55 x 5.85 x 1;50.0175
MED04;17.5;17.018.0031-A;M2;E.M. SEBASTIÃO LOUBACH;BIBLIOTECA;8.55 x 5.85 x 1;50.0175
MED04;17.5;17.018.0031-A;M2;E.M. SEBASTIÃO LOUBACH;REFEITÓRIO/AUDITÓRIO;8.55 x 5.85 x 1;50.0175
MED04;17.5;17.018.0031-A;M2;E.M. SEBASTIÃO LOUBACH;SALA 01;28.62 x 1.63 x 1;46.6506
MED04;17.5;17.018.0031-A;M2;E.M. SEBASTIÃO LOUBACH;SALA 02;28.8 x 1.63 x 1;46.944
MED04;17.5;17.018.0031-A;M2;E.M. SEBASTIÃO LOUBACH;SALA 03;28.8 x 1.63 x 1;46.944
MED04;17.5;17.018.0031-A;M2;E.M. SEBASTIÃO LOUBACH;SALA 04;28.8 x 1.63 x 1;46.944
MED04;17.5;17.018.0031-A;M2;E.M. SEBASTIÃO LOUBACH;SALA 05;28.8 x 1.63 x 1;46.944
MED04;17.5;17.018.0031-A;M2;E.M. SEBASTIÃO LOUBACH;SALA 06;28.8 x 1.63 x 1;46.944
MED04;17.5;17.018.0031-A;M2;E.M. SEBASTIÃO LOUBACH;SALA 07;27.02 x 1.63 x 1;44.0426
MED04;17.5;17.018.0031-A;M2;E.M. SEBASTIÃO LOUBACH;SALA 08;28.8 x 1.63 x 1;46.944
MED04;17.5;17.018.0031-A;M2;E.M. SEBASTIÃO LOUBACH;SALA 09;28.8 x 1.63 x 1;46.944
MED04;17.5;17.018.0031-A;M2;E.M. SEBASTIÃO LOUBACH;SALA 10;28.8 x 1.63 x 1;46.944
MED04;17.5;17.018.0031-A;M2;E.M. SEBASTIÃO LOUBACH;SALA 12;28.8 x 1.63 x 1;46.944
MED04;17.5;17.018.0031-A;M2;E.M. SEBASTIÃO LOUBACH;SALA 01;8.46 x 5.85 x 1;49.491
MED04;17.5;17.018.0031-A;M2;E.M. SEBASTIÃO LOUBACH;SALA 02;8.55 x 5.85 x 1;50.0175
MED04;17.5;17.018.0031-A;M2;E.M. SEBASTIÃO LOUBACH;SALA 03;8.55 x 5.85 x 1;50.0175
MED04;17.5;17.018.0031-A;M2;E.M. SEBASTIÃO LOUBACH;SALA 04;8.55 x 5.85 x 1;50.0175
MED04;17.5;17.018.0031-A;M2;E.M. SEBASTIÃO LOUBACH;SALA 05;8.55 x 5.85 x 1;50.0175
MED04;17.5;17.018.0031-A;M2;E.M. SEBASTIÃO LOUBACH;SALA 06;8.55 x 5.85 x 1;50.0175
MED04;17.5;17.018.0031-A;M2;E.M. SEBASTIÃO LOUBACH;SALA 07;7.66 x 5.85 x 1;44.811
MED04;17.5;17.018.0031-A;M2;E.M. SEBASTIÃO LOUBACH;SALA 08;8.55 x 5.85 x 1;50.0175
MED04;17.5;17.018.0031-A;M2;E.M. SEBASTIÃO LOUBACH;SALA 09;8.55 x 5.85 x 1;50.0175
MED04;17.5;17.018.0031-A;M2;E.M. SEBASTIÃO LOUBACH;SALA 10;8.55 x 5.85 x 1;50.0175
MED04;17.5;17.018.0031-A;M2;E.M. SEBASTIÃO LOUBACH;SALA 11;8.55 x 5.85 x 1;50.0175
MED04;17.5;17.018.0031-A;M2;E.M. SEBASTIÃO LOUBACH;SALA 12;8.55 x 5.85 x 1;50.0175
MED04;17.5;17.018.0031-A;M2;E.M. SEBASTIÃO LOUBACH;WC MASCULINO;5.13 x 3.6 x 1;18.468
MED04;17.5;17.018.0031-A;M2;E.M. SEBASTIÃO LOUBACH;WC FEMININO;5.25 x 3.82 x 1;20.055
MED04;17.5;17.018.0031-A;M2;E.M. SEBASTIÃO LOUBACH;ARQUIBANCADA 1;22 x 0.35 x 2;15.4
MED04;17.5;17.018.0031-A;M2;E.M. SEBASTIÃO LOUBACH;ARQUIBANCADA 2;22 x 0.8 x 2;35.2
MED04;17.5;17.018.0031-A;M2;E.M. SEBASTIÃO LOUBACH;ARQUIBANCADA 3;22 x 0.4 x 2;17.6
MED04;17.5;17.018.0031-A;M2;E.M. SEBASTIÃO LOUBACH;ARQUIBANCADA 4;22 x 0.4 x 2;17.6
MED04;17.5;17.018.0031-A;M2;E.M. SEBASTIÃO LOUBACH;ARQUIBANCADA 5;22 x 0.9 x 2;39.6
MED04;17.5;17.018.0031-A;M2;E.M. SEBASTIÃO LOUBACH;MURETA QUADRA 1;3.45 x 1.25 x 2;8.625
MED04;17.5;17.018.0031-A;M2;E.M. SEBASTIÃO LOUBACH;MURETA QUADRA 2;5.75 x 1.25 x 2;14.375
MED04;17.5;17.018.0031-A;M2;E.M. SEBASTIÃO LOUBACH;MURETA QUADRA 3;5.75 x 1.25 x 2;14.375
MED04;17.5;17.018.0031-A;M2;E.M. SEBASTIÃO LOUBACH;MURETA QUADRA 4;5.75 x 1.25 x 2;14.375
MED04;17.5;17.018.0031-A;M2;E.M. SEBASTIÃO LOUBACH;MURETA QUADRA 5;5.75 x 1.25 x 2;14.375
MED04;17.5;17.018.0031-A;M2;E.M. SEBASTIÃO LOUBACH;COLUNAS QUADRA 1;2.9 x 3.4 x 14;138.04
MED04;17.5;17.018.0031-A;M2;E.M. SEBASTIÃO LOUBACH;COLUNAS QUADRA 2;0.5 x 3.5 x 14;24.5
MED04;17.6;17.018.0185-A;M2;;;;0
MED04;17.7;17.035.0020-A;M2;;;;0
MED04;17.8;17.035.0030-A;M2;E.M MARIA TEIXEIRA;GRADIL PORTÃO ENTRADA;12.4 x 2 x 1 x 2;49.6
MED04;17.8;17.035.0030-A;M2;E.M MARIA TEIXEIRA;GUADA CORPO;46 x 2.6 x 1 x 2;239.2
MED04;17.8;17.035.0030-A;M2;E.M MARIA TEIXEIRA;GRADIL PC;3.2 x 2 x 1 x 2;12.8
MED04;17.8;17.035.0030-A;M2;E.M MARIA TEIXEIRA;GRADIL PI;3.2 x 2 x 1 x 2;12.8
MED04;17.8;17.035.0030-A;M2;E.M MARIA TEIXEIRA;PORTÃO CASA DE BOMBA;6.6 x 1.85 x 1 x 2;24.42
MED04;17.8;17.035.0030-A;M2;E.M MARIA TEIXEIRA;PORTÃO CASA DE BOMBA 2;1 x 1.2 x 1 x 2;2.4
MED04;17.8;17.035.0030-A;M2;E.M MARIA TEIXEIRA;TAMPA CASA DE BOMBAS;1 x 0.95 x 1 x 2;1.9
MED04;17.8;17.035.0030-A;M2;E.M MARIA TEIXEIRA;TAMPA CASA DE BOMBAS 2;1 x 0.95 x 1 x 2;1.9
MED04;17.8;17.035.0030-A;M2;E.M MARIA TEIXEIRA;PORTÃO DE GARAGEM;3.7 x 2 x 1 x 2;14.8
MED04;17.8;17.035.0030-A;M2;E.M MARIA TEIXEIRA;PORTA AUDITÓRIO;2.1 x 2.2 x 1 x 2;9.24
MED04;17.8;17.035.0030-A;M2;E.M VER. PEDRO MOREIRA;GRADIL 1;2.3 x 1.3 x 1 x 2;5.98
MED04;17.8;17.035.0030-A;M2;E.M VER. PEDRO MOREIRA;GRADIL 2;2.3 x 1.3 x 1 x 2;5.98
MED04;17.8;17.035.0030-A;M2;E.M VER. PEDRO MOREIRA;GRADIL 3;1.2 x 1.3 x 1 x 2;3.12
MED04;17.8;17.035.0030-A;M2;E.M VER. PEDRO MOREIRA;GRADIL 4;1.2 x 1.3 x 1 x 2;3.12
MED04;17.8;17.035.0030-A;M2;E.M VER. PEDRO MOREIRA;GRADIL 5;1.2 x 1.3 x 1 x 2;3.12
MED04;17.8;17.035.0030-A;M2;E.M VER. PEDRO MOREIRA;GRADIL 6;1.15 x 0.5 x 1 x 2;1.15
MED04;17.8;17.035.0030-A;M2;E.M VER. PEDRO MOREIRA;GRADIL 7;1.15 x 0.5 x 1 x 2;1.15
MED04;17.8;17.035.0030-A;M2;E.M VER. PEDRO MOREIRA;GRADIL 8;1.4 x 2.55 x 1 x 2;7.14
MED04;17.8;17.035.0030-A;M2;E.M VER. PEDRO MOREIRA;GRADIL 9;2.5 x 1.3 x 1 x 2;6.5
MED04;17.8;17.035.0030-A;M2;E.M VER. PEDRO MOREIRA;GRADIL 10;2.5 x 1.3 x 1 x 2;6.5
MED04;17.8;17.035.0030-A;M2;E.M VER. PEDRO MOREIRA;GRADIL 11;2.5 x 1.3 x 1 x 2;6.5
MED04;17.8;17.035.0030-A;M2;E.M VER. PEDRO MOREIRA;GRADIL 12;1.3 x 2.1 x 1 x 2;5.46
MED04;17.8;17.035.0030-A;M2;E.M VER. PEDRO MOREIRA;GRADIL 13;2.1 x 2.5 x 1 x 2;10.5
MED04;17.8;17.035.0030-A;M2;E.M VER. PEDRO MOREIRA;GRADIL 14;2.1 x 2.5 x 1 x 2;10.5
MED04;17.8;17.035.0030-A;M2;E.M VER. PEDRO MOREIRA;GRADIL 15;5.7 x 2 x 1 x 2;22.8
MED04;17.8;17.035.0030-A;M2;E.M VER. PEDRO MOREIRA;GRADIL 16;9.3 x 2.4 x 1 x 2;44.64
MED04;17.8;17.035.0030-A;M2;E.M VER. PEDRO MOREIRA;GRADIL 17;5.6 x 2.4 x 1 x 2;26.88
MED04;17.8;17.035.0030-A;M2;E.M VER. PEDRO MOREIRA;GRADIL 18;2 x 2.4 x 1 x 2;9.6
MED04;17.8;17.035.0030-A;M2;E.M VER. PEDRO MOREIRA;GRADIL 19;2 x 2.4 x 1 x 2;9.6
MED04;17.8;17.035.0030-A;M2;E.M VER. PEDRO MOREIRA;GRADIL 20;0.6 x 1.9 x 1 x 2;2.28
MED04;17.8;17.035.0030-A;M2;E.M VER. PEDRO MOREIRA;MASTRO DA BANDEIRA;6 x 0.25 x 1 x 2;3
MED04;17.8;17.035.0030-A;M2;E.M VER. PEDRO MOREIRA;MASTRO DA BANDEIRA;6 x 0.25 x 1 x 2;3
MED04;17.8;17.035.0030-A;M2;E.M VER. PEDRO MOREIRA;MASTRO DA BANDEIRA;6 x 0.25 x 1 x 2;3
MED04;17.8;17.035.0030-A;M2;E.M VER. PEDRO MOREIRA;MASTRO DA BANDEIRA;6 x 0.25 x 1 x 2;3
MED04;17.8;17.035.0030-A;M2;E.M VER. PEDRO MOREIRA;CORRIMÃO 1;21.3 x 0.18 x 1 x 2;7.668
MED04;17.8;17.035.0030-A;M2;E.M VER. PEDRO MOREIRA;CORRIMÃO 2;21.3 x 0.18 x 1 x 2;7.668
MED04;17.8;17.035.0030-A;M2;E.M VER. PEDRO MOREIRA;CORRIMÃO 3;21.3 x 0.18 x 1 x 2;7.668
MED04;17.8;17.035.0030-A;M2;E.M VER. PEDRO MOREIRA;CORRIMÃO 4;21.3 x 0.18 x 1 x 2;7.668
MED04;17.8;17.035.0030-A;M2;E.M VER. PEDRO MOREIRA;CORRIMÃO 5;4 x 0.18 x 1 x 2;1.44
MED04;17.8;17.035.0030-A;M2;E.M VER. PEDRO MOREIRA;CORRIMÃO 6;4 x 0.18 x 1 x 2;1.44
MED04;17.8;17.035.0030-A;M2;E.M VER. PEDRO MOREIRA;CORRIMÃO 7;4 x 0.18 x 1 x 2;1.44
MED04;17.8;17.035.0030-A;M2;E.M VER. PEDRO MOREIRA;CORRIMÃO 8;4 x 0.18 x 1 x 2;1.44
MED04;17.8;17.035.0030-A;M2;E.M VER. PEDRO MOREIRA;CORRIMÃO 9;13.5 x 0.18 x 1 x 2;4.86
MED04;17.8;17.035.0030-A;M2;E.M VER. PEDRO MOREIRA;CORRIMÃO 10;13.5 x 0.18 x 1 x 2;4.86
MED04;17.8;17.035.0030-A;M2;E.M MARIA DA PENHA;PORTÃO EXTERNO;3.1 x 2 x 1 x 2;12.4
MED04;17.8;17.035.0030-A;M2;E.M MARIA DA PENHA;GRADIL 1;2.9 x 2.1 x 1 x 2;12.18
MED04;17.8;17.035.0030-A;M2;E.M MARIA DA PENHA;GRADIL 2;2.1 x 1 x 1 x 2;4.2
MED04;17.8;17.035.0030-A;M2;E.M MARIA DA PENHA;GRADIL 3;2.1 x 1 x 1 x 2;4.2
MED04;17.8;17.035.0030-A;M2;E.M MARIA DA PENHA;GRADIL 4;2 x 1.2 x 1 x 2;4.8
MED04;17.8;17.035.0030-A;M2;E.M MARIA DA PENHA;GRADIL 5;2 x 1.2 x 1 x 2;4.8
MED04;17.8;17.035.0030-A;M2;E.M MARIA DA PENHA;GRADIL 6;2 x 1.2 x 1 x 2;4.8
MED04;17.8;17.035.0030-A;M2;E.M MARIA DA PENHA;GRADIL 7;2 x 1.2 x 1 x 2;4.8
MED04;17.8;17.035.0030-A;M2;E.M MARIA DA PENHA;GRADIL 8;1.8 x 2.1 x 1 x 2;7.56
MED04;17.8;17.035.0030-A;M2;E.M MARIA DA PENHA;JANELA 1;2 x 1.2 x 1 x 2;4.8
MED04;17.8;17.035.0030-A;M2;E.M MARIA DA PENHA;JANELA 2;2 x 1.2 x 1 x 2;4.8
MED04;17.8;17.035.0030-A;M2;E.M MARIA DA PENHA;JANELA 3;2 x 1.2 x 1 x 2;4.8
MED04;17.8;17.035.0030-A;M2;E.M MARIA DA PENHA;JANELA 4;2 x 1.2 x 1 x 2;4.8
MED04;17.8;17.035.0030-A;M2;E.M MARIA DA PENHA;PORTA 1;0.9 x 2.1 x 11 x 2;41.58
MED04;17.8;17.035.0030-A;M2;E.M MARIA DA PENHA;PORTA 2;0.8 x 2.1 x 10 x 2;33.6
MED04;17.9;17.040.0021-A;M2;;;;0
MED04;17.10;17.040.0024-A;M2;E.M SEBASTIÃO LOUBACH;PISO AO REDOR QUADRA 1;1.45 x 2.75 x 1;3.9875
MED04;17.10;17.040.0024-A;M2;E.M SEBASTIÃO LOUBACH;PISO AO REDOR QUADRA 2;32.5 x 1.3 x 1;42.25
MED04;17.10;17.040.0024-A;M2;E.M SEBASTIÃO LOUBACH;PISO AO REDOR QUADRA 3;2.3 x 3.2 x 1;7.36
MED04;17.10;17.040.0024-A;M2;E.M SEBASTIÃO LOUBACH;PISO AO REDOR QUADRA 4;26.2 x 2.5 x 1;65.5
MED04;18.1;18.002.0010-A;UN;E.M. Profº Solange Viana (O.S 455);O.S 455;1;1
MED04;18.2;18.002.0030-A;UN;;;;0
MED04;18.3;18.002.0055-A;UN;;;;0
MED04;18.4;18.002.0065-A;UN;;;;0
MED04;18.5;18.002.0080-A;UN;;;;0
MED04;18.6;18.003.0003-A;UN;;;;0
MED04;18.7;18.003.0015-A;UN;E.M. JOÃO BENTO;EMERGENCIAL;2;2
MED04;18.8;18.005.0010-A;UN;;;;0
MED04;18.9;18.005.0012-A;UN;;;;0
MED04;18.10;18.005.0013-A;UN;;;;0
MED04;18.11;18.005.0018-A;UN;E.M. Profº América Abdalla (O.S 14);O.S 14;5;5
MED04;18.11;18.005.0018-A;UN;E.M. Ernestina Jorge Pereira (O.S 236);O.S 236;2;2
MED04;18.11;18.005.0018-A;UN;E.M. Fazenda da Praia (O.S 270);O.S 270;1;1
MED04;18.11;18.005.0018-A;UN;Creche Dona Lina (O.S 360);O.S 360;2;2
MED04;18.11;18.005.0018-A;UN;E.M. Maria da Penha de Oliveira (O.S 480);O.S 480;1;1
MED04;18.11;18.005.0018-A;UN;E.M. João Bento Duarte Neto (O.S 547);O.S 547;5;5
MED04;18.11;18.005.0018-A;UN;SEMEDE (O.S 551);O.S 551;20;20
MED04;18.11;18.005.0018-A;UN;E.M. Profº Solange Viana (O.S 677);O.S 677;1;1
MED04;18.12;18.006.0025-A;UN;E.M. Profº América Abdalla (O.S );;5;5
MED04;18.12;18.006.0025-A;UN;E.M Cláudio Ribeiro;;2;2
MED04;18.13;18.006.0050-A;UN;;;;0
MED04;18.14;18.007.0042-A;UN;;;;0
MED04;18.16;18.007.0080-A;UN;CRECHE TIA DIDI;;1;1
MED04;18.17;18.008.0005-A;UN;;;;0
MED04;18.18;18.008.0007-A;UN;;;;0
MED04;18.19;18.009.0058-A;UN;E.M. Profº América Abdalla (O.S 105);O.S 105;2;2
MED04;18.19;18.009.0058-A;UN;E.M. Prof° Neli Aparecida Tâmara Luiz (O.S 135);O.S 135;3;3
MED04;18.19;18.009.0058-A;UN;E.M. Fazenda da Praia (O.S 159);O.S 159;2;2
MED04;18.19;18.009.0058-A;UN;E.M. Padre José Dilson Dórea (O.S 276);O.S 276;1;1
MED04;18.19;18.009.0058-A;UN;E.M. Maria da Penha de Oliveira (O.S 400);O.S 400;2;2
MED04;18.19;18.009.0058-A;UN;IMERO (O.S 416);O.S 416;2;2
MED04;18.19;18.009.0058-A;UN;CIEP Mestre Marçal Municipalizado (O.S 795);O.S 795;2;2
MED04;18.19;18.009.0058-A;UN;E.M INAYÁ;EMERGENCIAL;3;3
MED04;18.19;18.009.0058-A;UN;CRECHE TIA DIDI;EMERGENCIAL;2;2
MED04;18.19;18.009.0058-A;UN;E.M. Padre José Dilson Dórea (O.S 349);O.S 349;1;1
MED04;18.19;18.009.0058-A;UN;Creche Dona Cota (O.S 459);O.S 459;1;1
MED04;18.19;18.009.0058-A;UN;E.M. Dom Bosco (O.S 460);O.S 460;1;1
MED04;18.19;18.009.0058-A;UN;Creche M. Dona Senhorinha (O.S 465);O.S 465;2;2
MED04;18.19;18.009.0058-A;UN;E.M. Profº América Abdalla (O.S 488);O.S 488;1;1
MED04;18.19;18.009.0058-A;UN;E.M. Prefeito Cláudio Ribeiro (O.S 533);O.S 533;1;1
MED04;18.19;18.009.0058-A;UN;E.M. Francisco de Assis Medeiros Rangel (O.S 694);O.S 694;2;2
MED04;18.19;18.009.0058-A;UN;E.M. Profº América Abdalla (O.S 699);O.S 699;2;2
MED04;18.19;18.009.0058-A;UN;CIEP Mestre Marçal Municipalizado (O.S 786);O.S 786;3;3
MED04;18.19;18.009.0058-A;UN;E.M. Sebastião Loubach (O.S 813);O.S 813;1;1
MED04;18.19;18.009.0058-A;UN;NILTON BALTHAZAR;EMERGENCIAL;1;1
MED04;18.20;18.009.0074-A;UN;Creche M. Márcia Lustosa Machado (O.S 788);O.S 788;1;1
MED04;18.20;18.009.0074-A;UN;E.M. Maria da Penha de Oliveira (O.S 815);O.S 815;2;2
MED04;18.20;18.009.0074-A;UN;E.M MARIA DA PENHA;EMERGENCIAL;2;2
MED04;18.21;18.009.0076-A;UN;E.M. Profº América Abdalla (O.S 14);O.S 14;5;5
MED04;18.21;18.009.0076-A;UN;E.M. Ernestina Jorge Pereira (O.S 236);O.S 236;2;2
MED04;18.21;18.009.0076-A;UN;Creche Dona Lina (O.S 360);O.S 360;2;2
MED04;18.21;18.009.0076-A;UN;E.M. Francisco de Assis Medeiros Rangel (O.S 562);O.S 562;1;1
MED04;18.21;18.009.0076-A;UN;E.M. Jovenil Bastos da Silva (O.S 570);O.S 570;4;4
MED04;18.21;18.009.0076-A;UN;Creche M. Dona Senhorinha (O.S 649);O.S 649;1;1
MED04;18.21;18.009.0076-A;UN;E.M. Rio das Ostras (O.S 719);O.S 719;3;3
MED04;18.21;18.009.0076-A;UN;E.M. Ondina Pinto Marcondes (O.S 732);O.S 732;1;1
MED04;18.22;18.011.0003-A;UN;;;;0
MED04;18.23;18.012.0090-A;UN;;;;0
MED04;18.24;18.013.0106-A;UN;Creche M. Dona Senhorinha (O.S 379);O.S 379;1;1
MED04;18.24;18.013.0106-A;UN;E.M. João Batista Gomes da Cruz (O.S 510);O.S 510;1;1
MED04;18.24;18.013.0106-A;UN;E.M. Senhorinha de Oliveira Gomes (O.S 746);O.S 746;1;1
MED04;18.25;18.013.0109-A;UN;E.M. Prefeito Paulo Pinheiro (O.S 745);O.S 745;1;1
MED04;18.25;18.013.0109-A;UN;E.M. João Bento Duarte Neto (O.S 797);O.S 797;1;1
MED04;18.25;18.013.0109-A;UN;Creche E.M. Maria Rosa Ribeiro Pinheiro (O.S 265);O.S 265;3;3
MED04;18.26;18.013.0111-A;UN;;;;0
MED04;18.27;18.013.0127-A;UN;E.M. Profº América Abdalla (O.S 14);O.S 14;5;5
MED04;18.27;18.013.0127-A;UN;E.M. Ernestina Jorge Pereira (O.S 236);O.S 236;2;2
MED04;18.27;18.013.0127-A;UN;E.M. Fany Batista Esteves (O.S 312);O.S 312;3;3
MED04;18.27;18.013.0127-A;UN;E.M. Prof° Neli Aparecida Tâmara Luiz (O.S 325);O.S 325;1;1
MED04;18.27;18.013.0127-A;UN;Creche Dona Lina (O.S 360);O.S 360;2;2
MED04;18.27;18.013.0127-A;UN;Creche M. Dona Senhorinha (O.S 379);O.S 379;1;1
MED04;18.27;18.013.0127-A;UN;E.M. Maria Teixeira de Paula (O.S 410);O.S 410;1;1
MED04;18.27;18.013.0127-A;UN;E.M. Vereador Pedro Moreira dos Santos (O.S 479);O.S 479;1;1
MED04;18.27;18.013.0127-A;UN;E.M. Vereador Pedro Moreira dos Santos (O.S 519);O.S 519;2;2
MED04;18.27;18.013.0127-A;UN;Creche M. Valdira Flausino Rodrigues (O.S 524);O.S 524;1;1
MED04;18.27;18.013.0127-A;UN;E.M. Maria Teixeira de Paula (O.S 543);O.S 543;1;1
MED04;18.27;18.013.0127-A;UN;E.M. Francisco de Assis Medeiros Rangel (O.S 562);O.S 562;1;1
MED04;18.27;18.013.0127-A;UN;E.M. Senhorinha de Oliveira Gomes (O.S 611);O.S 611;2;2
MED04;18.27;18.013.0127-A;UN;E.M. Profº Solange Viana (O.S 677);O.S 677;1;1
MED04;18.27;18.013.0127-A;UN;E.M. Maria Teixeira de Paula (O.S 758);O.S 758;1;1
MED04;18.27;18.013.0127-A;UN;E.M. Jerônymo Mendes da Costa (O.S 816;O.S 816;4;4
MED04;18.27;18.013.0127-A;UN;Creche E.M. Maria Rosa Ribeiro Pinheiro (O.S 265);O.S 265;3;3
MED04;18.27;18.013.0127-A;UN;E.M JERÔNIMO MENDES;EMERGENCIAL;4;4
MED04;18.27;18.013.0127-A;UN;CRECHE VALDIRA;EMERGENCIAL;4;4
MED04;18.28;18.013.0133-A;UN;E.M. Ernestina Jorge Pereira (O.S 236);O.S 236;2;2
MED04;18.28;18.013.0133-A;UN;Creche Dona Lina (O.S 360);O.S 360;2;2
MED04;18.28;18.013.0133-A;UN;E.M. Profº Marinete Coelho Souza (O.S 447);O.S 447;3;3
MED04;18.28;18.013.0133-A;UN;E.M. Maria Teixeira de Paula (O.S 543);O.S 543;1;1
MED04;18.28;18.013.0133-A;UN;E.M. Profº Marinete Coelho Souza (O.S 631);O.S 631;1;1
MED04;18.28;18.013.0133-A;UN;E.M. Profº Solange Viana (O.S 677);O.S 677;1;1
MED04;18.28;18.013.0133-A;UN;E.M FANY BATISTA;EMERGENCIAL;1;1
MED04;18.29;18.013.0156-A;UN;;;;0
MED04;18.30;18.016.0040-A;UN;;;;0
MED04;18.31;18.016.0045-A;M;;;;0
MED04;18.32;18.016.0050-A;M;;;;0
MED04;18.33;18.016.0106-A;UN;;;;0
MED04;18.34;18.017.0020-A;UN;E.M. Prof° Neli Aparecida Tâmara Luiz (O.S 135);O.S 135;3;3
MED04;18.34;18.017.0020-A;UN;E.M. Padre José Dilson Dórea (O.S 276);O.S 276;1;1
MED04;18.34;18.017.0020-A;UN;E.M. Maria da Penha de Oliveira (O.S 400);O.S 400;2;2
MED04;18.34;18.017.0020-A;UN;E.M. Jerônymo Mendes da Costa (O.S 402);O.S 402;1;1
MED04;18.34;18.017.0020-A;UN;E.M. Profº Rosângela Duarte Faria (O.S 419);O.S 419;1;1
MED04;18.34;18.017.0020-A;UN;Creche M. Dona Senhorinha (O.S 465);O.S 465;2;2
MED04;18.34;18.017.0020-A;UN;E.M. Profº América Abdalla (O.S 488);O.S 488;1;1
MED04;18.34;18.017.0020-A;UN;E.M. Fany Batista Esteves (O.S 513);O.S 513;3;3
MED04;18.34;18.017.0020-A;UN;E.M. Enedina Fidélis Moreira (O.S 687);O.S 687;2;2
MED04;18.34;18.017.0020-A;UN;E.M. Prof° Neli Aparecida Tâmara Luiz (O.S 766);O.S 766;1;1
MED04;18.34;18.017.0020-A;UN;E.M. Profº Marinete Coelho Souza (O.S 803);O.S 803;2;2
MED04;18.34;18.017.0020-A;UN;E.M. Fany Batista Esteves (O.S 817);O.S 817;1;1
MED04;18.34;18.017.0020-A;UN;E.M. Elson Pinheiro (O.S 635);O.S 635;5;5
MED04;18.34;18.017.0020-A;UN;E.M MARINETE;EMERGENCIAL;2;2
MED04;18.34;18.017.0020-A;UN;E.M CIMAR MACHADO;EMERGENCIAL;2;2
MED04;18.34;18.017.0020-A;UN;E.M INAYA;EMERGENCIAL;3;3
MED04;18.35;18.019.0010-A;UN;E.M. Profº América Abdalla (O.S 14);O.S 14;5;5
MED04;18.35;18.019.0010-A;UN;E.M. Ernestina Jorge Pereira (O.S 236);O.S 236;2;2
MED04;18.35;18.019.0010-A;UN;E.M. Fazenda da Praia (O.S 270);O.S 270;1;1
MED04;18.35;18.019.0010-A;UN;E.M. Fany Batista Esteves (O.S 312);O.S 312;5;5
MED04;18.35;18.019.0010-A;UN;Creche Dona Lina (O.S 360);O.S 360;2;2
MED04;18.35;18.019.0010-A;UN;CIEP Mestre Marçal Municipalizado (O.S 441);O.S 441;2;2
MED04;18.35;18.019.0010-A;UN;Creche Dona Cota (O.S 459);O.S 459;1;1
MED04;18.35;18.019.0010-A;UN;E.M. Jovenil Bastos da Silva (O.S 469);O.S 469;4;4
MED04;18.35;18.019.0010-A;UN;E.M. Vereador Pedro Moreira dos Santos (O.S 479);O.S 479;1;1
MED04;18.35;18.019.0010-A;UN;E.M. Alzir David Pereira (O.S 487);O.S 487;1;1
MED04;18.35;18.019.0010-A;UN;E.M. Prefeito Célio Sarzedas (O.S 528);O.S 528;4;4
MED04;18.35;18.019.0010-A;UN;E.M. Francisco de Assis Medeiros Rangel (O.S 562);O.S 562;1;1
MED04;18.35;18.019.0010-A;UN;Creche M. Dona Senhorinha (O.S 649);O.S 649;1;1
MED04;18.35;18.019.0010-A;UN;E.M. Alzir David Pereira (O.S 661);O.S 661;1;1
MED04;18.35;18.019.0010-A;UN;E.M. Profº Solange Viana (O.S 677);O.S 677;2;2
MED04;18.35;18.019.0010-A;UN;Creche M. Dona Senhorinha (O.S 720);O.S 720;1;1
MED04;18.35;18.019.0010-A;UN;E.M. Prefeito Paulo Pinheiro (O.S 745);O.S 745;1;1
MED04;18.35;18.019.0010-A;UN;E.M. Elson Pinheiro (O.S 841);O.S 841;1;1
MED04;18.35;18.019.0010-A;UN;E.M ERNESTINA JORGE;EMERGENCIAL;2;2
MED04;18.35;18.019.0010-A;UN;E.M ELSON PINHEIRO;EMERGENCIAL;2;2
MED04;18.35;18.019.0010-A;UN;E.M CÉLIO SARZEDAS;EMERGENCIAL;3;3
MED04;18.36;18.021.0030-A;UN;;;;0
MED04;18.37;18.021.0035-A;UN;;;;0
MED04;18.38;18.021.0042-A;UN;;;;0
MED04;18.40;18.027.0045-A;UN;;;;0
MED04;18.41;18.027.0097-A;UN;;;;0
MED04;18.43;18.027.0303-A;UN;E.M FANY BATISTA;REFLETOR;10;10
MED04;18.44;18.027.0305-A;UN;E.M. Profº América Abdalla (O.S 15);O.S 15;30;30
MED04;18.46;18.027.0445-A;UN;;;;0
MED04;18.48;18.029.0012-A;UN;Creche Dona Lina (O.S 374);O.S 374;1;1
MED04;18.48;18.029.0012-A;UN;E.M Sebastião Loubach;;1;1
MED04;18.48;18.029.0012-A;UN;E.M ERNESTINA JORGE;EMERGENCIAL;1;1
MED04;18.48;18.029.0012-A;UN;ENEDINA;EMERGENCIAL;1;1
MED04;18.48;18.029.0012-A;UN;NILTON BALTHAZAR;EMERGENCIAL;1;1
MED04;18.49;18.082.0020-A;M;;;;0
MED04;18.51;18.200.0001-A;PAR;E.M TIA LOLA;;3;3
MED04;18.52;18.200.0002-A;PAR;;;;0
MED04;18.53;18.200.0004-A;PAR;;;;0
MED04;18.54;18.200.0005-A;PAR;;;;0
MED04;18.55;18.200.0015-A;PAR;;;;0
MED04;18.56;18.200.0020-A;UN;;;;0
MED05;A.2;20069;H;;;;88
MED05;A.4;20155;H;;;;288
MED05;A.5;20143;H;;;;176
MED05;A.7;20146;H;;;;176
MED05;A.9;20008;H;;;;288
MED05;A.12;19.004.0001-C;H;;;;352
MED05;A.15;19.004.0040-C;H;;;;704
MED05;A.16;19.004.0046-C;H;;;;528
MED05;1.1;20039;H;;;;864
MED05;1.2;20060;H;;;;1728
MED05;1.3;20115;H;;;;1728
MED05;1.4;20131;H;;;;288
MED05;1.5;20132;H;;;;5184
MED05;3.1;03.001.0001-B;M3;E.M ROCHA LEÃO;CASA DE GÁS;1.6269 x 0.2 x 1;0.32538
MED05;3.1;03.001.0001-B;M3;E.M ROCHA LEÃO;CASA DE GÁS;0.25 x 0.5 x 4;0.5
MED05;3.1;03.001.0001-B;M3;E.M ROCHA LEÃO;BANHEIRO EXTERNO;2.2344 x 0.2 x 1;0.44688
MED05;3.1;03.001.0001-B;M3;E.M ROCHA LEÃO;BANHEIRO EXTERNO;0.25 x 0.5 x 4;0.5
MED05;3.2;03.010.0024-A;M3;E.M ROCHA LEÃO;CASA DE GÁS;1.6269 x 0.2 x 1;0.32538
MED05;3.2;03.010.0024-A;M3;E.M ROCHA LEÃO;CASA DE GÁS;0.25 x 0.5 x 4;0.5
MED05;3.2;03.010.0024-A;M3;E.M ROCHA LEÃO;BANHEIRO EXTERNO;2.2344 x 0.2 x 1;0.44688
MED05;3.2;03.010.0024-A;M3;E.M ROCHA LEÃO;BANHEIRO EXTERNO;0.25 x 0.5 x 4;0.5
MED05;3.3;03.009.0080-A;M3;E.M ROCHA LEÃO;CASA DE GÁS;1.6269 x 0.2 x 1;0.32538
MED05;3.3;03.009.0080-A;M3;E.M ROCHA LEÃO;CASA DE GÁS;0.25 x 0.5 x 4;0.5
MED05;3.3;03.009.0080-A;M3;E.M ROCHA LEÃO;BANHEIRO EXTERNO;2.2344 x 0.2 x 1;0.44688
MED05;3.3;03.009.0080-A;M3;E.M ROCHA LEÃO;BANHEIRO EXTERNO;0.25 x 0.5 x 4;0.5
MED05;3.4;03.011.0015-B;M3;E.M ROCHA LEÃO;CASA DE GÁS;1.6269 x 0.2 x 1;0.32538
MED05;3.4;03.011.0015-B;M3;E.M ROCHA LEÃO;CASA DE GÁS;0.25 x 0.5 x 4;0.5
MED05;3.4;03.011.0015-B;M3;E.M ROCHA LEÃO;BANHEIRO EXTERNO;2.2344 x 0.2 x 1;0.44688
MED05;3.4;03.011.0015-B;M3;E.M ROCHA LEÃO;BANHEIRO EXTERNO;0.25 x 0.5 x 4;0.5
MED05;4.2;04.005.0120-A;T X KM;Transporte de itens diverso, em caminhão de carroceria fixa e com capacidade de 8,0T  do deposito  da empresa até o local de aplicação, itens como ferramentas, argamassa, portas, janelas, latas de tinta e massa, tijolos, telhas, e outros.;;12 x 8 x 10 x 22;21120
MED05;4.3;04.006.0013-B;T;;;75 x 0.1 x 3;22.5
MED05;4.4;04.006.0008-B;T;;;;65.5
MED05;4.6;04.020.0122-A;M2XKM;E.M INAYÁ;;20 x 4;80
MED05;4.6;04.020.0122-A;M2XKM;E.M ROCHA LEÃO;;15 x 6;90
MED05;4.6;04.020.0122-A;M2XKM;E.M PEDRO MOREIRA;;15 x 3;45
MED05;4.7;04.021.0010-A;M2;E.M INAYÁ;;20 x 1;20
MED05;4.7;04.021.0010-A;M2;E.M ROCHA LEÃO;;15 x 1;15
MED05;4.7;04.021.0010-A;M2;E.M PEDRO MOREIRA;;15 x 1;15
MED05;5.1;05.001.0001-A;M3;;;;0
MED05;5.2;05.001.0002-B;M3;;;;0
MED05;5.3;05.001.0008-A;M2;;;;195.5
MED05;5.4;05.001.0009-A;M2;GABINETE;PAREDES;4.26 x 2.7;11.5
MED05;5.5;05.001.0011-A;M2;;;;0
MED05;5.6;05.001.0014-A;M2;GABINETE;PAREDES;4.26 x 2.7;11.5
MED05;5.7;05.001.0015-A;M2;GABINETE;PISO;2 x 1.74;3.48
MED05;5.7;05.001.0015-A;M2;GABINETE;PISO;2 x 1.64;3.28
MED05;5.8;05.001.0021-A;M2;;;;0
MED05;5.9;05.001.0023-A;M3;Creche M. Valdira Flausino Rodrigues (0.S 42);VÃO DE PORTA;0.8 x 2.1 x 0.2 x 1;0.336
MED05;5.9;05.001.0023-A;M3;Creche M. Valdira Flausino Rodrigues (0.S 42);Abertura para elétrica de um ventilador;1.5 x 0.1 x 0.2 x 1;0.03
MED05;5.10;05.001.0024-A;M3;;;0.2 x 2.9;0
MED05;5.12;05.001.0040-A;M2;;;;0
MED05;5.13;05.001.0041-A;M2;;;;0
MED05;5.14;05.001.0043-A;M2;;;;0
MED05;5.16;05.001.0055-A;M2;;;;0
MED05;5.17;05.001.0063-A;M2;;;;0
MED05;5.18;05.001.0071-A;M;;;;0
MED05;5.19;05.001.0074-A;M2;;;;0
MED05;5.20;05.001.0134-A;UN;;;;0
MED05;5.23;05.001.0144-A;UN;Escola M. Fazendas Reunidas Atlântica (O.S 173);O.S 173;8;8
MED05;5.23;05.001.0144-A;UN;Escola M. Rocha Leão (O.S. 235);O.S 235;6;6
MED05;5.23;05.001.0144-A;UN;Escola M. Neli Aparecida Tâmara Luiz (O.S. 257);O.S 257;10;10
MED05;5.23;05.001.0144-A;UN;Escola M. Nilton Balthazar (O.S. 274);O.S 274;10;10
MED05;5.23;05.001.0144-A;UN;Escola M. Henrique Sarzedas (O.S. 331);O.S 331;3;3
MED05;5.23;05.001.0144-A;UN;Escola M. Enedina Fidélis Moreira (O.S. 427);O.S 427;2;2
MED05;5.23;05.001.0144-A;UN;Escola M. Inayá Moraes D'Couto (O.S. 608);O.S 608;2;2
MED05;5.23;05.001.0144-A;UN;Escola M. Francisco de Assis Medeiros Rangel (O.S. 693);O.S 693;4;4
MED05;5.23;05.001.0144-A;UN;Escola M. Elson Pinheiro (O.S. 838);O.S 838;10;10
MED05;5.23;05.001.0144-A;UN;Creche M. Dona Senhorinha (O.S. 859);O.S 859;2;2
MED05;5.23;05.001.0144-A;UN;Escola M. Pedro Moreira dos Santos (O.S. 860);O.S 860;8;8
MED05;5.23;05.001.0144-A;UN;Creche M. Márcia Lustosa Machado (O.S. 864);O.S 864;16;16
MED05;5.23;05.001.0144-A;UN;Escola M. Rio das Ostras (O.S. 874);O.S 874;6;6
MED05;5.23;05.001.0144-A;UN;Escola M. Henrique Sarzedas (O.S. 1079);O.S 1079;10;10
MED05;5.23;05.001.0144-A;UN;Creche M. Dona Senhorinha (SEM O.S. );;25;25
MED05;5.23;05.001.0144-A;UN;Escola M. Rosângela Duarte Faria (SEM O.S. );;2;2
MED05;5.23;05.001.0144-A;UN;Creche M. Valdira Flausino Rodrigues (SEM O.S );;20;20
MED05;5.23;05.001.0144-A;UN;Escola M. Francisco de Assis Medeiros Rangel (SEM O.S);;10;10
MED05;5.24;05.001.0145-A;UN;CEMAEE (O.S 239);O.S 239;1;1
MED05;5.24;05.001.0145-A;UN;Escola M. Jovenil Bastos da Silva (O.S 469);O.S 469;1;1
MED05;5.24;05.001.0145-A;UN;Escola M. Simar Machado Sodré (O.S 491);O.S 491;1;1
MED05;5.24;05.001.0145-A;UN;Escola M. Ary Gomes de Marins (O.S 504);O.S 504;3;3
MED05;5.24;05.001.0145-A;UN;Escola M. Ondina Pinto Marcondes (O.S 552);O.S 552;1;1
MED05;5.24;05.001.0145-A;UN;Escola M. Nelzir Pereira Mello (O.S 572);O.S 572;1;1
MED05;5.24;05.001.0145-A;UN;Escola M. Ondina Pinto Marcondes (O.S 647);O.S 647;1;1
MED05;5.24;05.001.0145-A;UN;Escola M. Elson Pinheiro (O.S 841);O.S 841;1;1
MED05;5.24;05.001.0145-A;UN;Escola M. Prefeito Paulo Pinheiro (O.S 894);O.S 894;2;2
MED05;5.24;05.001.0145-A;UN;Escola M. Rosângela Duarte Faria (O.S 924);O.S 924;2;2
MED05;5.24;05.001.0145-A;UN;GABINETE;;2;2
MED05;5.24;05.001.0145-A;UN;Creche M. Valdira Flausino Rodrigues (O.S 42);O.S 42;2;2
MED05;5.24;05.001.0145-A;UN;CEMAEE (O.S 588);O.S 588;1;1
MED05;5.24;05.001.0145-A;UN;Escola M. Ondina Pinto Marcondes (O.S 647);O.S 647;1;1
MED05;5.24;05.001.0145-A;UN;CEMADA (O.S 891);O.S 891;1;1
MED05;5.25;05.001.0146-A;M;;;;0
MED05;5.29;05.005.0012-B;M2;E.M INAYÁ;;20 x 0.5;10
MED05;5.29;05.005.0012-B;M2;E.M ROCHA LEÃO;;15 x 0.5;7.5
MED05;5.29;05.005.0012-B;M2;E.M PEDRO MOREIRA;;15 x 0.5;7.5
MED05;5.30;05.006.0001-B;M2XMES;E.M INAYÁ;;20 x 4.5 x 3.3;66
MED05;5.30;05.006.0001-B;M2XMES;E.M ROCHA LEÃO;;15 x 3.5 x 2.3;34.5
MED05;5.30;05.006.0001-B;M2XMES;E.M PEDRO MOREIRA;;15 x 3.5 x 2.3;34.5
MED05;5.31;05.008.0001-A;M2;E.M INAYÁ;;20 x 4.5;90
MED05;5.31;05.008.0001-A;M2;E.M ROCHA LEÃO;;15 x 3.5;52.5
MED05;5.31;05.008.0001-A;M2;E.M PEDRO MOREIRA;;15 x 3.5;52.5
MED05;6.1;06.001.0242-A;M;E.M ROCHA LEÃO;;24;24
MED05;6.2;06.001.0243-A;M;;;;0
MED05;6.10;06.272.0002-A;M;E.M ROCHA LEÃO;;24;24
MED05;6.11;06.272.0003-A;M;;;;0
MED05;6.14;06.272.0021-A;UN;E.M ROCHA LEÃO;;2;2
MED05;6.15;06.272.0022-A;UN;;;;0
MED05;6.16;06.272.0026-A;UN;E.M ROCHA LEÃO;;6;6
MED05;6.17;06.272.0027-A;UN;;;;0
MED05;6.18;06.272.0029-A;UN;;;;0
MED05;6.19;06.272.0030-A;UN;;;;0
MED05;6.20;06.272.0032-A;UN;;;;0
MED05;6.21;06.272.0035-A;UN;;;;0
MED05;6.22;06.272.0038-A;UN;;;;0
MED05;6.23;06.272.0039-A;UN;;;;0
MED05;8.5;08.020.0022-A;M2;;;;0
MED05;8.6;08.027.0037-A;M;;;;0
MED05;9.3;09.015.0040-A;M2;;;;0
MED05;9.4;09.015.0050-A;M2;;;;0
MED05;9.5;09.015.0200-A;M2;;;;0
MED05;11.1;11.003.0002-A;M3;E.M ROCHA LEÃO;CASA DE GÁS;1.6269 x 0.1 x 1;0.16269
MED05;11.1;11.003.0002-A;M3;E.M ROCHA LEÃO;CASA DE GÁS;0.25 x 0.5 x 4;0.5
MED05;11.1;11.003.0002-A;M3;E.M ROCHA LEÃO;BANHEIRO EXTERNO;2.2344 x 0.1 x 1;0.22344
MED05;11.1;11.003.0002-A;M3;E.M ROCHA LEÃO;BANHEIRO EXTERNO;0.25 x 0.5 x 4;0.5
MED05;11.2;11.004.0022-B;M2;;;;0
MED05;11.3;11.013.0075-A;M3;;;;0
MED05;11.6;11.023.0002-A;KG;;;;0
MED05;11.7;11.025.0006-A;M3;;;0.15;0
MED05;11.8;11.025.0012-A;M3;;;0.15;0
MED05;11.9;11.030.0080-A;M2;E.M ROCHA LEÃO;CASA DE GÁS;1.86 x 0.87 x 1;1.62
MED05;11.9;11.030.0080-A;M2;E.M ROCHA LEÃO;BANHEIRO EXTERNO;4.3 x 1.8 x 1;7.74
MED05;11.10;11.050.0001-B;M3XMES;;;2.9 x 1;0
MED05;11.11;11.055.0001-B;M3;;;2.9 x 0.35;0
MED05;12.1;12.002.0015-A;M2;;;;0
MED05;12.2;12.003.0075-B;M2;E.M ROCHA LEÃO;CASA DE GÁS;5.46 x 1.9 x 1;10.37
MED05;12.2;12.003.0075-B;M2;E.M ROCHA LEÃO;BANHEIRO EXTERNO;11.9 x 2.9 x 1;34.51
MED05;12.3;12.005.0030-A;M2;;;;0
MED05;12.4;12.016.0004-A;M2;;;;27.22
MED05;12.5;12.016.0010-A;M2;;;;0
MED05;12.6;12.016.0024-A;M2;;;;0
MED05;13.1;13.001.0010-B;M2;E.M ROCHA LEÃO;CASA DE GÁS;5.46 x 1.9 x 2;20.75
MED05;13.1;13.001.0010-B;M2;E.M ROCHA LEÃO;BANHEIRO EXTERNO;11.9 x 2.9 x 2;69.02
MED05;13.2;13.001.0026-A;M2;E.M ROCHA LEÃO;CASA DE GÁS;5.46 x 1.9 x 2;20.75
MED05;13.2;13.001.0026-A;M2;E.M ROCHA LEÃO;BANHEIRO EXTERNO;11.9 x 2.9 x 2;69.02
MED05;13.3;13.003.0005-A;M2;;;;0
MED05;13.4;13.022.0040-A;M2;;;;0
MED05;13.5;13.030.0290-A;M2;GABINETE;PAREDES;4.26 x 2.7 x 1;11.5
MED05;13.5;13.030.0290-A;M2;E.M ROCHA LEÃO;BANHEIRO EXTERNO;11.9 x 2.9 x 1;34.51
MED05;13.5;13.030.0290-A;M2;E.M ROCHA LEÃO;SALA DE AULA PAREDES;24 x 1.15 x 6;165.6
MED05;13.5;13.030.0290-A;M2;E.M ROCHA LEÃO;SALA DE AULA PAREDES;26 x 1.15 x 1;29.9
MED05;13.6;13.175.0010-A;M2;CEMAEE (O.S 730);O.S 730;6 x 6;36
MED05;13.6;13.175.0010-A;M2;CEMAEE (O.S 730);O.S 730;2.6 x 2;5.2
MED05;13.7;13.180.0015-B;M2;IMERO (O.S 253);O.S 253;3 x 2;6
MED05;13.8;13.196.0050-A;M2;;;;0
MED05;13.9;13.196.0151-A;M2;;;;0
MED05;13.10;13.301.0125-B;M2;E.M ROCHA LEÃO;BANHEIRO EXTERNO;11.9 x 2.9 x 1;34.51
MED05;13.11;13.330.0053-A;M2;GABINETE;PISO;2 x 1.74;3.48
MED05;13.11;13.330.0053-A;M2;GABINETE;PISO;2 x 1.64;3.28
MED05;13.12;13.330.0076-A;M2;E.M ROCHA LEÃO;BANHEIRO EXTERNO;11.9 x 2.9 x 1;34.51
MED05;13.13;13.330.0101-A;M;E.M ROCHA LEÃO;SALA 01;16.06 x 1;16.06
MED05;13.13;13.330.0101-A;M;E.M ROCHA LEÃO;SALA 02;19 x 1;19
MED05;13.13;13.330.0101-A;M;E.M ROCHA LEÃO;SALA 03;19 x 1;19
MED05;13.13;13.330.0101-A;M;E.M ROCHA LEÃO;SALA 04;18.1 x 1;18.1
MED05;13.13;13.330.0101-A;M;E.M ROCHA LEÃO;SALA 05;12.1 x 1;12.1
MED05;13.13;13.330.0101-A;M;E.M ROCHA LEÃO;HALL;15.7 x 1;15.7
MED05;13.13;13.330.0101-A;M;E.M ROCHA LEÃO;O.S 01;49.1 x 1;49.1
MED05;13.13;13.330.0101-A;M;E.M ROCHA LEÃO;O.S 02;18.8 x 1;18.8
MED05;13.15;13.331.0052-A;M;;;;0
MED05;13.16;13.365.0150-A;M;;;;0
MED05;13.17;13.365.0170-A;M;;;;0
MED05;13.18;13.390.0020-A;M2;;;;0
MED05;14.1;14.002.0010-A;M2;;;;0
MED05;14.2;14.002.0013-A;M2;;;;0
MED05;14.3;14.002.0071-A;M2;Escola M. Senhorinha de Oliveira Gomes (O.S 791);O.S 791;2 x 1 x 0.5;1
MED05;14.3;14.002.0071-A;M2;Escola M. Senhorinha de Oliveira Gomes (O.S 791);O.S 791;3 x 2 x 0.5;3
MED05;14.4;14.002.0132-A;M2;;;;0
MED05;14.5;14.002.0187-A;M;;;;0
MED05;14.6;14.002.0220-A;M;;;;0
MED05;14.7;14.003.0016-A;M2;;;;0
MED05;14.8;14.003.0076-A;M2;;;;0
MED05;14.9;14.003.0225-A;M2;E.M ROCHA LEÃO;;0.8 x 2.1 x 1;1.68
MED05;14.10;14.003.0260-A;M;;;;0
MED05;14.11;14.004.0120-A;M2;GABINETE;;1.3 x 2.55 x 1;3.315
MED05;14.11;14.004.0120-A;M2;Escola M. Senhorinha de Oliveira Gomes (O.S 634);O.S 634;1.1 x 2.5 x 1;2.75
MED05;14.11;14.004.0120-A;M2;Creche M. Márcia Lustosa Machado (O.S 941);O.S 941;1.2 x 2.1 x 1;2.52
MED05;14.12;14.004.0121-A;M2;;;;0
MED05;14.13;14.006.0012-A;UN;Escola M. Senhorinha de Oliveira Gomes (O.S 869);O.S 869;1;1
MED05;14.14;14.006.0021-A;UN;E.M ROCHA LEÃO;;4;4
MED05;14.14;14.006.0021-A;UN;GABINETE;;1;1
MED05;14.14;14.006.0021-A;UN;Creche M. Valdira Flausino Rodrigues (0.S 42);;1;1
MED05;14.14;14.006.0021-A;UN;CIEP Mestre Marçal Municipalizado (O.S 100);O.S 100;1;1
MED05;14.14;14.006.0021-A;UN;Creche Escola M. Maria Rosa Ribeiro Pinheiro  (O.S 821);O.S 821;1;1
MED05;14.14;14.006.0021-A;UN;Escola M. Ondina Pinto Marcondes (O.S 868);O.S 868;2;2
MED05;14.14;14.006.0021-A;UN;Escola M. Maria da Penha de Oliveira (O.S 965);O.S 965;1;1
MED05;14.15;14.006.0023-A;UN;E.M ROCHA LEÃO;;1;1
MED05;14.15;14.006.0023-A;UN;Escola M. Sebastião Loubach (O.S 34);O.S 34;1;1
MED05;14.15;14.006.0023-A;UN;CIEP Mestre Marçal Municipalizado (O.S 100);O.S 100;1;1
MED05;14.15;14.006.0023-A;UN;Escola M. Nilton Balthazar (O.S 744);O.S 744;1;1
MED05;14.15;14.006.0023-A;UN;Escola M. Senhorinha de Oliveira Gomes (O.S 869);O.S 869;2;2
MED05;14.16;14.006.0233-A;UN;;;;0
MED05;14.17;14.006.0407-A;M;E.M ROCHA LEÃO;;0.8 x 4.2 x 1;3.36
MED05;14.17;14.006.0407-A;M;Creche M. Valdira Flausino Rodrigues (O.S 42);O.S 42;0.8 x 4.2 x 1;3.36
MED05;14.18;14.006.0409-A;M;E.M ROCHA LEÃO;;0.8 x 4.2 x 2;6.72
MED05;14.18;14.006.0409-A;M;Creche M. Valdira Flausino Rodrigues (O.S 42);O.S 42;0.8 x 4.2 x 2;6.72
MED05;14.19;14.007.0036-A;UN;E.M ROCHA LEÃO;;6;6
MED05;14.19;14.007.0036-A;UN;GABINETE;;2;2
MED05;14.19;14.007.0036-A;UN;Escola M. João Batista Gomes da Cruz  (O.S 33);O.S 33;1;1
MED05;14.19;14.007.0036-A;UN;Creche M. Valdira Flausino Rodrigues (O.S 42);O.S 42;1;1
MED05;14.19;14.007.0036-A;UN;Escola M. Rio das Ostras (O.S 58);O.S 58;1;1
MED05;14.19;14.007.0036-A;UN;Escola M. Francisco de Assis Medeiros Rangel (O.S 100);O.S 100;3;3
MED05;14.19;14.007.0036-A;UN;CIEP Mestre Marçal Municipalizado (O.S 866);O.S 866;2;2
MED05;14.19;14.007.0036-A;UN;Escola M. Rosângela Duarte Faria (O.S 383);O.S 383;1;1
MED05;14.19;14.007.0036-A;UN;Escola M. Rosângela Duarte Faria (O.S 596);O.S 596;1;1
MED05;14.19;14.007.0036-A;UN;Escola M. Fazendas Reunidas Atlântica (O.S 656);O.S 656;1;1
MED05;14.19;14.007.0036-A;UN;Escola M. Inayá Moraes D'Couto (O.S 776);O.S 776;1;1
MED05;14.19;14.007.0036-A;UN;Escola M. Ary Gomes de Marins (O.S 783);O.S 783;2;2
MED05;14.19;14.007.0036-A;UN;Escola M. Ernestina Jorge Pereira (O.S 818);O.S 818;2;2
MED05;14.19;14.007.0036-A;UN;Creche Escola M. Maria Rosa Ribeiro Pinheiro  (O.S 821);O.S 821;1;1
MED05;14.19;14.007.0036-A;UN;CIEP Mestre Marçal Municipalizado (O.S 866);O.S 866;1;1
MED05;14.19;14.007.0036-A;UN;Escola M. Ondina Pinto Marcondes (O.S 868);O.S 868;2;2
MED05;14.19;14.007.0036-A;UN;Escola M. Senhorinha de Oliveira Gomes (O.S 869);O.S 869;3;3
MED05;14.19;14.007.0036-A;UN;IMERO (O.S 873);O.S 873;1;1
MED05;14.19;14.007.0036-A;UN;Escola M. Prefeito Célio Sarzedas (O.S 900);O.S 900;2;2
MED05;14.19;14.007.0036-A;UN;Escola M. Nilton Balthazar (O.S 960);O.S 960;11;11
MED05;14.19;14.007.0036-A;UN;Escola M. Maria da Penha de Oliveira (O.S 965);O.S 965;1;1
MED05;14.19;14.007.0036-A;UN;Creche M. Márcia Lustosa Machado (O.S 1008);O.S 1008;1;1
MED05;14.19;14.007.0036-A;UN;Escola M. América Abdalla (O.S 1031);O.S 1031;2;2
MED05;14.19;14.007.0036-A;UN;IMERO (O.S 1040);O.S 1040;1;1
MED05;14.19;14.007.0036-A;UN;Escola M. Ernestina Jorge Pereira;;3;3
MED05;14.19;14.007.0036-A;UN;Escola M. Rosângela Duarte Faria;;1;1
MED05;14.19;14.007.0036-A;UN;Escola M. Sebastião Loubach;;3;3
MED05;14.19;14.007.0036-A;UN;MARIA LUSTOSA;;1;1
MED05;14.19;14.007.0036-A;UN;Escola M. Fazendas Reunidas Atlântica (SEM O.S);;2;2
MED05;14.20;14.007.0041-A;UN;;;;0
MED05;14.21;14.007.0065-A;UN;;;;0
MED05;14.22;14.007.0070-A;UN;;;;0
MED05;14.23;14.007.0270-A;UN;Escola M. Fany Batista Esteves (O.S 1057);O.S 1057;1;1
MED05;14.24;14.007.0277-A;UN;Escola M. Rosângela Duarte Faria (O.S 383);O.S 383;4;4
MED05;14.24;14.007.0277-A;UN;Escola M. Prefeito Paulo Pinheiro (O.S 520);O.S 520;1;1
MED05;14.24;14.007.0277-A;UN;Escola M. América Abdalla (O.S 1051);O.S 1051;3;3
MED05;14.25;14.007.0284-A;UN;;;;0
MED05;14.26;14.007.0290-A;UN;;;;0
MED05;15.1;15.001.0028-A;UN;;;;0
MED05;15.2;15.001.0055-A;UN;;;;0
MED05;15.3;15.001.0056-A;UN;;;;0
MED05;15.4;15.003.0068-A;UN;;;;0
MED05;15.5;15.002.0062-A;UN;;;;0
MED05;15.6;15.002.0063-A;UN;E.M. ROCHA LEÃO;;2;2
MED05;15.7;15.002.0120-A;UN;;;;0
MED05;15.11;15.004.0046-A;UN;E.M. ROCHA LEÃO;;1;1
MED05;15.12;15.004.0050-A;UN;;;;0
MED05;15.13;15.004.0053-A;UN;;;;0
MED05;15.14;15.004.0059-A;UN;;;;0
MED05;15.15;15.004.0060-B;UN;Escola M. Rosângela Duarte Faria (O.S 896);O.S 896;3;3
MED05;15.15;15.004.0060-B;UN;Escola M. Rosângela Duarte Faria (O.S 924);O.S 924;3;3
MED05;15.16;15.004.0061-A;UN;;;;0
MED05;15.17;15.004.0063-A;UN;Creche M. Valdira Flausino Rodrigues (O.S 42);O.S 42;1;1
MED05;15.17;15.004.0063-A;UN;E.M ROCHA LEÃO;;1;1
MED05;15.18;15.004.0070-A;UN;;;;0
MED05;15.19;15.004.0075-A;UN;CEMAEE (O.S 239);O.S 239;1;1
MED05;15.19;15.004.0075-A;UN;Escola M. Jovenil Bastos da Silva (O.S 469);O.S 469;1;1
MED05;15.19;15.004.0075-A;UN;Escola M. Simar Machado Sodré (O.S 491);O.S 491;1;1
MED05;15.19;15.004.0075-A;UN;Escola M. Ary Gomes de Marins (O.S 504);O.S 504;3;3
MED05;15.19;15.004.0075-A;UN;Escola M. Ondina Pinto Marcondes (O.S 552);O.S 552;1;1
MED05;15.19;15.004.0075-A;UN;Escola M. Nelzir Pereira Mello (O.S 572);O.S 572;1;1
MED05;15.19;15.004.0075-A;UN;Escola M. Ondina Pinto Marcondes (O.S 647);O.S 647;1;1
MED05;15.19;15.004.0075-A;UN;Escola M. Elson Pinheiro (O.S 841);O.S 841;1;1
MED05;15.19;15.004.0075-A;UN;Escola M. Prefeito Paulo Pinheiro (O.S 894);O.S 894;2;2
MED05;15.19;15.004.0075-A;UN;Escola M. Rosângela Duarte Faria (O.S 924);O.S 924;2;2
MED05;15.20;15.004.0085-A;UN;;;;0
MED05;15.21;15.004.0090-A;UN;;;;0
MED05;15.22;15.004.0108-A;UN;GABINETE;;2;2
MED05;15.22;15.004.0108-A;UN;Creche M. Valdira Flausino Rodrigues (O.S 42);O.S 42;2;2
MED05;15.22;15.004.0108-A;UN;CEMAEE (O.S 588);O.S 588;1;1
MED05;15.22;15.004.0108-A;UN;Escola M. Ondina Pinto Marcondes (O.S 647);O.S 647;1;1
MED05;15.22;15.004.0108-A;UN;CEMADA (O.S891);O.S 891;1;1
MED05;15.23;15.004.0103-A;UN;;;;0
MED05;15.24;15.004.0110-A;UN;E.M ROCHA LEÃO;;1;1
MED05;15.25;15.004.0170-A;UN;E.M ROCHA LEÃO;;1;1
MED05;15.30;15.004.0255-A;UN;CIEP Mestre Marçal Municipalizado (O.S 120);O.S 120;1;1
MED05;15.30;15.004.0255-A;UN;IMERO (O.S 134);O.S 134;1;1
MED05;15.30;15.004.0255-A;UN;Estádio Amaro Mota (O.S 143);O.S 143;1;1
MED05;15.30;15.004.0255-A;UN;Escola M. Jovenil Bastos da Silva  (O.S 303);O.S 303;1;1
MED05;15.30;15.004.0255-A;UN;Escola M. Maria Teixeira de Paula  (O.S 976);O.S 976;1;1
MED05;15.30;15.004.0255-A;UN;Escola M. América Abdalla (O.S 977);O.S 977;1;1
MED05;15.30;15.004.0255-A;UN;Escola M. Senhorinha de Oliveira Gomes (O.S 977);O.S 977;1;1
MED05;15.31;15.005.0215-A;UN;;;;0
MED05;15.32;15.005.0253-A;KG;;;;0
MED05;15.33;15.007.0410-A;UN;Escola M. Pedro Moreira dos Santos (O.S 28);O.S 28;1;1
MED05;15.34;15.007.0415-A;UN;;;;0
MED05;15.35;15.007.0420-A;UN;;;;0
MED05;15.36;15.007.0425-A;UN;;;;0
MED05;15.41;15.007.0520-A;UN;;;;0
MED05;15.42;15.007.0521-A;UN;;;;0
MED05;15.43;15.007.0522-A;UN;;;;0
MED05;15.44;15.007.0523-A;UN;;;;0
MED05;15.45;15.007.0524-A;UN;;;;0
MED05;15.46;15.007.0570-A;UN;GABINETE (O.S 865);O.S 865;3;3
MED05;15.47;15.007.0572-A;UN;;;;0
MED05;15.48;15.007.0575-A;UN;Escola M. Pedro Moreira dos Santos (O.S 28);O.S 28;1;1
MED05;15.49;15.007.0600-A;UN;Escola M. Mônica de Andrade Ribeiro (O.S 825);O.S 825;1;1
MED05;15.50;15.007.0605-A;UN;;;;0
MED05;15.51;15.007.0608-A;UN;SEMEDE (O.S 72);O.S 72;1;1
MED05;15.51;15.007.0608-A;UN;Escola M. América Abdalla (O.S 1051);O.S 1051;2;2
MED05;15.52;15.007.0609-A;UN;;;;0
MED05;15.53;15.007.0610-A;UN;;;;0
MED05;15.54;15.007.0611-A;UN;;;;0
MED05;15.55;15.008.0085-A;M;Escola M. João Bento Duarte Neto (O.S. 368);O.S 368;100;100
MED05;15.55;15.008.0085-A;M;Escola M. Senhorinha de Oliveira Gomes (O.S 471);O.S 471;100;100
MED05;15.55;15.008.0085-A;M;Escola M. Senhorinha de Oliveira Gomes (O.S. 801);O.S 801;400;400
MED05;15.55;15.008.0085-A;M;Creche M. Dona Senhorinha (O.S. 889);O.S 889;200;200
MED05;15.56;15.008.0090-A;M;;;;0
MED05;15.57;15.008.0095-A;M;;;;0
MED05;15.58;15.008.0100-A;M;;;;0
MED05;15.59;15.008.0105-A;M;;;;0
MED05;15.60;15.008.0110-A;M;;;;0
MED05;15.61;15.008.0112-A;M;;;;0
MED05;15.62;15.008.0115-A;M;;;;0
MED05;15.65;15.015.0020-A;UN;SEMEDE (O.S 883);O.S 883;4;4
MED05;15.68;15.015.0199-A;UN;Escola M. Jerônymo Mendes da Costa (O.S 450);O.S 450;1;1
MED05;15.68;15.015.0199-A;UN;CEMAEE (O.S 759);O.S 759;2;2
MED05;15.69;15.015.0214-A;UN;Creche Dona Cota (O.S 22);O.S 22;5;5
MED05;15.69;15.015.0214-A;UN;Creche M. Valdira Flausino Rodrigues (O.S 42);O.S 42;1;1
MED05;15.69;15.015.0214-A;UN;Escola M. Senhorinha de Oliveira Gomes (O.S. 93);O.S 93;4;4
MED05;15.69;15.015.0214-A;UN;Escola M. Francisco de Assis Medeiros Rangel (O.S. 252);O.S 252;10;10
MED05;15.69;15.015.0214-A;UN;Escola M. Francisco de Assis Medeiros Rangel (O.S. 693);O.S 693;1;1
MED05;15.69;15.015.0214-A;UN;Escola M. Nelzir Pereira Mello (O.S. 871);O.S 871;1;1
MED05;15.69;15.015.0214-A;UN;Escola M. Maria Teixeira de Paula  (O.S 908);O.S 908;2;2
MED05;15.69;15.015.0214-A;UN;Escola M. João Batista Gomes da Cruz (O.S 942);O.S 942;1;1
MED05;15.69;15.015.0214-A;UN;Escola M. Pedro Moreira dos Santos (O.S. 1032);O.S 1032;4;4
MED05;15.70;15.015.0250-A;UN;E.M ROCHA LEÃO;;48;48
MED05;15.70;15.015.0250-A;UN;GABINETE;;18;18
MED05;15.70;15.015.0250-A;UN;Creche M. Valdira Flausino Rodrigues (O.S 42);O.S 42;4;4
MED05;15.70;15.015.0250-A;UN;Escola M. João Bento Duarte Neto (O.S 45);O.S 45;1;1
MED05;15.70;15.015.0250-A;UN;Escola M. Francisco de Assis Medeiros Rangel (O.S. 252);O.S 252;1;1
MED05;15.70;15.015.0250-A;UN;Escola M. Marinete Coelho Souza (O.S 335);O.S 335;2;2
MED05;15.70;15.015.0250-A;UN;Escola M. João Bento Duarte Neto (O.S. 368);O.S 368;4;4
MED05;15.70;15.015.0250-A;UN;SEMEDE (O.S. 541);O.S 541;1;1
MED05;15.70;15.015.0250-A;UN;Escola M. Senhorinha de Oliveira Gomes (O.S 772);O.S 772;4;4
MED05;15.70;15.015.0250-A;UN;Escola M. Senhorinha de Oliveira Gomes (O.S. 801);O.S 801;9;9
MED05;15.70;15.015.0250-A;UN;Escola M. Mônica de Andrade Ribeiro (O.S. 824);O.S 824;1;1
MED05;15.70;15.015.0250-A;UN;Escola M. Pedro Moreira dos Santos (O.S. 860);O.S 860;2;2
MED05;15.70;15.015.0250-A;UN;Creche M. Dona Senhorinha (O.S. 889);O.S 889;2;2
MED05;15.70;15.015.0250-A;UN;Creche M. Dona Senhorinha (O.S. 931);O.S 931;2;2
MED05;15.70;15.015.0250-A;UN;Escola M. Pedro Moreira dos Santos (O.S. 1015);O.S 1015;4;4
MED05;15.71;15.015.0251-A;UN;;;;0
MED05;15.72;15.015.0255-A;UN;Escola M. Padre José Dilson Dórea (O.S 116);O.S 116;1;1
MED05;15.72;15.015.0255-A;UN;IMERO (O.S 581);O.S 581;1;1
MED05;15.72;15.015.0255-A;UN;Escola M. Henrique Sarzedas (O.S 584);O.S 584;2;2
MED05;15.72;15.015.0255-A;UN;Escola M. Nadir da Silva Salvador (O.S 810);O.S 810;2;2
MED05;15.72;15.015.0255-A;UN;Escola M. Nelzir Pereira Mello (O.S 581);O.S 581;1;1
MED05;15.72;15.015.0255-A;UN;Escola M. Maria da Penha de Oliveira (O.S 763);O.S 763;1;1
MED05;15.72;15.015.0255-A;UN;Escola M. Jerônymo Mendes da Costa (O.S 831);O.S 831;2;2
MED05;15.72;15.015.0255-A;UN;Escola M. João Batista Gomes da Cruz (O.S 942);O.S 942;1;1
MED05;15.72;15.015.0255-A;UN;Escola M. João Batista Gomes da Cruz (O.S 1058);O.S 1058;2;2
MED05;15.73;15.019.0010-A;UN;;;;0
MED05;15.74;15.019.0095-A;UN;;;;0
MED05;15.78;15.020.0158-A;UN;GABINETE;;6;6
MED05;15.78;15.020.0158-A;UN;NUGEPE (O.S. 21);O.S 21;6;6
MED05;15.78;15.020.0158-A;UN;Escola M. Maria Teixeira de Paula  (O.S. 223);O.S 223;30;30
MED05;15.78;15.020.0158-A;UN;Escola M. Rocha Leão (O.S. 235);O.S 235;6;6
MED05;15.78;15.020.0158-A;UN;Escola M. Nilton Balthazar (O.S. 274);O.S 274;40;40
MED05;15.78;15.020.0158-A;UN;Creche M. Dona Senhorinha (O.S. 855);O.S 855;2;2
MED05;15.79;15.020.0170-A;UN;Escola M. Rocha Leão (O.S. 235);O.S 235;9;9
MED05;15.79;15.020.0170-A;UN;Escola M. Neli Aparecida Tâmara Luiz (O.S. 251);O.S 251;4;4
MED05;15.80;15.020.0173-A;UN;Escola M. Fazendas Reunidas Atlântica (O.S 173);O.S 173;8;8
MED05;15.80;15.020.0173-A;UN;Escola M. Rocha Leão (O.S. 235);O.S 235;6;6
MED05;15.80;15.020.0173-A;UN;Escola M. Neli Aparecida Tâmara Luiz (O.S. 257);O.S 257;10;10
MED05;15.80;15.020.0173-A;UN;Escola M. Nilton Balthazar (O.S. 274);O.S 274;10;10
MED05;15.80;15.020.0173-A;UN;Escola M. Henrique Sarzedas (O.S. 331);O.S 331;3;3
MED05;15.80;15.020.0173-A;UN;Escola M. Enedina Fidélis Moreira (O.S. 427);O.S 427;2;2
MED05;15.80;15.020.0173-A;UN;Escola M. Inayá Moraes D'Couto (O.S. 608);O.S 608;2;2
MED05;15.80;15.020.0173-A;UN;Escola M. Francisco de Assis Medeiros Rangel (O.S. 693);O.S 693;4;4
MED05;15.80;15.020.0173-A;UN;Escola M. Elson Pinheiro (O.S. 838);O.S 838;10;10
MED05;15.80;15.020.0173-A;UN;Creche M. Dona Senhorinha (O.S. 859);O.S 859;2;2
MED05;15.80;15.020.0173-A;UN;Escola M. Pedro Moreira dos Santos (O.S. 860);O.S 860;8;8
MED05;15.80;15.020.0173-A;UN;Creche M. Márcia Lustosa Machado (O.S. 864);O.S 864;16;16
MED05;15.80;15.020.0173-A;UN;Escola M. Rio das Ostras (O.S. 874);O.S 874;6;6
MED05;15.80;15.020.0173-A;UN;Escola M. Henrique Sarzedas (O.S. 1079);O.S 1079;10;10
MED05;15.80;15.020.0173-A;UN;Creche M. Dona Senhorinha (SEM O.S. );;25;25
MED05;15.80;15.020.0173-A;UN;Escola M. Rosângela Duarte Faria (SEM O.S. );;2;2
MED05;15.80;15.020.0173-A;UN;Creche M. Valdira Flausino Rodrigues (SEM O.S );;20;20
MED05;15.80;15.020.0173-A;UN;Escola M. Francisco de Assis Medeiros Rangel (SEM O.S);;10;10
MED05;15.81;15.028.0005-A;UN;;;;0
MED05;15.82;15.028.0010-A;UN;E.M ROCHA LEÃO;;1;1
MED05;15.82;15.028.0010-A;UN;Escola M. Ernestina Jorge Pereira (O.S 476);O.S 476;4;4
MED05;15.83;15.029.0010-A;UN;;;;0
MED05;15.84;15.029.0011-A;UN;E.M ROCHA LEÃO;;1;1
MED05;15.85;15.029.0012-A;UN;;;;0
MED05;15.86;15.029.0019-A;UN;;;;0
MED05;15.87;15.029.0020-A;UN;;;;0
MED05;15.88;15.029.0021-A;UN;;;;0
MED05;15.89;15.029.0049-A;UN;;;;0
MED05;15.90;15.029.0080-A;UN;;;;0
MED05;15.91;15.030.0030-A;UN;;;;0
MED05;15.92;15.030.0032-A;UN;E.M ROCHA LEÃO;;1;1
MED05;15.93;15.030.0034-A;UN;;;;0
MED05;15.94;15.030.0038-A;UN;;;;0
MED05;15.95;15.030.0040-A;UN;;;;0
MED05;15.96;15.036.0010-A;M;;;;0
MED05;15.97;15.036.0011-A;M;;;;0
MED05;15.98;15.036.0027-A;M;;;;0
MED05;15.99;15.036.0028-A;M;GABINETE;;1;1
MED05;15.99;15.036.0028-A;M;Escola M. Jovenil Bastos da Silva (O.S 111);O.S 111;18;18
MED05;15.99;15.036.0028-A;M;E.M ROCHA LEÃO;;24;24
MED05;15100;15.036.0045-A;M;GABINETE;;15;15
MED05;15101;15.036.0046-A;M;Escola M. Prefeito Célio Sarzedas (O.S. 839);O.S 839;1;1
MED05;15102;15.036.0047-A;M;;;;0
MED05;15103;15.036.0048-A;M;Escola M. Jovenil Bastos da Silva (O.S 111);O.S 111;6;6
MED05;15104;15.036.0053-A;M;;;;0
MED05;16.1;16.001.0050-A;M2;E.M ROCHA LEÃO;BANHEIRO EXTERNO;4.4 x 1.9 x 1;8.36
MED05;16.2;16.001.0060-A;M2;;;;0
MED05;16.3;16.001.0067-A;UN;;;;0
MED05;16.4;16.001.0085-A;M2;;;;0
MED05;16.5;16.001.0086-A;M2;;;;0
MED05;16.6;16.002.0005-A;M2;;;;0
MED05;16.7;16.002.0010-A;M2;E.M ROCHA LEÃO;BANHEIRO EXTERNO;4.4 x 1.9 x 1;8.36
MED05;16.8;16.002.0015-A;M;;;;0
MED05;16.9;16.002.0025-A;M;;;;0
MED05;16.10;16.004.0015-A;M2;;;;0
MED05;16.11;16.005.0006-A;M2;;;;0
MED05;16.12;16.005.0008-A;M;;;;0
MED05;16.13;16.005.0018-A;M;;;;0
MED05;16.14;16.005.0027-A;M;;;;0
MED05;16.15;16.005.0075-A;M2;;;;0
MED05;16.16;16.020.0001-A;M2;GABINETE;;9.3 x 0.3 x 1;2.79
MED05;16.16;16.020.0001-A;M2;IMERO (O.S 253);O.S 253;17 x 2.8 x 1;47.6
MED05;16.17;16.026.0002-A;M2;Escola M. Ondina Pinto Marcondes (O.S 947);O.S 947;5.5 x 5 x 1;27.5
MED05;16.17;16.026.0002-A;M2;Escola M. Marinete Coelho Souza (O.S 948);O.S 948;3.8 x 4.8 x 1;18.24
MED05;16.17;16.026.0002-A;M2;NUGEPE (O.S 1010);O.S 1010;4.9 x 6.5 x 1;31.85
MED05;16.18;16.027.0001-A;M2;;;;0
MED05;16.19;16.034.0003-A;M2;;;;0
MED05;17.1;17.017.0010-A;M2;E.M. ROCHA LEÃO;CASA DE GÁS;5.46 x 1.9 x 2;20.748
MED05;17.1;17.017.0010-A;M2;E.M. ROCHA LEÃO;WC EXTERNO PAREDES;5.7 x 2.9 x 1;16.53
MED05;17.1;17.017.0010-A;M2;E.M. ROCHA LEÃO;WC EXTERNO TETO;4.3 x 1.8 x 1;7.74
MED05;17.1;17.017.0010-A;M2;GABINETE;PAREDES;25.95 x 2.7 x 1;70.065
MED05;17.1;17.017.0010-A;M2;GABINETE;PAREDES;10.42 x 2.8 x 1;29.176
MED05;17.1;17.017.0010-A;M2;GABINETE;TETO;2 x 1.74 x 1;3.48
MED05;17.1;17.017.0010-A;M2;GABINETE;TETO;2 x 1.64 x 1;3.28
MED05;17.2;17.017.0100-A;M2;Escola M. Fazendas Reunidas Atlântica (O.S 602);O.S 602;0.8 x 2.1 x 2 x 2;6.72
MED05;17.2;17.017.0100-A;M2;Escola M. Maria da Penha de Oliveira (O.S 965);O.S 965;0.8 x 2.1 x 2 x 2;6.72
MED05;17.3;17.017.0110-A;M2;Escola M. Fazendas Reunidas Atlântica (O.S 602);O.S 602;0.8 x 2.1 x 2 x 2;6.72
MED05;17.3;17.017.0110-A;M2;Escola M. Maria da Penha de Oliveira (O.S 965);O.S 965;0.8 x 2.1 x 2 x 2;6.72
MED05;17.3;17.017.0110-A;M2;E.M. INAYÁ;;0.8 x 2.1 x 4 x 2;13.44
MED05;17.3;17.017.0110-A;M2;E.M. INAYÁ;;0.9 x 2.1 x 1 x 2;3.78
MED05;17.4;17.017.0320-A;M2;E.M. VEREADOR PEDRO MOREIRA;GRADIL;2.3 x 1.3 x 2 x 2;11.96
MED05;17.4;17.017.0320-A;M2;E.M. VEREADOR PEDRO MOREIRA;GRADIL;1.2 x 1.3 x 3 x 2;9.36
MED05;17.4;17.017.0320-A;M2;E.M. VEREADOR PEDRO MOREIRA;GRADIL;1.15 x 0.5 x 2 x 2;2.3
MED05;17.4;17.017.0320-A;M2;E.M. VEREADOR PEDRO MOREIRA;GRADIL;9.9 x 2.55 x 1 x 2;50.49
MED05;17.4;17.017.0320-A;M2;E.M. VEREADOR PEDRO MOREIRA;GRADIL;2.5 x 1.3 x 3 x 2;19.5
MED05;17.4;17.017.0320-A;M2;E.M. VEREADOR PEDRO MOREIRA;GRADIL;1.3 x 2.14 x 1 x 2;5.564
MED05;17.4;17.017.0320-A;M2;E.M. VEREADOR PEDRO MOREIRA;GRADIL;2.1 x 2.6 x 2 x 2;21.84
MED05;17.4;17.017.0320-A;M2;E.M. VEREADOR PEDRO MOREIRA;GRADIL;5.7 x 2 x 1 x 2;22.8
MED05;17.4;17.017.0320-A;M2;E.M. VEREADOR PEDRO MOREIRA;GRADIL;9.34 x 2.5 x 1 x 2;46.7
MED05;17.4;17.017.0320-A;M2;E.M. VEREADOR PEDRO MOREIRA;GRADIL;5.7 x 2.5 x 1 x 2;28.5
MED05;17.4;17.017.0320-A;M2;E.M. VEREADOR PEDRO MOREIRA;GRADIL;2 x 2.5 x 1 x 2;10
MED05;17.4;17.017.0320-A;M2;E.M. VEREADOR PEDRO MOREIRA;GRADIL;0.6 x 1.9 x 1 x 2;2.28
MED05;17.4;17.017.0320-A;M2;E.M. VEREADOR PEDRO MOREIRA;CORRIMÃO;21.3 x 0.2 x 6 x 2;51.12
MED05;17.4;17.017.0320-A;M2;E.M. VEREADOR PEDRO MOREIRA;CORRIMÃO;4 x 0.2 x 3 x 2;4.8
MED05;17.4;17.017.0320-A;M2;E.M. VEREADOR PEDRO MOREIRA;CORRIMÃO;13.56 x 0.2 x 2 x 2;10.848
MED05;17.4;17.017.0320-A;M2;E.M. VEREADOR PEDRO MOREIRA;CORRIMÃO;18.8 x 0.04 x 1 x 2;1.504
MED05;17.4;17.017.0320-A;M2;E.M. VEREADOR PEDRO MOREIRA;GRADIL LATERAL ESQUERDA;2.6 x 2.3 x 1 x 2;11.96
MED05;17.4;17.017.0320-A;M2;E.M. VEREADOR PEDRO MOREIRA;GRADIL LATERAL ESQUERDA;4.3 x 2.3 x 1 x 2;19.78
MED05;17.4;17.017.0320-A;M2;E.M. VEREADOR PEDRO MOREIRA;GRADIL LATERAL ESQUERDA;0.9 x 1.65 x 1 x 2;2.97
MED05;17.4;17.017.0320-A;M2;E.M. VEREADOR PEDRO MOREIRA;GRADIL LATERAL ESQUERDA;0.9 x 1.15 x 1 x 2;2.07
MED05;17.4;17.017.0320-A;M2;E.M. VEREADOR PEDRO MOREIRA;CASA DO GÁS;6.3 x 1.8 x 1 x 2;22.68
MED05;17.4;17.017.0320-A;M2;E.M. VEREADOR PEDRO MOREIRA;GRADIL FRONTAL;0.9 x 1.1 x 8 x 2;15.84
MED05;17.4;17.017.0320-A;M2;E.M. VEREADOR PEDRO MOREIRA;GRADIL FRONTAL;2.6 x 1.3 x 10 x 2;67.6
MED05;17.4;17.017.0320-A;M2;E.M. VEREADOR PEDRO MOREIRA;GRADIL FRONTAL;1 x 1.3 x 4 x 2;10.4
MED05;17.4;17.017.0320-A;M2;E.M. VEREADOR PEDRO MOREIRA;GRADIL FRONTAL;4 x 1.3 x 1 x 2;10.4
MED05;17.4;17.017.0320-A;M2;E.M. VEREADOR PEDRO MOREIRA;GRADIL FRONTAL;4.4 x 2.43 x 1 x 2;21.384
MED05;17.4;17.017.0320-A;M2;E.M. VEREADOR PEDRO MOREIRA;GRADIL FRONTAL;4.15 x 2 x 1 x 2;16.6
MED05;17.4;17.017.0320-A;M2;E.M. VEREADOR PEDRO MOREIRA;GRADIL FRONTAL;7.5 x 2.05 x 1 x 2;30.75
MED05;17.4;17.017.0320-A;M2;E.M. VEREADOR PEDRO MOREIRA;GRADIL LATERAL DIREITA;2.2 x 2.9 x 2 x 2;25.52
MED05;17.4;17.017.0320-A;M2;E.M. VEREADOR PEDRO MOREIRA;GRADIL LATERAL DIREITA;1.1 x 1.3 x 2 x 2;5.72
MED05;17.4;17.017.0320-A;M2;E.M. VEREADOR PEDRO MOREIRA;GRADIL LATERAL DIREITA;2.6 x 1.3 x 4 x 2;27.04
MED05;17.4;17.017.0320-A;M2;E.M. VEREADOR PEDRO MOREIRA;GRADIL LATERAL DIREITA;2.4 x 2 x 1 x 2;9.6
MED05;17.4;17.017.0320-A;M2;E.M. VEREADOR PEDRO MOREIRA;ANEXO JANELAS;1.1 x 2.2 x 10 x 2;48.4
MED05;17.4;17.017.0320-A;M2;E.M. VEREADOR PEDRO MOREIRA;GRADIL;1 x 2.1 x 2 x 2;8.4
MED05;17.4;17.017.0320-A;M2;E.M. VEREADOR PEDRO MOREIRA;PORTÃO;2.5 x 2.6 x 1 x 2;13
MED05;17.5;17.018.0031-A;M2;GABINETE;PAREDES;25.95 x 2.7 x 1;70.065
MED05;17.5;17.018.0031-A;M2;GABINETE;PAREDES;10.42 x 2.8 x 1;29.176
MED05;17.5;17.018.0031-A;M2;GABINETE;TETO;2 x 1.74 x 1;3.48
MED05;17.5;17.018.0031-A;M2;GABINETE;TETO;2 x 1.64 x 1;3.28
MED05;17.5;17.018.0031-A;M2;GABINETE;SALA DE AULA PAREDES;24 x 1.5 x 6;216
MED05;17.5;17.018.0031-A;M2;GABINETE;SALA DE AULA PAREDES;26 x 1.5 x 1;39
MED05;17.5;17.018.0031-A;M2;GABINETE;SALA DE AULA TETO;6.5 x 5.5 x 6;214.5
MED05;17.5;17.018.0031-A;M2;GABINETE;SALA DE AULA TETO;7.5 x 5.5 x 1;41.25
MED05;17.5;17.018.0031-A;M2;GABINETE;PAREDES;10.5 x 3 x 1;31.5
MED05;17.5;17.018.0031-A;M2;GABINETE;TETO;3.1 x 2.15 x 1;6.665
MED05;17.5;17.018.0031-A;M2;E.M. ROCHA LEÃO;MURETA;95.1 x 1.9 x 1;180.69
MED05;17.5;17.018.0031-A;M2;E.M. ROCHA LEÃO;MURETA;95.1 x 0.19 x 1;18.069
MED05;17.5;17.018.0031-A;M2;E.M. ROCHA LEÃO;ESCADA DE ACESSO;62.5 x 2 x 1;125
MED05;17.5;17.018.0031-A;M2;E.M. ROCHA LEÃO;PATAMAR;2.5 x 2 x 1;5
MED05;17.5;17.018.0031-A;M2;E.M. ROCHA LEÃO;CASA DE GÁS;5.46 x 1.9 x 2;20.748
MED05;17.5;17.018.0031-A;M2;E.M. ROCHA LEÃO;WC EXTERNO PAREDES;5.7 x 2.9 x 1;16.53
MED05;17.5;17.018.0031-A;M2;E.M. ROCHA LEÃO;WC EXTERNO TETO;4.3 x 1.8 x 1;7.74
MED05;17.5;17.018.0031-A;M2;E.M. ROCHA LEÃO;MURO;138.6 x 2.05 x 2;568.26
MED05;17.5;17.018.0031-A;M2;E.M. ROCHA LEÃO;MURO;102.2 x 2.05 x 2;419.02
MED05;17.5;17.018.0031-A;M2;E.M. ROCHA LEÃO;MURO;154.2 x 2.05 x 2;632.22
MED05;17.5;17.018.0031-A;M2;E.M. ROCHA LEÃO;MURO;54.2 x 2.05 x 2;222.22
MED05;17.5;17.018.0031-A;M2;E.M. ROCHA LEÃO;MURETA;196 x 0.6 x 2;235.2
MED05;17.5;17.018.0031-A;M2;E.M. ROCHA LEÃO;MURETA;98 x 0.15 x 1;14.7
MED05;17.5;17.018.0031-A;M2;E.M. ROCHA LEÃO;ANEXO;45 x 2.6 x 1;117
MED05;17.5;17.018.0031-A;M2;E.M. ROCHA LEÃO;PILARES;0.66 x 2.4 x 58;91.872
MED05;17.5;17.018.0031-A;M2;E.M. ROCHA LEÃO;ARQUIBANCADA;89.7 x 0.38 x 1;34.086
MED05;17.5;17.018.0031-A;M2;E.M. ROCHA LEÃO;ARQUIBANCADA;59.8 x 0.75 x 1;44.85
MED05;17.5;17.018.0031-A;M2;E.M. ROCHA LEÃO;ARQUIBANCADA;29.9 x 0.9 x 1;26.91
MED05;17.5;17.018.0031-A;M2;E.M. ROCHA LEÃO;FACHADA FUNDOS;51.8 x 5.5 x 1;284.9
MED05;17.5;17.018.0031-A;M2;E.M. ROCHA LEÃO;FACHADA LATERAL ESQUERDA;31.2 x 5.5 x 1;171.6
MED05;17.5;17.018.0031-A;M2;E.M. ROCHA LEÃO;FACHADA LATERAL DIREITA;24.5 x 5.5 x 1;134.75
MED05;17.5;17.018.0031-A;M2;E.M. ROCHA LEÃO;SALA DE ARQUIVO;21.02 x 1.35 x 1;28.377
MED05;17.5;17.018.0031-A;M2;E.M. ROCHA LEÃO;SALA DOS SERVIDORES;20.12 x 1.35 x 1;27.162
MED05;17.5;17.018.0031-A;M2;E.M. ROCHA LEÃO;DIREÇÃO;17.6 x 1.35 x 1;23.76
MED05;17.5;17.018.0031-A;M2;E.M. ROCHA LEÃO;SALA DE AULA INTEGRAL;28.56 x 1.35 x 1;38.556
MED05;17.5;17.018.0031-A;M2;E.M. ROCHA LEÃO;SALA DE RECURSOS;6.8 x 1.34 x 1;9.112
MED05;17.5;17.018.0031-A;M2;E.M. ROCHA LEÃO;BIBLIOTECA;46.36 x 1.35 x 1;62.586
MED05;17.5;17.018.0031-A;M2;E.M. ROCHA LEÃO;SALA INTEGRAL MULTIUSO;28.96 x 1.35 x 1;39.096
MED05;17.5;17.018.0031-A;M2;E.M. ROCHA LEÃO;SECRETARIA;30.09 x 1.35 x 1;40.6215
MED05;17.5;17.018.0031-A;M2;E.M. ROCHA LEÃO;SALA 01;28.8 x 1.35 x 1;38.88
MED05;17.5;17.018.0031-A;M2;E.M. ROCHA LEÃO;SALA 02;28.8 x 1.35 x 1;38.88
MED05;17.5;17.018.0031-A;M2;E.M. ROCHA LEÃO;SALA 03;28.3 x 1.35 x 1;38.205
MED05;17.5;17.018.0031-A;M2;E.M. ROCHA LEÃO;SALA 04;28.3 x 1.35 x 1;38.205
MED05;17.5;17.018.0031-A;M2;E.M. ROCHA LEÃO;SALA 05;28.8 x 1.35 x 1;38.88
MED05;17.5;17.018.0031-A;M2;E.M. ROCHA LEÃO;SALA 06;28.8 x 1.35 x 1;38.88
MED05;17.5;17.018.0031-A;M2;E.M. ROCHA LEÃO;SALA 07;28.99 x 1.35 x 1;39.1365
MED05;17.5;17.018.0031-A;M2;E.M. ROCHA LEÃO;SALA 08;28.8 x 1.35 x 1;38.88
MED05;17.5;17.018.0031-A;M2;E.M. ROCHA LEÃO;SALA 09;28.8 x 1.35 x 1;38.88
MED05;17.5;17.018.0031-A;M2;E.M. ROCHA LEÃO;SALA 10;28.8 x 1.35 x 1;38.88
MED05;17.5;17.018.0031-A;M2;E.M. ROCHA LEÃO;SALA 11;28.8 x 1.35 x 1;38.88
MED05;17.5;17.018.0031-A;M2;E.M. ROCHA LEÃO;SALA 12;28.8 x 1.35 x 1;38.88
MED05;17.5;17.018.0031-A;M2;E.M. ROCHA LEÃO;COORDENAÇÃO;11.51 x 1.35 x 1;15.5385
MED05;17.5;17.018.0031-A;M2;E.M. ROCHA LEÃO;SALA ORIENTAÇÃO EDUCACIONAL;12.06 x 1.35 x 1;16.281
MED05;17.5;17.018.0031-A;M2;E.M. ROCHA LEÃO;DEP. MAT. ESPORTIVO;13.6 x 2.95 x 1;40.12
MED05;17.5;17.018.0031-A;M2;E.M. ROCHA LEÃO;DEP. MAT. BANDA;13.6 x 2.95 x 1;40.12
MED05;17.5;17.018.0031-A;M2;E.M. ROCHA LEÃO;COZINHA;6.4 x 5.69 x 1;36.416
MED05;17.5;17.018.0031-A;M2;E.M. ROCHA LEÃO;DESPENSA;5.86 x 2.95 x 1;17.287
MED05;17.5;17.018.0031-A;M2;E.M. ROCHA LEÃO;WC - FUNCIONÁRIOS COZ;5.85 x 2.85 x 1;16.6725
MED05;17.5;17.018.0031-A;M2;E.M. ROCHA LEÃO;COPA;3.49 x 2.29 x 1;7.9921
MED05;17.5;17.018.0031-A;M2;E.M. ROCHA LEÃO;SALA DE ARQUIVO;6.73 x 3.48 x 1;23.4204
MED05;17.5;17.018.0031-A;M2;E.M. ROCHA LEÃO;SALA DOS SERVIDORES;5.81 x 4.25 x 1;24.6925
MED05;17.5;17.018.0031-A;M2;E.M. ROCHA LEÃO;DIREÇÃO;4.6 x 2.71 x 1;12.466
MED05;17.5;17.018.0031-A;M2;E.M. ROCHA LEÃO;DIREÇÃO;1.99 x 1.51 x 1;3.0049
MED05;17.5;17.018.0031-A;M2;E.M. ROCHA LEÃO;WC - DIREÇÃO;2.32 x 1.33 x 1;3.0856
MED05;17.5;17.018.0031-A;M2;E.M. ROCHA LEÃO;HALL;4.2 x 1.1 x 1;4.62
MED05;17.5;17.018.0031-A;M2;E.M. ROCHA LEÃO;WC MASC. - FUNCIONÁRIOS;3.85 x 1.9 x 1;7.315
MED05;17.5;17.018.0031-A;M2;E.M. ROCHA LEÃO;WC FEM. - FUNCIONÁRIOS;3.7 x 1.6 x 1;5.92
MED05;17.5;17.018.0031-A;M2;E.M. ROCHA LEÃO;SALA DE AULA INTEGRAL;8.61 x 5.67 x 1;48.8187
MED05;17.5;17.018.0031-A;M2;E.M. ROCHA LEÃO;SALA DE RECURSOS;6.8 x 2 x 1;13.6
MED05;17.5;17.018.0031-A;M2;E.M. ROCHA LEÃO;BIBLIOTECA;14.38 x 5.8 x 1;83.404
MED05;17.5;17.018.0031-A;M2;E.M. ROCHA LEÃO;SALA INTEGRAL MULTIUSO;8.57 x 5.91 x 1;50.6487
MED05;17.5;17.018.0031-A;M2;E.M. ROCHA LEÃO;SECRETARIA;3.76 x 3.75 x 1;14.1
MED05;17.5;17.018.0031-A;M2;E.M. ROCHA LEÃO;SECRETARIA;6.81 x 3.69 x 1;25.1289
MED05;17.5;17.018.0031-A;M2;E.M. ROCHA LEÃO;SALA 01;8.5 x 5.91 x 1;50.235
MED05;17.5;17.018.0031-A;M2;E.M. ROCHA LEÃO;SALA 02;8.5 x 5.91 x 1;50.235
MED05;17.5;17.018.0031-A;M2;E.M. ROCHA LEÃO;SALA 03;8.38 x 5.77 x 1;48.3526
MED05;17.5;17.018.0031-A;M2;E.M. ROCHA LEÃO;SALA 04;8.38 x 5.77 x 1;48.3526
MED05;17.5;17.018.0031-A;M2;E.M. ROCHA LEÃO;SALA 05;8.5 x 5.91 x 1;50.235
MED05;17.5;17.018.0031-A;M2;E.M. ROCHA LEÃO;SALA 06;8.5 x 5.91 x 1;50.235
MED05;17.5;17.018.0031-A;M2;E.M. ROCHA LEÃO;SALA 07;7.57 x 6.88 x 1;52.0816
MED05;17.5;17.018.0031-A;M2;E.M. ROCHA LEÃO;SALA 08;8.5 x 5.91 x 1;50.235
MED05;17.5;17.018.0031-A;M2;E.M. ROCHA LEÃO;SALA 09;8.5 x 5.91 x 1;50.235
MED05;17.5;17.018.0031-A;M2;E.M. ROCHA LEÃO;SALA 10;8.5 x 5.91 x 1;50.235
MED05;17.5;17.018.0031-A;M2;E.M. ROCHA LEÃO;SALA 11;8.5 x 5.91 x 1;50.235
MED05;17.5;17.018.0031-A;M2;E.M. ROCHA LEÃO;SALA 12;8.5 x 5.91 x 1;50.235
MED05;17.5;17.018.0031-A;M2;E.M. ROCHA LEÃO;COORDENAÇÃO;4.11 x 2.95 x 1;12.1245
MED05;17.5;17.018.0031-A;M2;E.M. ROCHA LEÃO;COORDENAÇÃO;1.68 x 1.37 x 1;2.3016
MED05;17.5;17.018.0031-A;M2;E.M. ROCHA LEÃO;WC MASC. 2º PAV.;5.43 x 3.7 x 1;20.091
MED05;17.5;17.018.0031-A;M2;E.M. ROCHA LEÃO;WC FEM. 2º PAV.;5.43 x 3.7 x 1;20.091
MED05;17.5;17.018.0031-A;M2;E.M. ROCHA LEÃO;SALA ORIENTAÇÃO EDUCACIONAL;6.85 x 2.4 x 1;16.44
MED05;17.5;17.018.0031-A;M2;E.M. ROCHA LEÃO;DEP. MAT. ESPORTIVO;3.5 x 3.3 x 1;11.55
MED05;17.5;17.018.0031-A;M2;E.M. ROCHA LEÃO;DEP. MAT. BANDA;3.5 x 3.3 x 1;11.55
MED05;17.5;17.018.0031-A;M2;E.M. ROCHA LEÃO;VEST. MASC.;5.7 x 4.45 x 1;25.365
MED05;17.5;17.018.0031-A;M2;E.M. ROCHA LEÃO;VEST. FEM.;5.7 x 4.45 x 1;25.365
MED05;17.5;17.018.0031-A;M2;E.M. NILTON BALTAZAR;SECRETARIA;29.86 x 3.35 x 1;100.031
MED05;17.5;17.018.0031-A;M2;E.M. NILTON BALTAZAR;ARQUIVO;8.7 x 3.35 x 1;29.145
MED05;17.5;17.018.0031-A;M2;E.M. NILTON BALTAZAR;ATRIUM CENTRAL;20.4 x 3.35 x 1;68.34
MED05;17.5;17.018.0031-A;M2;E.M. NILTON BALTAZAR;SALA REUNIÕES;24.96 x 3.35 x 1;83.616
MED05;17.5;17.018.0031-A;M2;E.M. NILTON BALTAZAR;DIRETORIA;13.8 x 3.35 x 1;46.23
MED05;17.5;17.018.0031-A;M2;E.M. NILTON BALTAZAR;ORIENT. PEDAGÓGICA;11.4 x 3.35 x 1;38.19
MED05;17.5;17.018.0031-A;M2;E.M. NILTON BALTAZAR;SALA PROFESSORES;21 x 3.35 x 1;70.35
MED05;17.5;17.018.0031-A;M2;E.M. NILTON BALTAZAR;ORIENTAÇÃO EDUCACIONAL;13.8 x 3.35 x 1;46.23
MED05;17.5;17.018.0031-A;M2;E.M. NILTON BALTAZAR;SALA DE AULA 01;28.2 x 3.35 x 1;94.47
MED05;17.5;17.018.0031-A;M2;E.M. NILTON BALTAZAR;SALA DE AULA 02;28.66 x 3.35 x 1;96.011
MED05;17.5;17.018.0031-A;M2;E.M. NILTON BALTAZAR;SALA DE AULA 03;28.5 x 3.35 x 1;95.475
MED05;17.5;17.018.0031-A;M2;E.M. NILTON BALTAZAR;SALA DE AULA 04;28.2 x 3.35 x 1;94.47
MED05;17.5;17.018.0031-A;M2;E.M. NILTON BALTAZAR;SALA DE AULA 05;28.2 x 3.35 x 1;94.47
MED05;17.5;17.018.0031-A;M2;E.M. NILTON BALTAZAR;SALA RECURSOS;18.6 x 3.35 x 1;62.31
MED05;17.5;17.018.0031-A;M2;E.M. NILTON BALTAZAR;SALA MULTI-USO;28.2 x 3.35 x 1;94.47
MED05;17.5;17.018.0031-A;M2;E.M. NILTON BALTAZAR;SECRETARIA;9.45 x 5.48 x 1;51.786
MED05;17.5;17.018.0031-A;M2;E.M. NILTON BALTAZAR;ARQUIVO;2.25 x 2.1 x 1;4.725
MED05;17.5;17.018.0031-A;M2;E.M. NILTON BALTAZAR;ATRIUM CENTRAL;7.43 x 2.77 x 1;20.5811
MED05;17.5;17.018.0031-A;M2;E.M. NILTON BALTAZAR;SALA REUNIÕES;6.55 x 5.93 x 1;38.8415
MED05;17.5;17.018.0031-A;M2;E.M. NILTON BALTAZAR;DIRETORIA;4.65 x 2.25 x 1;10.4625
MED05;17.5;17.018.0031-A;M2;E.M. NILTON BALTAZAR;ORIENT. PEDAGÓGICA;3.45 x 2.25 x 1;7.7625
MED05;17.5;17.018.0031-A;M2;E.M. NILTON BALTAZAR;SALA PROFESSORES;5.85 x 4.65 x 1;27.2025
MED05;17.5;17.018.0031-A;M2;E.M. NILTON BALTAZAR;ORIENTAÇÃO EDUCACIONAL;3.45 x 3.45 x 1;11.9025
MED05;17.5;17.018.0031-A;M2;E.M. NILTON BALTAZAR;SALA DE AULA 01;8.25 x 5.85 x 1;48.2625
MED05;17.5;17.018.0031-A;M2;E.M. NILTON BALTAZAR;SALA DE AULA 02;8.48 x 5.85 x 1;49.608
MED05;17.5;17.018.0031-A;M2;E.M. NILTON BALTAZAR;SALA DE AULA 03;8.4 x 5.85 x 1;49.14
MED05;17.5;17.018.0031-A;M2;E.M. NILTON BALTAZAR;SALA DE AULA 04;8.25 x 5.85 x 1;48.2625
MED05;17.5;17.018.0031-A;M2;E.M. NILTON BALTAZAR;SALA DE AULA 05;8.25 x 5.85 x 1;48.2625
MED05;17.5;17.018.0031-A;M2;E.M. NILTON BALTAZAR;SALA RECURSOS;5.85 x 3.45 x 1;20.1825
MED05;17.5;17.018.0031-A;M2;E.M. NILTON BALTAZAR;SALA MULTI-USO;8.25 x 5.85 x 1;48.2625
MED05;17.5;17.018.0031-A;M2;E.M. NILTON BALTAZAR;SALA DE AULA 06;28.2 x 3.35 x 1;94.47
MED05;17.5;17.018.0031-A;M2;E.M. NILTON BALTAZAR;SALA DE AULA 07;28.66 x 3.35 x 1;96.011
MED05;17.5;17.018.0031-A;M2;E.M. NILTON BALTAZAR;SALA DE AULA 08;28.5 x 3.35 x 1;95.475
MED05;17.5;17.018.0031-A;M2;E.M. NILTON BALTAZAR;SALA DE AULA 09;28.2 x 3.35 x 1;94.47
MED05;17.5;17.018.0031-A;M2;E.M. NILTON BALTAZAR;SALA DE AULA 10;26.24 x 3.35 x 1;87.904
MED05;17.5;17.018.0031-A;M2;E.M. NILTON BALTAZAR;SALA DE AULA 11;28.2 x 3.35 x 1;94.47
MED05;17.5;17.018.0031-A;M2;E.M. NILTON BALTAZAR;SALA DE AULA 12;28.2 x 3.35 x 1;94.47
MED05;17.5;17.018.0031-A;M2;E.M. NILTON BALTAZAR;SALA DE AULA 13;33.32 x 3.35 x 1;111.622
MED05;17.5;17.018.0031-A;M2;E.M. NILTON BALTAZAR;SALA DE AULA 14;27.16 x 3.35 x 1;90.986
MED05;17.5;17.018.0031-A;M2;E.M. NILTON BALTAZAR;SALA DE AULA 15;28.2 x 3.35 x 1;94.47
MED05;17.5;17.018.0031-A;M2;E.M. NILTON BALTAZAR;SALA DE AULA 16;28.2 x 3.35 x 1;94.47
MED05;17.5;17.018.0031-A;M2;E.M. NILTON BALTAZAR;BIBLIOTECA;40.36 x 3.35 x 1;135.206
MED05;17.5;17.018.0031-A;M2;E.M. NILTON BALTAZAR;LAB. INFORMÁTICA;33.32 x 3.35 x 1;111.622
MED05;17.5;17.018.0031-A;M2;E.M. NILTON BALTAZAR;LAB. DE CIÊNCIAS;25.66 x 3.35 x 1;85.961
MED05;17.5;17.018.0031-A;M2;E.M. NILTON BALTAZAR;DEPÓSITO;14.56 x 3.35 x 1;48.776
MED05;17.5;17.018.0031-A;M2;E.M. NILTON BALTAZAR;SALA AGENTE ESCOLAS;15.76 x 3.35 x 1;52.796
MED05;17.5;17.018.0031-A;M2;E.M. NILTON BALTAZAR;SALA DE AULA 06;8.25 x 5.85 x 1;48.2625
MED05;17.5;17.018.0031-A;M2;E.M. NILTON BALTAZAR;SALA DE AULA 07;8.48 x 5.85 x 1;49.608
MED05;17.5;17.018.0031-A;M2;E.M. NILTON BALTAZAR;SALA DE AULA 08;8.4 x 5.85 x 1;49.14
MED05;17.5;17.018.0031-A;M2;E.M. NILTON BALTAZAR;SALA DE AULA 09;8.25 x 5.85 x 1;48.2625
MED05;17.5;17.018.0031-A;M2;E.M. NILTON BALTAZAR;SALA DE AULA 10;7.05 x 6.07 x 1;42.7935
MED05;17.5;17.018.0031-A;M2;E.M. NILTON BALTAZAR;SALA DE AULA 11;8.25 x 5.85 x 1;48.2625
MED05;17.5;17.018.0031-A;M2;E.M. NILTON BALTAZAR;SALA DE AULA 12;8.25 x 5.85 x 1;48.2625
MED05;17.5;17.018.0031-A;M2;E.M. NILTON BALTAZAR;SALA DE AULA 13;11.33 x 5.33 x 1;60.3889
MED05;17.5;17.018.0031-A;M2;E.M. NILTON BALTAZAR;SALA DE AULA 14;7.73 x 5.85 x 1;45.2205
MED05;17.5;17.018.0031-A;M2;E.M. NILTON BALTAZAR;SALA DE AULA 15;8.25 x 5.85 x 1;48.2625
MED05;17.5;17.018.0031-A;M2;E.M. NILTON BALTAZAR;SALA DE AULA 16;8.25 x 5.85 x 1;48.2625
MED05;17.5;17.018.0031-A;M2;E.M. NILTON BALTAZAR;BIBLIOTECA;11.85 x 8.33 x 1;98.7105
MED05;17.5;17.018.0031-A;M2;E.M. NILTON BALTAZAR;LAB. INFORMÁTICA;11.33 x 5.33 x 1;60.3889
MED05;17.5;17.018.0031-A;M2;E.M. NILTON BALTAZAR;LAB. DE CIÊNCIAS;7.65 x 5.18 x 1;39.627
MED05;17.5;17.018.0031-A;M2;E.M. NILTON BALTAZAR;DEPÓSITO;5.85 x 1.43 x 1;8.3655
MED05;17.5;17.018.0031-A;M2;E.M. NILTON BALTAZAR;SALA AGENTE ESCOLAS;5.85 x 2.03 x 1;11.8755
MED05;17.5;17.018.0031-A;M2;E.M. NILTON BALTAZAR;SANITÁRIO FEM. 01;6.45 x 3.03 x 1;19.5435
MED05;17.5;17.018.0031-A;M2;E.M. NILTON BALTAZAR;SANITÁRIO MASC. 01;6.45 x 3.03 x 1;19.5435
MED05;17.5;17.018.0031-A;M2;E.M. NILTON BALTAZAR;SANITÁRIO PROF. FEM.;2.47 x 1.5 x 1;3.705
MED05;17.5;17.018.0031-A;M2;E.M. NILTON BALTAZAR;SANITÁRIO PROF. MASC.;1.95 x 1.32 x 1;2.574
MED05;17.5;17.018.0031-A;M2;E.M. NILTON BALTAZAR;SANIT. PDC;2.47 x 1.5 x 1;3.705
MED05;17.5;17.018.0031-A;M2;E.M. NILTON BALTAZAR;DML;1.95 x 1.33 x 1;2.5935
MED05;17.5;17.018.0031-A;M2;E.M. NILTON BALTAZAR;SANITÁRIO FEM. 02;5.85 x 2.59 x 1;15.1515
MED05;17.5;17.018.0031-A;M2;E.M. NILTON BALTAZAR;SANITÁRIO MASC. 02;5.85 x 2.59 x 1;15.1515
MED05;17.6;17.018.0185-A;M2;E.M. ROCHA LEÃO;MURETA;95.1 x 1.9;180.69
MED05;17.6;17.018.0185-A;M2;E.M. ROCHA LEÃO;MURETA;95.1 x 0.19;18.07
MED05;17.7;17.035.0020-A;M2;;;;0
MED05;17.8;17.035.0030-A;M2;;;;0
MED05;17.9;17.040.0021-A;M2;;FAIXA MURO;443.2 x 0.07 x 2;62.048
MED05;17.9;17.040.0021-A;M2;E.M. ROCHA LEÃO;FAIXA MURO;95.1 x 0.07 x 1;6.657
MED05;17.10;17.040.0024-A;M2;E.M. MÁRCIA LUSTOSA;ENTRADA DA UNIDADE;3 x 2.4 x 1;7.2
MED05;17.10;17.040.0024-A;M2;E.M. MÁRCIA LUSTOSA;ENTRADA DA UNIDADE;11.4 x 4.9 x 1;55.86
MED05;17.10;17.040.0024-A;M2;E.M. MÁRCIA LUSTOSA;ENTRADA DA UNIDADE;14.8 x 1.1 x 1;16.28
MED05;18.1;18.002.0010-A;UN;;;;0
MED05;18.2;18.002.0030-A;UN;;;;0
MED05;18.3;18.002.0055-A;UN;;;;0
MED05;18.4;18.002.0065-A;UN;E.M ROCHA LEÃO;;1;1
MED05;18.5;18.002.0080-A;UN;GABINETE;;2;2
MED05;18.5;18.002.0080-A;UN;CEMADA (O.S 891);O.S 891;1;1
MED05;18.5;18.002.0080-A;UN;E.M Rocha Leão (SEM O.S);;1;1
MED05;18.6;18.003.0003-A;UN;;;;0
MED05;18.7;18.003.0015-A;UN;Escola M. Senhorinha de Oliveira Gomes (O.S 756);O.S 756;2;2
MED05;18.8;18.005.0010-A;UN;;;;0
MED05;18.9;18.005.0012-A;UN;;;;0
MED05;18.10;18.005.0013-A;UN;;;;0
MED05;18.11;18.005.0018-A;UN;NUGEPE (O.S 21);O.S 21;1;1
MED05;18.11;18.005.0018-A;UN;Escola M. Fany Batista Esteves (O.S 122);O.S 122;4;4
MED05;18.11;18.005.0018-A;UN;Escola M. Enedina Fidélis Moreira (O.S 190);O.S 190;1;1
MED05;18.11;18.005.0018-A;UN;Escola M. Enedina Fidélis Moreira (O.S 212);O.S 212;2;2
MED05;18.11;18.005.0018-A;UN;Escola M. João Batista Gomes da Cruz (O.S 228);O.S 228;6;6
MED05;18.11;18.005.0018-A;UN;Escola M. João Batista Gomes da Cruz (O.S 239);O.S 239;1;1
MED05;18.11;18.005.0018-A;UN;CEMAEE (O.S. 588);O.S 588;4;4
MED05;18.11;18.005.0018-A;UN;Escola Municipal Trindade (O.S 677);O.S 677;1;1
MED05;18.11;18.005.0018-A;UN;CEMADA (O.S 891);O.S 891;1;1
MED05;18.11;18.005.0018-A;UN;Escola M. Prefeito Paulo Pinheiro (O.S 894);O.S 894;2;2
MED05;18.11;18.005.0018-A;UN;CIEP Mestre Marçal Municipalizado (O.S 918);O.S 918;2;2
MED05;18.11;18.005.0018-A;UN;Escola M. Rosângela Duarte Faria (O.S 924);O.S 924;4;4
MED05;18.12;18.006.0025-A;UN;Escola M. Rosângela Duarte Faria (O.S 896);O.S 896;3;3
MED05;18.13;18.006.0050-A;UN;;;;0
MED05;18.14;18.007.0042-A;UN;;;;0
MED05;18.16;18.007.0080-A;UN;;;;0
MED05;18.17;18.008.0005-A;UN;;;;0
MED05;18.18;18.008.0007-A;UN;;;;0
MED05;18.19;18.009.0058-A;UN;CIEP Mestre Marçal Municipalizado (O.S 120);O.S 120;1;1
MED05;18.19;18.009.0058-A;UN;Estádio Amaro Mota (O.S 143);O.S 143;1;1
MED05;18.19;18.009.0058-A;UN;CIEP Mestre Marçal Municipalizado (O.S 190);O.S 190;3;3
MED05;18.19;18.009.0058-A;UN;Escola M. João Batista Gomes da Cruz (O.S 228);O.S 228;2;2
MED05;18.19;18.009.0058-A;UN;Escola M. Marinete Coelho Souza (O.S 275);O.S 275;2;2
MED05;18.19;18.009.0058-A;UN;Escola M. Jovenil Bastos da Silva (O.S 303);O.S 303;1;1
MED05;18.19;18.009.0058-A;UN;Escola M. Ernestina Jorge Pereira (O.S 476);O.S 476;1;1
MED05;18.19;18.009.0058-A;UN;Escola M. Simar Machado Sodré (O.S. 500);O.S 500;1;1
MED05;18.19;18.009.0058-A;UN;Escola M. Nelzir Pereira Mello (O.S. 572);O.S 572;1;1
MED05;18.19;18.009.0058-A;UN;Escola M. Inayá Moraes D'Couto (O.S. 609);O.S 609;1;1
MED05;18.19;18.009.0058-A;UN;Escola M. Inayá Moraes D'Couto (O.S. 802);O.S 802;3;3
MED05;18.19;18.009.0058-A;UN;Escola M. Nilton Balthazar (O.S. 822);O.S 822;1;1
MED05;18.19;18.009.0058-A;UN;Creche M. Valdira Flausino Rodrigues (O.S. 842);O.S 842;3;3
MED05;18.19;18.009.0058-A;UN;Creche M. Márcia Lustosa Machado (O.S. 865);O.S 865;1;1
MED05;18.19;18.009.0058-A;UN;Escola M. Senhorinha de Oliveira Gomes (O.S. 935);O.S 935;4;4
MED05;18.19;18.009.0058-A;UN;Escola M. Maria da Penha de Oliveira (O.S 946);O.S 946;1;1
MED05;18.19;18.009.0058-A;UN;Escola M. João Batista Gomes da Cruz (O.S 959);O.S 959;1;1
MED05;18.19;18.009.0058-A;UN;Escola M. América Abdalla (O.S 977);O.S 977;4;4
MED05;18.19;18.009.0058-A;UN;CIEP Mestre Marçal Municipalizado (SEM O.S);;2;2
MED05;18.19;18.009.0058-A;UN;Escola M. América Abdalla (SEM O.S);;4;4
MED05;18.19;18.009.0058-A;UN;Creche M. Márcia Lustosa Machado (SEM O.S);;1;1
MED05;18.19;18.009.0058-A;UN;E.M RIO DAS OSTRAS  (SEM O.S);;1;1
MED05;18.19;18.009.0058-A;UN;Escola M. Francisco de Assis Medeiros Rangel (O.S 81);O.S 81;2;2
MED05;18.20;18.009.0074-A;UN;GABINETE;;1;1
MED05;18.20;18.009.0074-A;UN;Escola M. Marinete Coelho Souza (O.S 275);O.S 275;1;1
MED05;18.20;18.009.0074-A;UN;Escola M. Fazendas Reunidas Atlântica (O.S 599);O.S 599;1;1
MED05;18.20;18.009.0074-A;UN;Escola M. Senhorinha de Oliveira Gomes (O.S 772);O.S 772;1;1
MED05;18.20;18.009.0074-A;UN;Escola M. Senhorinha de Oliveira Gomes (O.S 800);O.S 800;2;2
MED05;18.20;18.009.0074-A;UN;Escola M. Senhorinha de Oliveira Gomes (O.S 930);O.S 930;1;1
MED05;18.20;18.009.0074-A;UN;Escola M. João Batista Gomes da Cruz (O.S 959);O.S 959;2;2
MED05;18.20;18.009.0074-A;UN;Escola M. Rio das Ostras (O.S 985);O.S 985;1;1
MED05;18.20;18.009.0074-A;UN;Escola M. Senhorinha de Oliveira Gomes (SEM O.S);;2;2
MED05;18.21;18.009.0076-A;UN;E.M ROCHA LEÃO;;3;3
MED05;18.21;18.009.0076-A;UN;NUGEPE (O.S. 118);O.S 118;1;1
MED05;18.21;18.009.0076-A;UN;Escola M. Fany Batista Esteves (O.S. 122);O.S 122;2;2
MED05;18.21;18.009.0076-A;UN;Escola M. João Batista Gomes da Cruz (O.S 228);O.S 228;6;6
MED05;18.21;18.009.0076-A;UN;Escola M. Enedina Fidélis Moreira (O.S. 341);O.S 341;2;2
MED05;18.21;18.009.0076-A;UN;CEMAEE (O.S. 588);O.S 588;4;4
MED05;18.21;18.009.0076-A;UN;Creche M. Dona Senhorinha (O.S. 855);O.S 855;2;2
MED05;18.21;18.009.0076-A;UN;Creche M. Márcia Lustosa Machado (O.S. 865);O.S 865;1;1
MED05;18.21;18.009.0076-A;UN;CIEP Mestre Marçal Municipalizado (O.S. 918);O.S 918;2;2
MED05;18.21;18.009.0076-A;UN;Escola M. Rosângela Duarte Faria (O.S. 925);O.S 925;2;2
MED05;18.21;18.009.0076-A;UN;Creche M. Márcia Lustosa Machado (O.S. 938);O.S 938;2;2
MED05;18.21;18.009.0076-A;UN;Escola M. Fazendas Reunidas Atlântica (SEM O.S);;1;1
MED05;18.22;18.011.0003-A;UN;;;;0
MED05;18.23;18.012.0090-A;UN;Escola M. Simar Machado Sodré (O.S 245);O.S 245;1;1
MED05;18.23;18.012.0090-A;UN;Escola M. Senhorinha de Oliveira Gomes (O.S 800);O.S 800;1;1
MED05;18.23;18.012.0090-A;UN;Escola M. Rio das Ostras (O.S 927);O.S 927;1;1
MED05;18.24;18.013.0106-A;UN;GABINETE;;1;1
MED05;18.24;18.013.0106-A;UN;CEMAEE (O.S 762);O.S 762;1;1
MED05;18.25;18.013.0109-A;UN;Escola M. Senhorinha de Oliveira Gomes (O.S 190);O.S 190;1;1
MED05;18.25;18.013.0109-A;UN;Escola M. Inayá Moraes D'Couto (O.S 778);O.S 778;1;1
MED05;18.25;18.013.0109-A;UN;Escola M. Rosângela Duarte Faria (O.S 896);O.S 896;1;1
MED05;18.26;18.013.0111-A;UN;;;;0
MED05;18.27;18.013.0127-A;UN;GABINETE;;2;2
MED05;18.27;18.013.0127-A;UN;Escola M. João Bento Duarte Neto (O.S 45);O.S 45;1;1
MED05;18.27;18.013.0127-A;UN;Escola M. João Batista Gomes da Cruz (O.S 228);O.S 228;6;6
MED05;18.27;18.013.0127-A;UN;Escola M. Ondina Pinto Marcondes (O.S 242);O.S 242;6;6
MED05;18.27;18.013.0127-A;UN;Escola M. Simar Machado Sodré (O.S 491);O.S 491;1;1
MED05;18.27;18.013.0127-A;UN;CEMAEE (O.S. 588);O.S 588;1;1
MED05;18.27;18.013.0127-A;UN;Escola M. José Luiz de Lemos (O.S. 569);O.S 569;2;2
MED05;18.27;18.013.0127-A;UN;Escola Municipal Trindade (O.S. 677);O.S 677;1;1
MED05;18.27;18.013.0127-A;UN;Escola M. Inayá Moraes D'Couto (O.S. 778);O.S 778;1;1
MED05;18.27;18.013.0127-A;UN;Escola M. Nadir da Silva Salvador (O.S. 804);O.S 804;1;1
MED05;18.27;18.013.0127-A;UN;Escola M. Prefeito Célio Sarzedas (O.S. 839);O.S 839;1;1
MED05;18.27;18.013.0127-A;UN;Creche M. Valdira Flausino Rodrigues (O.S. 842);O.S 842;2;2
MED05;18.27;18.013.0127-A;UN;Escola M. Maria Teixeira de Paula  (O.S. 846);O.S 846;1;1
MED05;18.27;18.013.0127-A;UN;Creche M. Márcia Lustosa Machado (O.S. 865);O.S 865;5;5
MED05;18.27;18.013.0127-A;UN;Escola M. Sebastião Loubach (O.S. 866);O.S 866;1;1
MED05;18.27;18.013.0127-A;UN;Escola M. Senhorinha de Oliveira Gomes (O.S. 869);O.S 869;1;1
MED05;18.27;18.013.0127-A;UN;Escola M. Rocha Leão (O.S. 873);O.S 873;1;1
MED05;18.27;18.013.0127-A;UN;Escola M. Fazenda da Praia (O.S. 875);O.S 875;1;1
MED05;18.27;18.013.0127-A;UN;CEMADA (O.S 891);O.S 891;1;1
MED05;18.27;18.013.0127-A;UN;Escola M. Senhorinha de Oliveira Gomes (O.S. 935);O.S 935;4;4
MED05;18.27;18.013.0127-A;UN;Creche Dona Cota (O.S. 940);O.S 940;1;1
MED05;18.27;18.013.0127-A;UN;Escola M. América Abdalla (O.S. 1023);O.S 1023;2;2
MED05;18.28;18.013.0133-A;UN;Escola M. João Bento Duarte Neto (O.S 45);O.S 45;2;2
MED05;18.28;18.013.0133-A;UN;Escola M. Ary Gomes de Marins (O.S 504);O.S 504;3;3
MED05;18.28;18.013.0133-A;UN;CEMAEE (O.S. 588);O.S 588;4;4
MED05;18.28;18.013.0133-A;UN;Escola M. Nilton Balthazar (O.S 593);O.S 593;2;2
MED05;18.28;18.013.0133-A;UN;Escola M. Inayá Moraes D'Couto (O.S. 788);O.S 788;1;1
MED05;18.28;18.013.0133-A;UN;Creche M. Dona Senhorinha (O.S. 855);O.S 855;2;2
MED05;18.28;18.013.0133-A;UN;Escola M. Maria da Penha  (O.S 946);O.S 946;2;2
MED05;18.29;18.013.0156-A;UN;;;;0
MED05;18.30;18.016.0040-A;UN;Escola M. Prefeito Cláudio Ribeiro (O.S. 794);O.S 794;1;1
MED05;18.30;18.016.0040-A;UN;Escola M. Senhorinha de Oliveira Gomes (O.S. 935);O.S 935;4;4
MED05;18.31;18.016.0045-A;M;;;;0
MED05;18.32;18.016.0050-A;M;;;;0
MED05;18.33;18.016.0106-A;UN;;;;0
MED05;18.34;18.017.0020-A;UN;CIEP Mestre Marçal Municipalizado (O.S 120);O.S 120;1;1
MED05;18.34;18.017.0020-A;UN;CIEP Mestre Marçal Municipalizado (O.S 190);O.S 190;2;2
MED05;18.34;18.017.0020-A;UN;IMERO (O.S 134);O.S 134;1;1
MED05;18.34;18.017.0020-A;UN;Estádio Amaro Mota (O.S 143);O.S 143;1;1
MED05;18.34;18.017.0020-A;UN;Escola M. Inayá Moraes D'Couto (O.S 243);O.S 243;1;1
MED05;18.34;18.017.0020-A;UN;Escola M. Jovenil Bastos da Silva (O.S 303);O.S 303;2;2
MED05;18.34;18.017.0020-A;UN;Escola M. Ernestina Jorge Pereira (O.S 476);O.S 476;1;1
MED05;18.34;18.017.0020-A;UN;Creche Escola M. Maria Rosa Ribeiro Pinheiro  (O.S. 553);O.S 553;2;2
MED05;18.34;18.017.0020-A;UN;Escola M. Nelzir Pereira Mello (O.S. 572);O.S 572;1;1
MED05;18.34;18.017.0020-A;UN;Escola M. Inayá Moraes D'Couto (O.S. 802);O.S 802;3;3
MED05;18.34;18.017.0020-A;UN;Escola M. Simar Machado Sodré (O.S. 806);O.S 806;1;1
MED05;18.34;18.017.0020-A;UN;Creche M. Márcia Lustosa Machado (O.S. 865);O.S 865;1;1
MED05;18.34;18.017.0020-A;UN;Escola M. Senhorinha de Oliveira Gomes (O.S. 935);O.S 935;4;4
MED05;18.34;18.017.0020-A;UN;Escola M. João Batista Gomes da Cruz (O.S 959);O.S 959;1;1
MED05;18.34;18.017.0020-A;UN;Escola M. Inayá Moraes D'Couto (SEM O.S.);;2;2
MED05;18.35;18.019.0010-A;UN;Escola M. Enedina Fidélis Moreira (O.S 190);O.S 190;1;1
MED05;18.35;18.019.0010-A;UN;CEMAEE (O.S 239);O.S 239;1;1
MED05;18.35;18.019.0010-A;UN;Escola M. Jovenil Bastos da Silva (O.S 469);O.S 469;1;1
MED05;18.35;18.019.0010-A;UN;Escola M. Simar Machado Sodré (O.S 491);O.S 491;1;1
MED05;18.35;18.019.0010-A;UN;Escola M. Ary Gomes de Marins (O.S 504);O.S 504;3;3
MED05;18.35;18.019.0010-A;UN;Escola M. Ondina Pinto Marcondes (O.S 552);O.S 552;1;1
MED05;18.35;18.019.0010-A;UN;Escola M. Nelzir Pereira Mello (O.S 572);O.S 572;1;1
MED05;18.35;18.019.0010-A;UN;Escola M. Ondina Pinto Marcondes (O.S 647);O.S 647;1;1
MED05;18.35;18.019.0010-A;UN;Escola Municipal Trindade (O.S 677);O.S 677;1;1
MED05;18.35;18.019.0010-A;UN;Escola M. Senhorinha de Oliveira Gomes (O.S 720);O.S 720;1;1
MED05;18.35;18.019.0010-A;UN;Escola M. Elson Pinheiro (O.S 841);O.S 841;1;1
MED05;18.35;18.019.0010-A;UN;Escola M. Prefeito Paulo Pinheiro (O.S 894);O.S 894;2;2
MED05;18.35;18.019.0010-A;UN;Escola M. Rosângela Duarte Faria (O.S 924);O.S 924;2;2
MED05;18.35;18.019.0010-A;UN;Escola M. Maria Teixeira de Paula  (O.S 926);O.S 926;1;1
MED05;18.35;18.019.0010-A;UN;Escola M. Maria da Penha  (O.S 946);O.S 946;2;2
MED05;18.36;18.021.0030-A;UN;;;;0
MED05;18.37;18.021.0035-A;UN;;;;0
MED05;18.38;18.021.0042-A;UN;;;;0
MED05;18.40;18.027.0045-A;UN;;;;0
MED05;18.41;18.027.0097-A;UN;NUGEPE (O.S 21);O.S 21;3;3
MED05;18.41;18.027.0097-A;UN;Escola M. Senhorinha de Oliveira Gomes (O.S 471);O.S 471;10;10
MED05;18.41;18.027.0097-A;UN;E.M ROCHA LEÃO;;14;14
MED05;18.43;18.027.0303-A;UN;E.M ROCHA LEÃO;;30;30
MED05;18.44;18.027.0305-A;UN;;;;0
MED05;18.46;18.027.0445-A;UN;E.M ROCHA LEÃO;;20;20
MED05;18.46;18.027.0445-A;UN;SEMEDE (O.S 883);O.S 883;4;4
MED05;18.48;18.029.0012-A;UN;Escola M. América Abdalla (O.S 221);O.S 221;1;1
MED05;18.48;18.029.0012-A;UN;Escola M. João Bento Duarte Neto (O.S 222);O.S 222;1;1
MED05;18.48;18.029.0012-A;UN;Escola M. Solange Viana  (O.S 246);O.S 246;1;1
MED05;18.48;18.029.0012-A;UN;Escola M. Nilton Balthazar (O.S 370);O.S 370;1;1
MED05;18.48;18.029.0012-A;UN;Escola M. Enedina Fidélis Moreira (O.S 748);O.S 748;1;1
MED05;18.48;18.029.0012-A;UN;Escola M. Nilton Balthazar (O.S 823);O.S 823;1;1
MED05;18.48;18.029.0012-A;UN;Escola M. Inayá Moraes D'Couto (O.S 1070);O.S 1070;1;1
MED05;18.48;18.029.0012-A;UN;Escola M. Maria Teixeira de Paula  (O.S 1078);O.S 1078;1;1
MED05;18.49;18.082.0020-A;M;GABINETE;;4.28;4.28
MED05;18.51;18.200.0001-A;PAR;;;;0
MED05;18.52;18.200.0002-A;PAR;;;;0
MED05;18.53;18.200.0004-A;PAR;;;;0
MED05;18.54;18.200.0005-A;PAR;;;;0
MED05;18.55;18.200.0015-A;PAR;;;;0
MED05;18.56;18.200.0020-A;UN;;;;0
MED06;A.2;20069;H;;;;88
MED06;A.4;20155;H;;;;240
MED06;A.5;20143;H;;;;176
MED06;A.7;20146;H;;;;176
MED06;A.9;20008;H;;;;176
MED06;A.12;19.004.0001-C;H;;;;352
MED06;A.15;19.004.0040-C;H;;;;704
MED06;A.16;19.004.0046-C;H;;;;528
MED06;1.1;20039;H;;;;720
MED06;1.2;20060;H;;;;1440
MED06;1.3;20115;H;;;;1440
MED06;1.4;20131;H;;;;240
MED06;1.5;20132;H;;;;4320
MED06;3.1;03.001.0001-B;M3;E.M. Padre José Dilson Dórea;449;50 x 0.6 x 0.6;18
MED06;3.2;03.010.0024-A;M3;E.M. Padre José Dilson Dórea;;449 x 50 x 0.6 x 0.6;18
MED06;3.3;03.009.0080-A;M3;E.M. Padre José Dilson Dórea;;449 x 50 x 0.6 x 0.6;18
MED06;3.4;03.011.0015-B;M3;E.M. Padre José Dilson Dórea;;449 x 50 x 0.6 x 0.6;18
MED06;4.2;04.005.0120-A;T X KM;Transporte de itens diverso, em caminhão de carroceria fixa e com capacidade de 8,0T  do deposito  da empresa até o local de aplicação, itens como ferramentas, argamassa, portas, janelas, latas de tinta e massa, tijolos, telhas, e outros.;;9 x 8 x 10 x 22;15840
MED06;4.3;04.006.0013-B;T;;;45 x 0.1 x 3;13.5
MED06;4.4;04.006.0008-B;T;;;;55
MED06;4.6;04.020.0122-A;M2XKM;;;;0
MED06;4.7;04.021.0010-A;M2;;;;0
MED06;5.1;05.001.0001-A;M3;Escola M. Prefeito Paulo Pinheiro;1299;4 x 3 x 0.15;1.8
MED06;5.2;05.001.0002-B;M3;;;;0
MED06;5.3;05.001.0008-A;M2;C.B.F Centro de Treinamento Gilson Zarour;1119;3 x 3 x 1;9
MED06;5.4;05.001.0009-A;M2;C.B.F Centro de Treinamento Gilson Zarour;VESTIÁRIO 01;19.34 x 2.8;54.15
MED06;5.4;05.001.0009-A;M2;C.B.F Centro de Treinamento Gilson Zarour;VESTIÁRIO 02;17.34 x 2.8;48.55
MED06;5.4;05.001.0009-A;M2;C.B.F Centro de Treinamento Gilson Zarour;WC ÁRBITRO;8.07 x 2.8;22.6
MED06;5.5;05.001.0011-A;M2;;;;0
MED06;5.6;05.001.0014-A;M2;C.B.F Centro de Treinamento Gilson Zarour;VESTIÁRIO 01;19.34 x 2.8;54.15
MED06;5.6;05.001.0014-A;M2;C.B.F Centro de Treinamento Gilson Zarour;VESTIÁRIO 02;17.34 x 2.8;48.55
MED06;5.6;05.001.0014-A;M2;C.B.F Centro de Treinamento Gilson Zarour;WC ÁRBITRO;8.07 x 2.8;22.6
MED06;5.7;05.001.0015-A;M2;C.B.F Centro de Treinamento Gilson Zarour;VESTIÁRIO 01;6.17 x 3.5;21.595
MED06;5.7;05.001.0015-A;M2;C.B.F Centro de Treinamento Gilson Zarour;VESTIÁRIO 02;5.17 x 3.5;18.095
MED06;5.7;05.001.0015-A;M2;C.B.F Centro de Treinamento Gilson Zarour;WC ÁRBITRO;1.536 x 2.5;3.84
MED06;5.7;05.001.0015-A;M2;C.B.F Centro de Treinamento Gilson Zarour;HALL;2.55 x 2.5;6.375
MED06;5.7;05.001.0015-A;M2;C.B.F Centro de Treinamento Gilson Zarour;VARANDA;10.1 x 1.2;12.12
MED06;5.7;05.001.0015-A;M2;C.B.F Centro de Treinamento Gilson Zarour;QUIOSQUE;12 x 5.9;70.8
MED06;5.8;05.001.0021-A;M2;;;;0
MED06;5.9;05.001.0023-A;M3;;;;0
MED06;5.10;05.001.0024-A;M3;;;0.2 x 2.9;0
MED06;5.12;05.001.0040-A;M2;Escola M. Mônica de Andrade;12;20 x 6;120
MED06;5.13;05.001.0041-A;M2;;;;0
MED06;5.14;05.001.0043-A;M2;PRAÇA DE SKATE;;13.75;13.75
MED06;5.14;05.001.0043-A;M2;Escola M. Ondina Pinto Marcondes;;365;25
MED06;5.14;05.001.0043-A;M2;Escola M. Elson Pinheiro;;582;12
MED06;5.14;05.001.0043-A;M2;CEMAEE;;587;32
MED06;5.14;05.001.0043-A;M2;Escola M. Pedro Moreira dos Santos;;1037;18
MED06;5.14;05.001.0043-A;M2;Escola M. Simar Machado Sodré;;1196;32
MED06;5.16;05.001.0055-A;M2;;;;0
MED06;5.17;05.001.0063-A;M2;Escola M. Francisco de Assis Medeiros Rangel;;25 x 6 x 0.5;75
MED06;5.17;05.001.0063-A;M2;Escola M. Simar Machado Sodré;;12 x 3.6 x 0.5;21.6
MED06;5.17;05.001.0063-A;M2;PRAÇA DE SKATE;;16.5 x 0.5 x 1;8.25
MED06;5.17;05.001.0063-A;M2;PRAÇA DE SKATE;;8 x 4.6 x 0.5;18.4
MED06;5.18;05.001.0071-A;M;;;;0
MED06;5.19;05.001.0074-A;M2;;;;0
MED06;5.20;05.001.0134-A;UN;;;;0
MED06;5.23;05.001.0144-A;UN;CIEP Mestre Marçal Municipalizado;;6;6
MED06;5.23;05.001.0144-A;UN;Creche Dona Lina;;6;6
MED06;5.23;05.001.0144-A;UN;Creche M. Dona Senhorinha;;3;3
MED06;5.23;05.001.0144-A;UN;Escola M. Alberto Jorge;;3;3
MED06;5.23;05.001.0144-A;UN;Escola M. América Abdalla;;4;4
MED06;5.23;05.001.0144-A;UN;Escola M. Ary Gomes de Marins;;6;6
MED06;5.23;05.001.0144-A;UN;Escola M. Francisco de Assis Medeiros Rangel;;4;4
MED06;5.23;05.001.0144-A;UN;Escola M. Henrique Sarzedas;;10;10
MED06;5.23;05.001.0144-A;UN;Escola M. Inayá Moraes D'Couto;;2;2
MED06;5.23;05.001.0144-A;UN;Escola M. Jerônymo Mendes da Costa;;4;4
MED06;5.23;05.001.0144-A;UN;Escola M. João Batista Gomes da Cruz;;6;6
MED06;5.23;05.001.0144-A;UN;Escola M. José de Oliveira Martins;;5;5
MED06;5.23;05.001.0144-A;UN;Escola M. Maria Teixeira de Paula;;10;10
MED06;5.23;05.001.0144-A;UN;Escola M. Marinete Coelho Souza;;2;2
MED06;5.23;05.001.0144-A;UN;Escola M. Mônica de Andrade Ribeiro;;11;11
MED06;5.23;05.001.0144-A;UN;Escola M. Nadir da Silva Salvador;;18;18
MED06;5.23;05.001.0144-A;UN;Escola M. Neli Aparecida Tâmara Luiz;;3;3
MED06;5.23;05.001.0144-A;UN;Escola M. Nelzir Pereira Mello;;23;23
MED06;5.23;05.001.0144-A;UN;Escola M. Nilton Balthazar;;2;2
MED06;5.23;05.001.0144-A;UN;Escola M. Padre José Dilson Dórea;;1;1
MED06;5.23;05.001.0144-A;UN;Escola M. Pedro Moreira dos Santos;;7;7
MED06;5.23;05.001.0144-A;UN;Escola M. Sebastião Loubach;;2;2
MED06;5.23;05.001.0144-A;UN;Escola M. Senhorinha de Oliveira Gomes;;14;14
MED06;5.23;05.001.0144-A;UN;Escola M. Simar Machado Sodré;;10;10
MED06;5.23;05.001.0144-A;UN;Estádio Julieta Viana;;5;5
MED06;5.23;05.001.0144-A;UN;IMERO;;1;1
MED06;5.23;05.001.0144-A;UN;SEMEDE;;3;3
MED06;5.24;05.001.0145-A;UN;Campo Society Heiltor M. Pereira;;2;2
MED06;5.24;05.001.0145-A;UN;CEMAEE - Centro M. de Atentimento Edu. Especializado;;1;1
MED06;5.24;05.001.0145-A;UN;CIEP Mestre Marçal Municipalizado;;6;6
MED06;5.24;05.001.0145-A;UN;Creche Dona Lina;;7;7
MED06;5.24;05.001.0145-A;UN;Creche M. Dona Senhorinha;;4;4
MED06;5.24;05.001.0145-A;UN;Creche M. Valdira Flausino Rodrigues;;11;11
MED06;5.24;05.001.0145-A;UN;Escola M. América Abdalla;;2;2
MED06;5.24;05.001.0145-A;UN;Escola M. Ary Gomes de Marins;;3;3
MED06;5.24;05.001.0145-A;UN;Escola M. Fazenda da Praia;;7;7
MED06;5.24;05.001.0145-A;UN;Escola M. Francisco de Assis Medeiros Rangel;;4;4
MED06;5.24;05.001.0145-A;UN;Escola M. Henrique Sarzedas;;1;1
MED06;5.24;05.001.0145-A;UN;Escola M. Inayá Moraes D'Couto;;5;5
MED06;5.24;05.001.0145-A;UN;Escola M. Jerônymo Mendes da Costa;;1;1
MED06;5.24;05.001.0145-A;UN;Escola M. José de Oliveira Martins;;2;2
MED06;5.24;05.001.0145-A;UN;Escola M. Maria da Penha de Oliveira;;3;3
MED06;5.24;05.001.0145-A;UN;Escola M. Maria Teixeira de Paula;;3;3
MED06;5.24;05.001.0145-A;UN;Escola M. Marinete Coelho Souza;;2;2
MED06;5.24;05.001.0145-A;UN;Escola M. Mônica de Andrade Ribeiro;;1;1
MED06;5.24;05.001.0145-A;UN;Escola M. Nadir da Silva Salvador;;1;1
MED06;5.24;05.001.0145-A;UN;Escola M. Nilton Balthazar;;8;8
MED06;5.24;05.001.0145-A;UN;Escola M. Ondina Pinto Marcondes;;3;3
MED06;5.24;05.001.0145-A;UN;Escola M. Padre José Dilson Dórea;;3;3
MED06;5.24;05.001.0145-A;UN;Escola M. Pedro Moreira dos Santos;;1;1
MED06;5.24;05.001.0145-A;UN;Escola M. Prefeito Cláudio Ribeiro;;1;1
MED06;5.24;05.001.0145-A;UN;Escola M. Rosângela Duarte Faria;;3;3
MED06;5.24;05.001.0145-A;UN;Escola M. Sebastião Loubach;;1;1
MED06;5.24;05.001.0145-A;UN;Escola M. Senhorinha de Oliveira Gomes;;3;3
MED06;5.24;05.001.0145-A;UN;Escola M. Simar Machado Sodré;;5;5
MED06;5.24;05.001.0145-A;UN;Estádio Amaro Mota;;2;2
MED06;5.24;05.001.0145-A;UN;Estádio Julieta Viana;;6;6
MED06;5.25;05.001.0146-A;M;;;;0
MED06;5.29;05.005.0012-B;M2;;;;0
MED06;5.30;05.006.0001-B;M2XMES;;;;0
MED06;5.31;05.008.0001-A;M2;;;;0
MED06;6.1;06.001.0242-A;M;;;;0
MED06;6.2;06.001.0243-A;M;;;;0
MED06;6.10;06.272.0002-A;M;;;;0
MED06;6.11;06.272.0003-A;M;;;;0
MED06;6.14;06.272.0021-A;UN;;;;0
MED06;6.15;06.272.0022-A;UN;;;;0
MED06;6.16;06.272.0026-A;UN;;;;0
MED06;6.17;06.272.0027-A;UN;;;;0
MED06;6.18;06.272.0029-A;UN;;;;0
MED06;6.19;06.272.0030-A;UN;;;;0
MED06;6.20;06.272.0032-A;UN;;;;0
MED06;6.21;06.272.0035-A;UN;;;;0
MED06;6.22;06.272.0038-A;UN;;;;0
MED06;6.23;06.272.0039-A;UN;;;;0
MED06;8.5;08.020.0022-A;M2;;;;0
MED06;8.6;08.027.0037-A;M;;;;0
MED06;9.3;09.015.0040-A;M2;Escola M. Padre José Dilson Dórea;292;96 x 3 x 0.2;57.6
MED06;9.4;09.015.0050-A;M2;;;;0
MED06;9.5;09.015.0200-A;M2;;;;0
MED06;11.1;11.003.0002-A;M3;E.M. ROCHA LEÃO;ENCHIMENTO DE BLOCO;73.6 x 0.4 x 0.2;5.888
MED06;11.2;11.004.0022-B;M2;;;;0
MED06;11.3;11.013.0075-A;M3;E.M. ROCHA LEÃO;SAPATAS;0.5 x 0.2 x 0.25 x 23;0.58
MED06;11.3;11.013.0075-A;M3;Escola M. Prefeito Paulo Pinheiro;1299;4 x 3 x 0.1 x 1;1.2
MED06;11.6;11.023.0002-A;KG;;;;0
MED06;11.7;11.025.0006-A;M3;;;0.15;0
MED06;11.8;11.025.0012-A;M3;;;0.15;0
MED06;11.9;11.030.0080-A;M2;;;;0
MED06;11.10;11.050.0001-B;M3XMES;;;2.9 x 1;0
MED06;11.11;11.055.0001-B;M3;;;2.9 x 0.35;0
MED06;12.1;12.002.0015-A;M2;;;;0
MED06;12.2;12.003.0075-B;M2;Escola M. Mônica de Andrade Ribeiro;12;5 x 4 x 1;20
MED06;12.3;12.005.0030-A;M2;E.M. ROCHA LEÃO;ENCHIMENTO DE BLOCO;70 x 0.4 x 1;28
MED06;12.4;12.016.0004-A;M2;Escola M. Rosângela Duarte Faria;472;0;0
MED06;12.5;12.016.0010-A;M2;;;;0
MED06;12.6;12.016.0024-A;M2;;;;0
MED06;13.1;13.001.0010-B;M2;E.M. ROCHA LEÃO;ENCHIMENTO DE BLOCO;73.6 x 0.4 x 2;58.88
MED06;13.1;13.001.0010-B;M2;Escola M. Mônica de Andrade Ribeiro;12;5 x 4 x 2;40
MED06;13.2;13.001.0026-A;M2;Escola M. Mônica de Andrade Ribeiro;12;5 x 4 x 2;40
MED06;13.2;13.001.0026-A;M2;E.M. ROCHA LEÃO;ENCHIMENTO DE BLOCO;73.6 x 0.4 x 2;58.88
MED06;13.3;13.003.0005-A;M2;;;;0
MED06;13.4;13.022.0040-A;M2;;;;0
MED06;13.5;13.030.0290-A;M2;C.B.F Centro de Treinamento Gilson Zarour;1119;2 x 2 x 1;4
MED06;13.6;13.175.0010-A;M2;Escola M. Mônica de Andrade Ribeiro;708;6 x 3.2;19.2
MED06;13.6;13.175.0010-A;M2;CEMAEE;730;6 x 6;36
MED06;13.6;13.175.0010-A;M2;CEMAEE;;6 x 2;12
MED06;13.6;13.175.0010-A;M2;C.B.F Centro de Treinamento Gilson Zarour;1119;6 x 3;18
MED06;13.7;13.180.0015-B;M2;Escola M. Padre José Dilson Dórea;559;1.85 x 1.75;3.24
MED06;13.7;13.180.0015-B;M2;Escola M. Padre José Dilson Dórea;;1.81 x 1.71;3.1
MED06;13.8;13.196.0050-A;M2;Creche M. Márcia Lustosa Machado;929;9.765625;9.765625
MED06;13.9;13.196.0151-A;M2;;;;0
MED06;13.10;13.301.0125-B;M2;;;;0
MED06;13.11;13.330.0053-A;M2;Escola M. América Abdalla;17;9.8802;9.8802
MED06;13.11;13.330.0053-A;M2;Escola M. Francisco de Assis Medeiros Rangel;566;2.52;2.52
MED06;13.11;13.330.0053-A;M2;Creche M. Valdira Flausino Rodrigues;716;13.68;13.68
MED06;13.11;13.330.0053-A;M2;C.B.F - Centro de Treinamento Gilson Zarour;1332;24.8;24.8
MED06;13.12;13.330.0076-A;M2;;;1;0
MED06;13.13;13.330.0101-A;M;;;;0
MED06;13.15;13.331.0052-A;M;;;;0
MED06;13.16;13.365.0150-A;M;;;;0
MED06;13.17;13.365.0170-A;M;;;;0
MED06;13.18;13.390.0020-A;M2;;;;0
MED06;14.1;14.002.0010-A;M2;;;;0
MED06;14.2;14.002.0013-A;M2;;;;0
MED06;14.3;14.002.0071-A;M2;Escola M. Nelzir Pereira Mello;139;3 x 2.1 x 0.3;1.89
MED06;14.3;14.002.0071-A;M2;Escola M. Nilton Balthazar;298;2.5 x 2.1 x 0.3;1.575
MED06;14.3;14.002.0071-A;M2;Escola M. Francisco de Assis Medeiros Rangel;404;3.1 x 2.2 x 0.3;2.046
MED06;14.3;14.002.0071-A;M2;Escola M. Fazenda da Praia;713;2.5 x 2.1 x 0.3;1.575
MED06;14.3;14.002.0071-A;M2;Escola M. Padre José Dilson Dórea;897;2.5 x 2.1 x 0.3;1.575
MED06;14.3;14.002.0071-A;M2;Creche M. Dona Senhorinha;963;2.5 x 2.1 x 0.3;1.575
MED06;14.3;14.002.0071-A;M2;Escola M. Pedro Moreira dos Santos;1034;2.5 x 2.1 x 0.3;1.575
MED06;14.3;14.002.0071-A;M2;Escola M. Simar Machado Sodré;1196;2.5 x 2.1 x 0.3;1.575
MED06;14.3;14.002.0071-A;M2;Escola M. Nadir da Silva Salvador;1280;2.5 x 2.1 x 0.3;1.575
MED06;14.4;14.002.0132-A;M2;;;;0
MED06;14.5;14.002.0187-A;M;;;;0
MED06;14.6;14.002.0220-A;M;PRAÇA DO SKATE;1249;25 x 1.5 x 0.8;30
MED06;14.7;14.003.0016-A;M2;;;;0
MED06;14.8;14.003.0076-A;M2;E.M. SENHORINHA DE OLIVEIRA GOMES;SALA 18;1.5 x 0.6 x 0.2;0.18
MED06;14.9;14.003.0225-A;M2;CRECHE MARIA ROSA RIBEIRO;;0.9 x 2.1 x 0.4;0.76
MED06;14.10;14.003.0260-A;M;;;;0
MED06;14.11;14.004.0120-A;M2;;;;0
MED06;14.12;14.004.0121-A;M2;Escola M. Padre José Dilson Dórea;1055;1.6 x 0.6 x 2;1.92
MED06;14.12;14.004.0121-A;M2;Escola M. América Abdalla;1289;0.51 x 1.2 x 1;0.612
MED06;14.13;14.006.0012-A;UN;Escola M. Nelzir Pereira Mello;573;1;1
MED06;14.13;14.006.0012-A;UN;PRAÇA DE SKATE;1118;2;2
MED06;14.13;14.006.0012-A;UN;C.B.F Centro de Treinamento Gilson Zarour;1119;3;3
MED06;14.14;14.006.0021-A;UN;Creche Dona Lina;293;2;2
MED06;14.14;14.006.0021-A;UN;Escola M. Francisco de Assis Medeiros Rangel;565;1;1
MED06;14.14;14.006.0021-A;UN;Escola M. Maria da Penha de Oliveira;965;1;1
MED06;14.14;14.006.0021-A;UN;Escola M. Inayá Moraes D'Couto;878;1;1
MED06;14.15;14.006.0023-A;UN;Escola M. Simar Machado Sodré;214;2;2
MED06;14.15;14.006.0023-A;UN;Escola M. Nilton Balthazar;744;1;1
MED06;14.15;14.006.0023-A;UN;Escola M. Inayá Moraes D'Couto;878;2;2
MED06;14.16;14.006.0233-A;UN;;;;0
MED06;14.17;14.006.0407-A;M;;;;0
MED06;14.18;14.006.0409-A;M;;;;0
MED06;14.19;14.007.0036-A;UN;Escola M. Marinete Coelho Souza;;2;2
MED06;14.19;14.007.0036-A;UN;E.M. JERÔNYMO MENDES DA COSTA;;2;2
MED06;14.19;14.007.0036-A;UN;Escola M. Neli Aparecida Tâmara Luiz;;1;1
MED06;14.19;14.007.0036-A;UN;Escola M. Nadir da Silva Salvador;;2;2
MED06;14.19;14.007.0036-A;UN;Escola M. Nilton Balthazar;151;1;1
MED06;14.19;14.007.0036-A;UN;Escola M. Simar Machado Sodré;214;3;3
MED06;14.19;14.007.0036-A;UN;Creche Dona Lina;293;2;2
MED06;14.19;14.007.0036-A;UN;Escola M. Nilton Balthazar;744;1;1
MED06;14.19;14.007.0036-A;UN;Escola M. Ary Gomes de Marins;783;2;2
MED06;14.19;14.007.0036-A;UN;Creche Dona Lina;787;1;1
MED06;14.19;14.007.0036-A;UN;Escola M. Mônica de Andrade Ribeiro;798;2;2
MED06;14.19;14.007.0036-A;UN;Escola M. Inayá Moraes D'Couto;878;2;2
MED06;14.19;14.007.0036-A;UN;Escola M. Pedro Moreira dos Santos;1012;1;1
MED06;14.19;14.007.0036-A;UN;Escola M. Ary Gomes de Marins;1043;1;1
MED06;14.19;14.007.0036-A;UN;Escola M. Senhorinha de Oliveira Gomes;1116;1;1
MED06;14.19;14.007.0036-A;UN;PRAÇA DE SKATE;1118;2;2
MED06;14.19;14.007.0036-A;UN;Escola M. Enedina Fidélis Moreira;1121;1;1
MED06;14.19;14.007.0036-A;UN;Escola M. Simar Machado Sodré;1123;1;1
MED06;14.19;14.007.0036-A;UN;Escola M. Nilton Balthazar;1151;1;1
MED06;14.19;14.007.0036-A;UN;Creche M. Valdira Flausino Rodrigues;1166;1;1
MED06;14.19;14.007.0036-A;UN;Escola M. Mônica de Andrade Ribeiro;1273;3;3
MED06;14.19;14.007.0036-A;UN;Escola M. João Bento Duarte Neto;1358;1;1
MED06;14.19;14.007.0036-A;UN;Estádio Julieta Viana;1369;1;1
MED06;14.20;14.007.0041-A;UN;;;;0
MED06;14.21;14.007.0065-A;UN;;;;0
MED06;14.22;14.007.0070-A;UN;Escola M. Inayá Moraes D'Couto;778;4;4
MED06;14.23;14.007.0270-A;UN;Escola M. Jerônymo Mendes da Costa;150;1;1
MED06;14.23;14.007.0270-A;UN;Escola M. Ondina Pinto Marcondes;299;1;1
MED06;14.23;14.007.0270-A;UN;Escola M. Fazenda da Praia;713;1;1
MED06;14.24;14.007.0277-A;UN;;;;0
MED06;14.25;14.007.0284-A;UN;;;;0
MED06;14.26;14.007.0290-A;UN;;;;0
MED06;15.1;15.001.0028-A;UN;;;;0
MED06;15.2;15.001.0055-A;UN;;;;0
MED06;15.3;15.001.0056-A;UN;;;;0
MED06;15.4;15.003.0068-A;UN;;;;0
MED06;15.5;15.002.0062-A;UN;;;;0
MED06;15.6;15.002.0063-A;UN;;;;0
MED06;15.7;15.002.0120-A;UN;;;;0
MED06;15.11;15.004.0046-A;UN;;;;0
MED06;15.12;15.004.0050-A;UN;;;;0
MED06;15.13;15.004.0053-A;UN;;;;0
MED06;15.14;15.004.0059-A;UN;;;;0
MED06;15.15;15.004.0060-B;UN;;;;0
MED06;15.16;15.004.0061-A;UN;;;;0
MED06;15.17;15.004.0063-A;UN;;;;0
MED06;15.18;15.004.0070-A;UN;;;;0
MED06;15.19;15.004.0075-A;UN;;;;0
MED06;15.20;15.004.0085-A;UN;;;;0
MED06;15.21;15.004.0090-A;UN;;;;0
MED06;15.22;15.004.0108-A;UN;Escola M. América Abdalla;1335;3;3
MED06;15.23;15.004.0103-A;UN;;;;0
MED06;15.24;15.004.0110-A;UN;CIEP Mestre Marçal Municipalizado;98;1;1
MED06;15.24;15.004.0110-A;UN;Escola M. Senhorinha de Oliveira Gomes;436;1;1
MED06;15.24;15.004.0110-A;UN;Escola M. Fazenda da Praia;537;3;3
MED06;15.24;15.004.0110-A;UN;Escola M. Inayá Moraes D'Couto;778;4;4
MED06;15.24;15.004.0110-A;UN;Escola M. Senhorinha de Oliveira Gomes;1116;1;1
MED06;15.24;15.004.0110-A;UN;C.B.F Centro de Treinamento Gilson Zarour;1119;1;1
MED06;15.25;15.004.0170-A;UN;Escola M. Neli Aparecida Tâmara Luiz;1097;1;1
MED06;15.25;15.004.0170-A;UN;Escola M. América Abdalla;1017;2;2
MED06;15.30;15.004.0255-A;UN;Escola M. Nelzir Pereira Mello;882;1;1
MED06;15.31;15.005.0215-A;UN;;;;0
MED06;15.32;15.005.0253-A;KG;;;;0
MED06;15.33;15.007.0410-A;UN;Escola M. Neli Aparecida Tâmara Luiz;;250;1
MED06;15.34;15.007.0415-A;UN;;;;0
MED06;15.35;15.007.0420-A;UN;;;;0
MED06;15.36;15.007.0425-A;UN;;;;0
MED06;15.41;15.007.0520-A;UN;;;;0
MED06;15.42;15.007.0521-A;UN;;;;0
MED06;15.43;15.007.0522-A;UN;;;;0
MED06;15.44;15.007.0523-A;UN;;;;0
MED06;15.45;15.007.0524-A;UN;;;;0
MED06;15.46;15.007.0570-A;UN;;;;0
MED06;15.47;15.007.0572-A;UN;;;;0
MED06;15.48;15.007.0575-A;UN;Escola M. Senhorinha de Oliveira Gomes;;6;6
MED06;15.48;15.007.0575-A;UN;Escola M. Elson Pinheiro;582;9;9
MED06;15.48;15.007.0575-A;UN;Escola M. Neli Aparecida Tâmara Luiz;250;3;3
MED06;15.48;15.007.0575-A;UN;Escola M. Padre José Dilson Dórea;1281;1;1
MED06;15.49;15.007.0600-A;UN;Escola M. Nelzir Pereira Mello;;1;1
MED06;15.50;15.007.0605-A;UN;;;;0
MED06;15.51;15.007.0608-A;UN;;;;0
MED06;15.52;15.007.0609-A;UN;;;;0
MED06;15.53;15.007.0610-A;UN;;;;0
MED06;15.54;15.007.0611-A;UN;Escola M. América Abdalla;1051;1;1
MED06;15.55;15.008.0085-A;M;Escola M. Elson Pinheiro;582;100;100
MED06;15.55;15.008.0085-A;M;IMERO;695;200;200
MED06;15.55;15.008.0085-A;M;Prefeitura;;200;200
MED06;15.55;15.008.0085-A;M;Escola M. Senhorinha de Oliveira Gomes;;100;100
MED06;15.55;15.008.0085-A;M;Escola M. Nelzir Pereira Mello;;100;100
MED06;15.55;15.008.0085-A;M;Escola M. Nadir da Silva Salvador;810;100;100
MED06;15.55;15.008.0085-A;M;Escola M. Mônica de Andrade Ribeiro;1127;100;100
MED06;15.55;15.008.0085-A;M;Escola M. Maria Teixeira de Paula;1367;400;400
MED06;15.56;15.008.0090-A;M;;;;0
MED06;15.57;15.008.0095-A;M;Escola M. Neli Aparecida Tâmara Luiz;250;30;30
MED06;15.58;15.008.0100-A;M;;;;0
MED06;15.59;15.008.0105-A;M;;;;0
MED06;15.60;15.008.0110-A;M;;;;0
MED06;15.61;15.008.0112-A;M;;;;0
MED06;15.62;15.008.0115-A;M;;;;0
MED06;15.65;15.015.0020-A;UN;Escola M. Fany Batista Esteves;473;3;3
MED06;15.65;15.015.0020-A;UN;Escola M. Simar Machado Sodré;899;4;4
MED06;15.65;15.015.0020-A;UN;Escola M. Pedro Moreira dos Santos;1036;20;20
MED06;15.65;15.015.0020-A;UN;IMERO;1066;8;8
MED06;15.65;15.015.0020-A;UN;Escola M. Henrique Sarzedas;1079;10;10
MED06;15.65;15.015.0020-A;UN;Escola M. Simar Machado Sodré;1198;2;2
MED06;15.65;15.015.0020-A;UN;Escola M. Mônica de Andrade Ribeiro;1206;4;4
MED06;15.65;15.015.0020-A;UN;Escola M. Jovenil Bastos da Silva;1220;6;6
MED06;15.65;15.015.0020-A;UN;Escola M. Maria da Penha de Oliveira;1386;4;4
MED06;15.65;15.015.0020-A;UN;C.B.F Centro de Treinamento Gilson Zarour;1119;2;2
MED06;15.68;15.015.0199-A;UN;IMERO;695;6;6
MED06;15.68;15.015.0199-A;UN;Escola M. Ary Gomes de Marins;;1;1
MED06;15.68;15.015.0199-A;UN;Escola M. Nelzir Pereira Mello;557;1;1
MED06;15.69;15.015.0214-A;UN;Creche Dona Cota;;2;2
MED06;15.69;15.015.0214-A;UN;CIEP Mestre Marçal Municipalizado;99;1;1
MED06;15.69;15.015.0214-A;UN;Escola M. Pedro Moreira dos Santos;395;2;2
MED06;15.69;15.015.0214-A;UN;Escola M. Padre José Dilson Dórea;428;1;1
MED06;15.69;15.015.0214-A;UN;Escola M. Nadir da Silva Salvador;594;4;4
MED06;15.69;15.015.0214-A;UN;Escola M. Pedro Moreira dos Santos;1032;1;1
MED06;15.69;15.015.0214-A;UN;Escola M. Maria Teixeira de Paula;1105;3;3
MED06;15.69;15.015.0214-A;UN;Escola M. Simar Machado Sodré;1195;1;1
MED06;15.69;15.015.0214-A;UN;Creche M. Dona Senhorinha;1346;1;1
MED06;15.70;15.015.0250-A;UN;SEMEDE;;2;2
MED06;15.70;15.015.0250-A;UN;Prefeitura;;5;5
MED06;15.70;15.015.0250-A;UN;Escola M. Senhorinha de Oliveira Gomes;1192;2;2
MED06;15.70;15.015.0250-A;UN;CIEP Mestre Marçal Municipalizado;99;1;1
MED06;15.70;15.015.0250-A;UN;Escola M. Marinete Coelho Souza;335;2;2
MED06;15.70;15.015.0250-A;UN;SEMEDE;541;1;1
MED06;15.70;15.015.0250-A;UN;Escola M. Pedro Moreira dos Santos;860;1;1
MED06;15.70;15.015.0250-A;UN;Escola M. Nelzir Pereira Mello;881;3;3
MED06;15.70;15.015.0250-A;UN;Escola M. José de Oliveira Martins;955;3;3
MED06;15.70;15.015.0250-A;UN;Escola M. Pedro Moreira dos Santos;1015;1;1
MED06;15.70;15.015.0250-A;UN;Escola M. Jerônymo Mendes da Costa;1054;1;1
MED06;15.70;15.015.0250-A;UN;Escola M. Alberto Jorge;1069;1;1
MED06;15.70;15.015.0250-A;UN;Escola M. Nilton Balthazar;1222;2;2
MED06;15.70;15.015.0250-A;UN;Escola M. Maria Teixeira de Paula;1367;12;12
MED06;15.71;15.015.0251-A;UN;Prefeitura;;5;5
MED06;15.72;15.015.0255-A;UN;Escola M. Neli Aparecida Tâmara Luiz;250;3;3
MED06;15.72;15.015.0255-A;UN;Escola M. Elson Pinheiro;582;9;9
MED06;15.72;15.015.0255-A;UN;Escola M. Alberto Jorge;681;2;2
MED06;15.72;15.015.0255-A;UN;IMERO;695;4;4
MED06;15.72;15.015.0255-A;UN;Escola M. Nadir da Silva Salvador;810;3;3
MED06;15.72;15.015.0255-A;UN;Escola M. Jerônymo Mendes da Costa;831;2;2
MED06;15.72;15.015.0255-A;UN;Escola M. João Batista Gomes da Cruz;1058;2;2
MED06;15.72;15.015.0255-A;UN;Escola M. Maria Teixeira de Paula;1105;1;1
MED06;15.72;15.015.0255-A;UN;Escola M. Nadir da Silva Salvador;1111;2;2
MED06;15.72;15.015.0255-A;UN;Escola M. Mônica de Andrade Ribeiro;1127;5;5
MED06;15.72;15.015.0255-A;UN;Escola M. Sebastião Loubach;1146;2;2
MED06;15.72;15.015.0255-A;UN;Escola M. Jerônymo Mendes da Costa;1162;1;1
MED06;15.72;15.015.0255-A;UN;Escola M. Senhorinha de Oliveira Gomes;1192;1;1
MED06;15.72;15.015.0255-A;UN;Escola M. Simar Machado Sodré;1197;3;3
MED06;15.72;15.015.0255-A;UN;Escola M. Mônica de Andrade Ribeiro;1206;2;2
MED06;15.72;15.015.0255-A;UN;SEMEDE;1349;1;1
MED06;15.72;15.015.0255-A;UN;SEMEDE;1350;1;1
MED06;15.73;15.019.0010-A;UN;;;;0
MED06;15.74;15.019.0095-A;UN;;;;0
MED06;15.78;15.020.0158-A;UN;E.M. JOSÉ LUIZ DE LEMOS;;3;3
MED06;15.78;15.020.0158-A;UN;CIEP Mestre Marçal Municipalizado;99;4;4
MED06;15.78;15.020.0158-A;UN;Escola M. Ary Gomes de Marins;406;6;6
MED06;15.78;15.020.0158-A;UN;Escola M. Nadir da Silva Salvador;606;10;10
MED06;15.78;15.020.0158-A;UN;Escola M. Inayá Moraes D'Couto;608;2;2
MED06;15.78;15.020.0158-A;UN;Escola M. José de Oliveira Martins;619;2;2
MED06;15.78;15.020.0158-A;UN;Creche Dona Lina;653;6;6
MED06;15.78;15.020.0158-A;UN;Escola M. Francisco de Assis Medeiros Rangel;693;4;4
MED06;15.78;15.020.0158-A;UN;Creche M. Dona Senhorinha;859;2;2
MED06;15.78;15.020.0158-A;UN;Escola M. Pedro Moreira dos Santos;860;2;2
MED06;15.78;15.020.0158-A;UN;Escola M. Nelzir Pereira Mello;881;20;20
MED06;15.78;15.020.0158-A;UN;Escola M. Simar Machado Sodré;899;4;4
MED06;15.78;15.020.0158-A;UN;Escola M. João Batista Gomes da Cruz;1058;4;4
MED06;15.78;15.020.0158-A;UN;Escola M. Henrique Sarzedas;1079;10;10
MED06;15.78;15.020.0158-A;UN;Escola M. Maria Teixeira de Paula;1105;6;6
MED06;15.78;15.020.0158-A;UN;Escola M. Senhorinha de Oliveira Gomes;1116;13;13
MED06;15.78;15.020.0158-A;UN;Escola M. América Abdalla;1138;4;4
MED06;15.78;15.020.0158-A;UN;Escola M. Simar Machado Sodré;1198;2;2
MED06;15.78;15.020.0158-A;UN;Escola M. Mônica de Andrade Ribeiro;1206;4;4
MED06;15.78;15.020.0158-A;UN;Escola M. Jovenil Bastos da Silva;1220;18;18
MED06;15.78;15.020.0158-A;UN;Estádio Julieta Viana;1368;5;5
MED06;15.79;15.020.0170-A;UN;Escola M. Simar Machado Sodré;;899;6
MED06;15.79;15.020.0170-A;UN;Escola M. Pedro Moreira dos Santos;;1036;20
MED06;15.79;15.020.0170-A;UN;Escola M. Simar Machado Sodré;;1198;2
MED06;15.79;15.020.0170-A;UN;Escola M. Jovenil Bastos da Silva;;1220;6
MED06;15.80;15.020.0173-A;UN;CIEP Mestre Marçal Municipalizado;99;4;4
MED06;15.80;15.020.0173-A;UN;Escola M. Ary Gomes de Marins;406;6;6
MED06;15.80;15.020.0173-A;UN;Escola M. Nadir da Silva Salvador;606;10;10
MED06;15.80;15.020.0173-A;UN;Escola M. Inayá Moraes D'Couto;608;2;2
MED06;15.80;15.020.0173-A;UN;Escola M. José de Oliveira Martins;619;2;2
MED06;15.80;15.020.0173-A;UN;Creche Dona Lina;653;6;6
MED06;15.80;15.020.0173-A;UN;Escola M. Francisco de Assis Medeiros Rangel;693;4;4
MED06;15.80;15.020.0173-A;UN;Creche M. Dona Senhorinha;859;2;2
MED06;15.80;15.020.0173-A;UN;Escola M. Pedro Moreira dos Santos;860;2;2
MED06;15.80;15.020.0173-A;UN;Escola M. Nelzir Pereira Mello;881;20;20
MED06;15.80;15.020.0173-A;UN;Escola M. Simar Machado Sodré;899;4;4
MED06;15.80;15.020.0173-A;UN;Escola M. João Batista Gomes da Cruz;1058;4;4
MED06;15.80;15.020.0173-A;UN;IMERO;1066;8;8
MED06;15.80;15.020.0173-A;UN;Escola M. Henrique Sarzedas;1079;10;10
MED06;15.80;15.020.0173-A;UN;Escola M. Maria Teixeira de Paula;1105;6;6
MED06;15.80;15.020.0173-A;UN;Escola M. Senhorinha de Oliveira Gomes;1116;13;13
MED06;15.80;15.020.0173-A;UN;C.B.F Centro de Treinamento Gilson Zarour;1119;2;2
MED06;15.80;15.020.0173-A;UN;Escola M. América Abdalla;1138;4;4
MED06;15.80;15.020.0173-A;UN;Escola M. Simar Machado Sodré;1198;2;2
MED06;15.80;15.020.0173-A;UN;Escola M. Mônica de Andrade Ribeiro;1206;4;4
MED06;15.80;15.020.0173-A;UN;Estádio Julieta Viana;1368;5;5
MED06;15.80;15.020.0173-A;UN;Escola M. Maria da Penha de Oliveira;1386;4;4
MED06;15.80;15.020.0173-A;UN;Estádio Julieta Viana;1389;5;5
MED06;15.81;15.028.0005-A;UN;;;;0
MED06;15.82;15.028.0010-A;UN;Escola M. Mônica de Andrade Ribeiro;592;2;2
MED06;15.83;15.029.0010-A;UN;;;;0
MED06;15.84;15.029.0011-A;UN;;;;0
MED06;15.85;15.029.0012-A;UN;;;;0
MED06;15.86;15.029.0019-A;UN;;;;0
MED06;15.87;15.029.0020-A;UN;;;;0
MED06;15.88;15.029.0021-A;UN;;;;0
MED06;15.89;15.029.0049-A;UN;;;;0
MED06;15.90;15.029.0080-A;UN;;;;0
MED06;15.91;15.030.0030-A;UN;;;;0
MED06;15.92;15.030.0032-A;UN;;;;0
MED06;15.93;15.030.0034-A;UN;;;;0
MED06;15.94;15.030.0038-A;UN;;;;0
MED06;15.95;15.030.0040-A;UN;;;;0
MED06;15.96;15.036.0010-A;M;;;;0
MED06;15.97;15.036.0011-A;M;;;;0
MED06;15.98;15.036.0027-A;M;;;;0
MED06;15.99;15.036.0028-A;M;Escola M. Marinete Coelho Souza;;24;24
MED06;15100;15.036.0045-A;M;C.B.F Centro de Treinamento Gilson Zarour;1119;4;4
MED06;15101;15.036.0046-A;M;;;;0
MED06;15102;15.036.0047-A;M;;;;0
MED06;15103;15.036.0048-A;M;;;;0
MED06;15104;15.036.0053-A;M;;;;0
MED06;16.1;16.001.0050-A;M2;;;;0
MED06;16.2;16.001.0060-A;M2;;;;0
MED06;16.3;16.001.0067-A;UN;CEMAEE;587;2;2
MED06;16.4;16.001.0085-A;M2;C.B.F Centro de Treinamento Gilson Zarour;1119;6.2 x 1.4;8.68
MED06;16.5;16.001.0086-A;M2;;;;0
MED06;16.6;16.002.0005-A;M2;;;;0
MED06;16.7;16.002.0010-A;M2;PRAÇA DE SKATE;1118;36.8;36.8
MED06;16.7;16.002.0010-A;M2;Escola M. Ondina Pinto Marcondes;365;25;25
MED06;16.7;16.002.0010-A;M2;Escola M. Elson Pinheiro;582;12;12
MED06;16.7;16.002.0010-A;M2;CEMAEE;587;32;32
MED06;16.7;16.002.0010-A;M2;Escola M. Pedro Moreira dos Santos;1037;18;18
MED06;16.7;16.002.0010-A;M2;Escola M. Simar Machado Sodré;1196;32;32
MED06;16.8;16.002.0015-A;M;;;;0
MED06;16.9;16.002.0025-A;M;;;;0
MED06;16.10;16.004.0015-A;M2;;;;0
MED06;16.11;16.005.0006-A;M2;Escola M. Mônica de Andrade;12;20 x 6;120
MED06;16.12;16.005.0008-A;M;;;;0
MED06;16.13;16.005.0018-A;M;Escola M. Mônica de Andrade Ribeiro;12;25 x 1;25
MED06;16.13;16.005.0018-A;M;Praça do Skate;1118;16.5 x 1;16.5
MED06;16.14;16.005.0027-A;M;Escola M. Mônica de Andrade Ribeiro;12;20 x 1;20
MED06;16.14;16.005.0027-A;M;CEMAEE;587;8 x 1;8
MED06;16.15;16.005.0075-A;M2;;;;0
MED06;16.16;16.020.0001-A;M2;Escola M. Francisco de Assis Medeiros Rangel;1252;20 x 1;20
MED06;16.17;16.026.0002-A;M2;Creche Dona Lina;477;2 x 1 x 1;2
MED06;16.17;16.026.0002-A;M2;Creche Dona Lina;477;5.5 x 5 x 1;27.5
MED06;16.17;16.026.0002-A;M2;Escola M. Inayá Moraes D'Couto;888;2 x 1 x 2;4
MED06;16.17;16.026.0002-A;M2;Escola M. Ondina Pinto Marcondes;947;3 x 2 x 1;6
MED06;16.17;16.026.0002-A;M2;Escola M. Marinete Coelho Souza;948;4.2 x 3 x 1;12.6
MED06;16.18;16.027.0001-A;M2;;;;0
MED06;16.19;16.034.0003-A;M2;;;;0
MED06;17.1;17.017.0010-A;M2;E.M. Enedina Fidelis;MURO;85 x 2.05 x 1;174.25
MED06;17.1;17.017.0010-A;M2;E.M. Enedina Fidelis;MURO INTERNO;112.3 x 2.1 x 1;235.83
MED06;17.1;17.017.0010-A;M2;E.M. Enedina Fidelis;MURO LATERAL;38.4 x 2.1 x 1;80.64
MED06;17.1;17.017.0010-A;M2;E.M. Enedina Fidelis;PAREDES EXTERNAS;78.3 x 3.7 x 1;289.71
MED06;17.1;17.017.0010-A;M2;E.M. Enedina Fidelis;DESCONTOS VÃOS/JANELAS;-50.38;-50.38
MED06;17.1;17.017.0010-A;M2;E.M. Enedina Fidelis;CASA DA BOMBA;2 x 0.7 x 1;1.4
MED06;17.1;17.017.0010-A;M2;E.M. Enedina Fidelis;CASA DA BOMBA;1.2 x 0.7 x 1;0.84
MED06;17.1;17.017.0010-A;M2;E.M. Enedina Fidelis;QUADRA;58 x 1.8 x 1;104.4
MED06;17.1;17.017.0010-A;M2;E.M. Enedina Fidelis;QUADRA;38 x 1.8 x 1;68.4
MED06;17.1;17.017.0010-A;M2;E.M. Enedina Fidelis;PLATIBANDA;69 x 1.3 x 1;89.7
MED06;17.1;17.017.0010-A;M2;E.M. Enedina Fidelis;SECRETARIA;8.9 x 2.8 x 1;24.92
MED06;17.1;17.017.0010-A;M2;E.M. Enedina Fidelis;DIREÇÃO;10 x 2.8 x 1;28
MED06;17.1;17.017.0010-A;M2;E.M. Enedina Fidelis;ALMOXARIFADO;6 x 3 x 1;18
MED06;17.1;17.017.0010-A;M2;E.M. Enedina Fidelis;PATAMAR DAS BANDEIRAS;5 x 0.5 x 1;2.5
MED06;17.1;17.017.0010-A;M2;E.M. Enedina Fidelis;PATAMAR DAS BANDEIRAS;1 x 0.5 x 1;0.5
MED06;17.1;17.017.0010-A;M2;E.M. Enedina Fidelis;PATAMAR DAS BANDEIRAS;2.5 x 0.5 x 1;1.25
MED06;17.1;17.017.0010-A;M2;E.M. Enedina Fidelis;PAREDES INTERNAS;69 x 2.9 x 1;200.1
MED06;17.1;17.017.0010-A;M2;E.M. Enedina Fidelis;DESCONTOS VÃOS/JANELAS;38;38
MED06;17.1;17.017.0010-A;M2;E.M. Enedina Fidelis;VENTILAÇÃO DO JARDIM;32.06 x 0.8 x 1;25.648
MED06;17.1;17.017.0010-A;M2;E.M. Enedina Fidelis;SALAS DE AULA;16 x 2.77 x 5;221.6
MED06;17.1;17.017.0010-A;M2;Escola M. Padre José Dilson Dórea;559;1.85 x 1.75 x 1;3.2375
MED06;17.1;17.017.0010-A;M2;Escola M. Padre José Dilson Dórea;;1.81 x 1.71 x 1;3.0951
MED06;17.1;17.017.0010-A;M2;Escola M. Padre José Dilson Dórea;;4.95 x 1.71 x 1;8.4645
MED06;17.1;17.017.0010-A;M2;Escola M. Jovenil Bastos;MURO FRENTE;39 x 2 x 2;156
MED06;17.1;17.017.0010-A;M2;Escola M. Jovenil Bastos;MURO LATERAL E FUNDOS;147.33 x 2 x 1;294.66
MED06;17.1;17.017.0010-A;M2;E.M. FAZENDA DA PRAIA;MURO EXTERNO;25.1 x 2 x 1;50.2
MED06;17.1;17.017.0010-A;M2;E.M. FAZENDA DA PRAIA;MURO EXTERNO;30 x 1.95 x 2;117
MED06;17.1;17.017.0010-A;M2;E.M. FAZENDA DA PRAIA;MURO EXTERNO;30 x 0.4 x 1;12
MED06;17.1;17.017.0010-A;M2;E.M. FAZENDA DA PRAIA;MURO INTERNO;37 x 2 x 1;74
MED06;17.1;17.017.0010-A;M2;E.M. FAZENDA DA PRAIA;MURO INTERNO;97.8 x 2 x 1;195.6
MED06;17.1;17.017.0010-A;M2;E.M. FAZENDA DA PRAIA;PAREDES EXTERNAS;81 x 4 x 1;324
MED06;17.1;17.017.0010-A;M2;E.M. FAZENDA DA PRAIA;PAREDES EXTERNAS;113 x 4 x 1;452
MED06;17.1;17.017.0010-A;M2;E.M. FAZENDA DA PRAIA;DESCONTOS VÃOS/JANELAS;-92.18;-92.18
MED06;17.1;17.017.0010-A;M2;Escola M. Mônica de Andrade Ribeiro;12;5 x 4 x 2;40
MED06;17.1;17.017.0010-A;M2;Escola M. Mônica de Andrade Ribeiro;MURO;46.69 x 1.9 x 2;177.422
MED06;17.1;17.017.0010-A;M2;Escola M. Mônica de Andrade Ribeiro;LATERAL;69.26 x 1.9 x 2;263.188
MED06;17.1;17.017.0010-A;M2;Escola M. Mônica de Andrade Ribeiro;FUNDOS;53.28 x 1.9 x 2;202.464
MED06;17.2;17.017.0100-A;M2;SEMEDE;;0;0
MED06;17.2;17.017.0100-A;M2;E.M. PAULO PINHEIRO;;15 x 0.6 x 1 x 2;18
MED06;17.2;17.017.0100-A;M2;Escola M. Nelzir Pereira Mello;573;0.7 x 2.1 x 1 x 2;2.94
MED06;17.2;17.017.0100-A;M2;Escola M. Maria da Penha de Oliveira;965;0.8 x 2.1 x 1 x 2;3.36
MED06;17.2;17.017.0100-A;M2;E.M. INAYÁ MORAES D' COUTO;;0.8 x 2.1 x 1 x 2;3.36
MED06;17.2;17.017.0100-A;M2;Creche Dona Lina;293;0.8 x 2.1 x 2 x 2;6.72
MED06;17.2;17.017.0100-A;M2;Escola M. Francisco de Assis Medeiros Rangel;565;0.8 x 2.1 x 1 x 2;3.36
MED06;17.2;17.017.0100-A;M2;Escola M. Inayá Moraes D'Couto;878;0.8 x 2.1 x 1 x 2;3.36
MED06;17.2;17.017.0100-A;M2;Escola M. Simar Machado Sodré;214;0.9 x 2.1 x 2 x 2;7.56
MED06;17.2;17.017.0100-A;M2;Escola M. Nilton Balthazar;744;0.9 x 2.1 x 1 x 2;3.78
MED06;17.2;17.017.0100-A;M2;Escola M. Inayá Moraes D'Couto;878;0.9 x 2.1 x 2 x 2;7.56
MED06;17.2;17.017.0100-A;M2;PRAÇA DE SKATE;1118;0.7 x 2.1 x 2 x 2;5.88
MED06;17.2;17.017.0100-A;M2;C.B.F Centro de Treinamento Gilson Zarour;1119;0.7 x 2.1 x 3 x 2;8.82
MED06;17.2;17.017.0100-A;M2;E.M. ONDINA PINTO MARCONDES;1041;2.5 x 2.1 x 1 x 2;10.5
MED06;17.3;17.017.0110-A;M2;SEMEDE;;0;0
MED06;17.3;17.017.0110-A;M2;E.M. PAULO PINHEIRO;;15 x 0.6 x 1 x 2;18
MED06;17.3;17.017.0110-A;M2;Escola M. Nelzir Pereira Mello;573;0.7 x 2.1 x 1 x 2;2.94
MED06;17.3;17.017.0110-A;M2;Escola M. Maria da Penha de Oliveira;965;0.8 x 2.1 x 1 x 2;3.36
MED06;17.3;17.017.0110-A;M2;E.M. INAYÁ MORAES D' COUTO;;0.8 x 2.1 x 1 x 2;3.36
MED06;17.3;17.017.0110-A;M2;Creche Dona Lina;293;0.8 x 2.1 x 2 x 2;6.72
MED06;17.3;17.017.0110-A;M2;Escola M. Francisco de Assis Medeiros Rangel;565;0.8 x 2.1 x 1 x 2;3.36
MED06;17.3;17.017.0110-A;M2;Escola M. Inayá Moraes D'Couto;878;0.8 x 2.1 x 1 x 2;3.36
MED06;17.3;17.017.0110-A;M2;Escola M. Simar Machado Sodré;214;0.9 x 2.1 x 2 x 2;7.56
MED06;17.3;17.017.0110-A;M2;Escola M. Nilton Balthazar;744;0.9 x 2.1 x 1 x 2;3.78
MED06;17.3;17.017.0110-A;M2;Escola M. Inayá Moraes D'Couto;878;0.9 x 2.1 x 2 x 2;7.56
MED06;17.3;17.017.0110-A;M2;PRAÇA DE SKATE;1118;0.7 x 2.1 x 2 x 2;5.88
MED06;17.3;17.017.0110-A;M2;C.B.F Centro de Treinamento Gilson Zarour;1119;0.7 x 2.1 x 3 x 2;8.82
MED06;17.3;17.017.0110-A;M2;E.M. ONDINA PINTO MARCONDES;1041;2.5 x 2.1 x 1 x 2;10.5
MED06;17.4;17.017.0320-A;M2;E.M. FAZENDA DA PRAIA;GRADIL;3.5 x 2.1 x 2;14.7
MED06;17.4;17.017.0320-A;M2;E.M. FAZENDA DA PRAIA;GRADIL;1.3 x 2.15 x 2;5.59
MED06;17.4;17.017.0320-A;M2;E.M. FAZENDA DA PRAIA;GRADIL;1 x 2.1 x 5;10.5
MED06;17.4;17.017.0320-A;M2;E.M. FAZENDA DA PRAIA;GRADIL;1.5 x 2.1 x 1;3.15
MED06;17.4;17.017.0320-A;M2;E.M. FAZENDA DA PRAIA;GRADIL;0.7 x 2.1 x 4;5.88
MED06;17.4;17.017.0320-A;M2;E.M. FAZENDA DA PRAIA;GRADIL;0.9 x 2.1 x 2;3.78
MED06;17.4;17.017.0320-A;M2;E.M. FAZENDA DA PRAIA;GRADIL;1.3 x 2.5 x 1;3.25
MED06;17.4;17.017.0320-A;M2;E.M. FAZENDA DA PRAIA;GRADIL;1.8 x 2.45 x 1;4.41
MED06;17.4;17.017.0320-A;M2;E.M. FAZENDA DA PRAIA;GRADIL;1.9 x 2.65 x 1;5.035
MED06;17.4;17.017.0320-A;M2;E.M. FAZENDA DA PRAIA;GRADIL;2.4 x 2.65 x 1;6.36
MED06;17.4;17.017.0320-A;M2;E.M. FAZENDA DA PRAIA;GRADIL;2.37 x 1.9 x 1;4.503
MED06;17.4;17.017.0320-A;M2;E.M. FAZENDA DA PRAIA;GRADIL;0.8 x 2.1 x 1;1.68
MED06;17.4;17.017.0320-A;M2;E.M. FAZENDA DA PRAIA;GRADIL;3 x 2 x 1;6
MED06;17.4;17.017.0320-A;M2;E.M. FAZENDA DA PRAIA;GRADIL;0.65 x 1.2 x 2;1.56
MED06;17.4;17.017.0320-A;M2;E.M. FAZENDA DA PRAIA;GRADIL;1.2 x 0.9 x 1;1.08
MED06;17.4;17.017.0320-A;M2;E.M. FAZENDA DA PRAIA;GRADIL;2.2 x 1.7 x 5;18.7
MED06;17.4;17.017.0320-A;M2;E.M. FAZENDA DA PRAIA;GRADIL;2.7 x 1.7 x 3;13.77
MED06;17.4;17.017.0320-A;M2;E.M. FAZENDA DA PRAIA;GRADIL;0.9 x 0.9 x 1;0.81
MED06;17.4;17.017.0320-A;M2;E.M. FAZENDA DA PRAIA;GRADIL;0.8 x 0.8 x 1;0.64
MED06;17.4;17.017.0320-A;M2;E.M. FAZENDA DA PRAIA;GRADIL;2.1 x 0.6 x 4;5.04
MED06;17.4;17.017.0320-A;M2;E.M. FAZENDA DA PRAIA;GRADIL;2.1 x 0.9 x 14;26.46
MED06;17.4;17.017.0320-A;M2;E.M. FAZENDA DA PRAIA;GRADIL;2.1 x 0.8 x 3;5.04
MED06;17.4;17.017.0320-A;M2;E.M. FAZENDA DA PRAIA;GRADIL;2.1 x 1 x 1;2.1
MED06;17.4;17.017.0320-A;M2;E.M. FAZENDA DA PRAIA;GRADIL;1.5 x 2.1 x 4;12.6
MED06;17.4;17.017.0320-A;M2;E.M. FAZENDA DA PRAIA;GRADIL;2.5 x 1.5 x 5;18.75
MED06;17.4;17.017.0320-A;M2;E.M. Enedina Fidelis;GRADIL;2 x 3 x 2;12
MED06;17.4;17.017.0320-A;M2;E.M. Enedina Fidelis;GRADIL;2.1 x 0.6 x 2;2.52
MED06;17.4;17.017.0320-A;M2;E.M. Enedina Fidelis;GRADIL;2.7 x 1 x 2;5.4
MED06;17.4;17.017.0320-A;M2;E.M. Enedina Fidelis;GRADIL;2 x 2.8 x 1;5.6
MED06;17.4;17.017.0320-A;M2;E.M. Enedina Fidelis;GRADIL;3.3 x 2.1 x 1;6.93
MED06;17.5;17.018.0031-A;M2;Creche M. Dona Senhorinha;;859 x 1.4 x 3.3 x 2;9.24
MED06;17.5;17.018.0031-A;M2;Creche Dona Cota;MURO;33.2 x 2.33 x 1;77.356
MED06;17.5;17.018.0031-A;M2;E.M. João Bento;MURO;135.5 x 1.85 x 1;250.675
MED06;17.5;17.018.0031-A;M2;E.M. Nadir Salvador;MURO FRONTAL;5.8 x 1.63 x 2;18.908
MED06;17.5;17.018.0031-A;M2;E.M. Nadir Salvador;MURO FRONTAL;24 x 0.5 x 2;24
MED06;17.5;17.018.0031-A;M2;E.M. Nadir Salvador;MURO FRONTAL;38.8 x 1.95 x 2;151.32
MED06;17.5;17.018.0031-A;M2;E.M. Nadir Salvador;MURO LATERAL;58 x 1.9 x 1;110.2
MED06;17.5;17.018.0031-A;M2;E.M. Nadir Salvador;MURO FUNDOS;5.6 x 1.9 x 2;21.28
MED06;17.5;17.018.0031-A;M2;E.M. Nadir Salvador;MURO FUNDOS;34 x 1.9 x 2;129.2
MED06;17.5;17.018.0031-A;M2;E.M. Nadir Salvador;MURO FUNDOS;21 x 0.65 x 2;27.3
MED06;17.5;17.018.0031-A;M2;E.M. Nadir Salvador;MURO LATERAL DIREITO;56 x 2.35 x 1;131.6
MED06;17.5;17.018.0031-A;M2;E.M. Nadir Salvador;CASA DE ENERGIA;1.05 x 1.8 x 1;1.89
MED06;17.5;17.018.0031-A;M2;E.M. Nadir Salvador;CASA DE ENERGIA;0.6 x 1.8 x 2;2.16
MED06;17.5;17.018.0031-A;M2;E.M. Nadir Salvador;CASA DE BOMBA;12.6 x 2.4 x 1;30.24
MED06;17.5;17.018.0031-A;M2;E.M. Nadir Salvador;MURETA;17 x 1 x 2;34
MED06;17.5;17.018.0031-A;M2;E.M. Nadir Salvador;CASTELO D'ÁGUA;30 x 5.6 x 1;168
MED06;17.5;17.018.0031-A;M2;E.M. Nadir Salvador;PAREDES EXTERNAS;156.3 x 2.8 x 1;437.64
MED06;17.5;17.018.0031-A;M2;E.M. Nadir Salvador;RECEPÇÃO PAREDE;14.6 x 2.7 x 1;39.42
MED06;17.5;17.018.0031-A;M2;E.M. Nadir Salvador;RECEPÇÃO TETO;6.52 x 4.76 x 1;31.0352
MED06;17.5;17.018.0031-A;M2;E.M. Nadir Salvador;PÁTIO;5.7 x 1.72 x 1;9.804
MED06;17.5;17.018.0031-A;M2;E.M. Nadir Salvador;SALA DE INCLUSÃO PAREDE;17.2 x 2.7 x 1;46.44
MED06;17.5;17.018.0031-A;M2;E.M. Nadir Salvador;SALA DE INCLUSÃO TETO;5.3 x 3.3 x 1;17.49
MED06;17.5;17.018.0031-A;M2;E.M. Nadir Salvador;SALA DE LEITURA PAREDES;15.54 x 2.7 x 1;41.958
MED06;17.5;17.018.0031-A;M2;E.M. Nadir Salvador;SALA DE LEITURA TETO;5.3 x 4.47 x 1;23.691
MED06;17.5;17.018.0031-A;M2;E.M. FAZENDA DA PRAIA;MURO EXTERNO;25.1 x 2 x 1;50.2
MED06;17.5;17.018.0031-A;M2;E.M. FAZENDA DA PRAIA;MURO EXTERNO;30 x 1.95 x 2;117
MED06;17.5;17.018.0031-A;M2;E.M. FAZENDA DA PRAIA;MURO EXTERNO;30 x 0.4 x 1;12
MED06;17.5;17.018.0031-A;M2;E.M. FAZENDA DA PRAIA;MURO INTERNO;37 x 2 x 1;74
MED06;17.5;17.018.0031-A;M2;E.M. FAZENDA DA PRAIA;MURO INTERNO;97.8 x 2 x 1;195.6
MED06;17.5;17.018.0031-A;M2;E.M. FAZENDA DA PRAIA;PAREDES EXTERNAS;81 x 4 x 1;324
MED06;17.5;17.018.0031-A;M2;E.M. FAZENDA DA PRAIA;PAREDES EXTERNAS;113 x 4 x 1;452
MED06;17.5;17.018.0031-A;M2;E.M. FAZENDA DA PRAIA;DESCONTOS VÃOS/JANELAS;-92.18;-92.18
MED06;17.5;17.018.0031-A;M2;E.M. FAZENDA DA PRAIA;MURETA;20.4 x 0.96 x 1;19.584
MED06;17.5;17.018.0031-A;M2;E.M. FAZENDA DA PRAIA;COLUNAS;0.7 x 2.6 x 13;23.66
MED06;17.5;17.018.0031-A;M2;E.M. FAZENDA DA PRAIA;CORREDOR TETO;18 x 1.8 x 1;32.4
MED06;17.5;17.018.0031-A;M2;E.M. FAZENDA DA PRAIA;SALA RECURSOS;15.74 x 2.77 x 1;43.5998
MED06;17.5;17.018.0031-A;M2;E.M. FAZENDA DA PRAIA;ORIENTAÇÃO PEDAGÓGICA PAREDES;11 x 2.77 x 1;30.47
MED06;17.5;17.018.0031-A;M2;E.M. FAZENDA DA PRAIA;ORIETNAÇÃO PEDAGÓGICA TETO;3.29 x 2.22 x 1;7.3038
MED06;17.5;17.018.0031-A;M2;E.M. FAZENDA DA PRAIA;SECRETARIA PAREDES;9.22 x 2.61 x 1;24.0642
MED06;17.5;17.018.0031-A;M2;E.M. FAZENDA DA PRAIA;SECRETARIA TETO;3.5 x 2.86 x 1;10.01
MED06;17.5;17.018.0031-A;M2;E.M. FAZENDA DA PRAIA;REFEITÓRIO;27.3 x 2.77 x 1;75.621
MED06;17.5;17.018.0031-A;M2;E.M. FAZENDA DA PRAIA;REFEITÓRIO;6.3 x 1.5 x 1;9.45
MED06;17.5;17.018.0031-A;M2;E.M. FAZENDA DA PRAIA;REFEITÓRIO;3.2 x 1.5 x 1;4.8
MED06;17.5;17.018.0031-A;M2;E.M. FAZENDA DA PRAIA;WC COZINHA TETO;2.3 x 1.7 x 1;3.91
MED06;17.5;17.018.0031-A;M2;E.M. FAZENDA DA PRAIA;HALL DE CIRCULAÇÃO DAS SALAS;115 x 3.6 x 1;414
MED06;17.5;17.018.0031-A;M2;E.M. FAZENDA DA PRAIA;MURETA HALL DE CIRCULAÇÃO;12 x 0.65 x 1;7.8
MED06;17.5;17.018.0031-A;M2;E.M. FAZENDA DA PRAIA;HALL ENTRADA DA DIREÇÃO PAREDE;7.1 x 2.73 x 1;19.383
MED06;17.5;17.018.0031-A;M2;E.M. FAZENDA DA PRAIA;HALL ENTRADA DA DIREÇÃO TETO;3.88 x 1.56 x 1;6.0528
MED06;17.5;17.018.0031-A;M2;E.M. FAZENDA DA PRAIA;DIREÇÃO PAREDES;9.66 x 2.73 x 1;26.3718
MED06;17.5;17.018.0031-A;M2;E.M. FAZENDA DA PRAIA;DIREÇÃO TETO;2.4 x 2.56 x 1;6.144
MED06;17.5;17.018.0031-A;M2;E.M. FAZENDA DA PRAIA;SALAS DE AULA;29.12 x 2.77 x 2;161.3248
MED06;17.5;17.018.0031-A;M2;E.M. FAZENDA DA PRAIA;SALAS DE AULA;24.44 x 2.77 x 4;270.7952
MED06;17.5;17.018.0031-A;M2;E.M. FAZENDA DA PRAIA;SALAS DE AULA;26.08 x 2.77 x 2;144.4832
MED06;17.5;17.018.0031-A;M2;E.M. FAZENDA DA PRAIA;SALAS DE AULA;20.88 x 2.77 x 1;57.8376
MED06;17.5;17.018.0031-A;M2;E.M. FAZENDA DA PRAIA;HALL SECRETARIA;5.4 x 2 x 1;10.8
MED06;17.5;17.018.0031-A;M2;E.M. FAZENDA DA PRAIA;WC MASC. TETO;4.5 x 2.4 x 1;10.8
MED06;17.5;17.018.0031-A;M2;E.M. FAZENDA DA PRAIA;WC FEM. TETO;4.5 x 2.4 x 1;10.8
MED06;17.5;17.018.0031-A;M2;E.M. Enedina Fidelis;MURO;85 x 2.05 x 1;174.25
MED06;17.5;17.018.0031-A;M2;E.M. Enedina Fidelis;MURO INTERNO;112.3 x 2.1 x 1;235.83
MED06;17.5;17.018.0031-A;M2;E.M. Enedina Fidelis;MURO LATERAL;38.4 x 2.1 x 1;80.64
MED06;17.5;17.018.0031-A;M2;E.M. Enedina Fidelis;PAREDES EXTERNAS;78.3 x 3.7 x 1;289.71
MED06;17.5;17.018.0031-A;M2;E.M. Enedina Fidelis;DESCONTOS VÃOS/JANELAS;-50.38;-50.38
MED06;17.5;17.018.0031-A;M2;E.M. Enedina Fidelis;CASA DA BOMBA;2 x 0.7 x 1;1.4
MED06;17.5;17.018.0031-A;M2;E.M. Enedina Fidelis;CASA DA BOMBA;1.2 x 0.7 x 1;0.84
MED06;17.5;17.018.0031-A;M2;E.M. Enedina Fidelis;QUADRA;58 x 1.8 x 1;104.4
MED06;17.5;17.018.0031-A;M2;E.M. Enedina Fidelis;QUADRA;38 x 1.8 x 1;68.4
MED06;17.5;17.018.0031-A;M2;E.M. Enedina Fidelis;PLATIBANDA;69 x 1.3 x 1;89.7
MED06;17.5;17.018.0031-A;M2;E.M. Enedina Fidelis;SECRETARIA;8.9 x 2.8 x 1;24.92
MED06;17.5;17.018.0031-A;M2;E.M. Enedina Fidelis;DIREÇÃO;10 x 2.8 x 1;28
MED06;17.5;17.018.0031-A;M2;E.M. Enedina Fidelis;ALMOXARIFADO;6 x 3 x 1;18
MED06;17.5;17.018.0031-A;M2;E.M. Enedina Fidelis;PATAMAR DAS BANDEIRAS;5 x 0.5 x 1;2.5
MED06;17.5;17.018.0031-A;M2;E.M. Enedina Fidelis;PATAMAR DAS BANDEIRAS;1 x 0.5 x 1;0.5
MED06;17.5;17.018.0031-A;M2;E.M. Enedina Fidelis;PATAMAR DAS BANDEIRAS;2.5 x 0.5 x 1;1.25
MED06;17.5;17.018.0031-A;M2;E.M. Enedina Fidelis;PAREDES INTERNAS;69 x 2.9 x 1;200.1
MED06;17.5;17.018.0031-A;M2;E.M. Enedina Fidelis;DESCONTOS VÃOS/JANELAS;38;38
MED06;17.5;17.018.0031-A;M2;E.M. Enedina Fidelis;VENTILAÇÃO DO JARDIM;32.06 x 0.8 x 1;25.648
MED06;17.5;17.018.0031-A;M2;E.M. Enedina Fidelis;SALAS DE AULA;16 x 2.77 x 5;221.6
MED06;17.5;17.018.0031-A;M2;PRAÇA DE SKATE;1118;6 x 3.7 x 1;22.2
MED06;17.5;17.018.0031-A;M2;PRAÇA DE SKATE;;6 x 3.2 x 1;19.2
MED06;17.5;17.018.0031-A;M2;PRAÇA DE SKATE;;18.4 x 2.55 x 1;46.92
MED06;17.5;17.018.0031-A;M2;PRAÇA DE SKATE;;10.7 x 2.5 x 1;26.75
MED06;17.5;17.018.0031-A;M2;PRAÇA DE SKATE;;9 x 5.2 x 1;46.8
MED06;17.5;17.018.0031-A;M2;PRAÇA DE SKATE;;8.2 x 6 x 1;49.2
MED06;17.5;17.018.0031-A;M2;Escola M. Padre José Dilson Dórea;559;1.85 x 1.75 x 1;3.2375
MED06;17.5;17.018.0031-A;M2;Escola M. Padre José Dilson Dórea;;1.81 x 1.71 x 1;3.0951
MED06;17.5;17.018.0031-A;M2;Escola M. Padre José Dilson Dórea;;4.95 x 1.71 x 1;8.4645
MED06;17.5;17.018.0031-A;M2;Escola M. Mônica de Andrade Ribeiro;12;5 x 4 x 2;40
MED06;17.5;17.018.0031-A;M2;Escola M. Mônica de Andrade Ribeiro;MURO;46.69 x 1.9 x 2;177.422
MED06;17.5;17.018.0031-A;M2;Escola M. Mônica de Andrade Ribeiro;LATERAL;69.26 x 1.9 x 2;263.188
MED06;17.5;17.018.0031-A;M2;Escola M. Mônica de Andrade Ribeiro;FUNDOS;53.28 x 1.9 x 2;202.464
MED06;17.5;17.018.0031-A;M2;CEMAEE;731;22.8 x 2.6 x 1;59.28
MED06;17.5;17.018.0031-A;M2;CEMAEE;;5.8 x 1 x 1;5.8
MED06;17.5;17.018.0031-A;M2;CEMAEE;;11.8 x 2.6 x 1;30.68
MED06;17.5;17.018.0031-A;M2;Escola M. Jovenil Bastos;SALA DE AULA;7.2 x 6.1 x 7;307.44
MED06;17.5;17.018.0031-A;M2;Escola M. Jovenil Bastos;ORIENTAÇÃO PEDAGÓGICA;6.5 x 2.6 x 1;16.9
MED06;17.5;17.018.0031-A;M2;Escola M. Jovenil Bastos;RECEPÇÃO PAREDES;18.6 x 2.58 x 1;47.988
MED06;17.5;17.018.0031-A;M2;Escola M. Jovenil Bastos;RECEPÇÃO TETO;4.8 x 3.46 x 1;16.608
MED06;17.5;17.018.0031-A;M2;Escola M. Jovenil Bastos;RECEPÇÃO TETO;5.73 x 4.43 x 1;25.3839
MED06;17.5;17.018.0031-A;M2;Escola M. Jovenil Bastos;SALA MOMENTOS ESPECIAIS;19.3 x 2.46 x 1;47.478
MED06;17.5;17.018.0031-A;M2;Escola M. Jovenil Bastos;CISTERNA;11.7 x 1.03 x 1;12.051
MED06;17.5;17.018.0031-A;M2;Escola M. Jovenil Bastos;CISTERNA;4.5 x 2.75 x 1;12.375
MED06;17.5;17.018.0031-A;M2;Escola M. Jovenil Bastos;CASA DE BOMBA;6.9 x 3 x 1;20.7
MED06;17.6;17.018.0185-A;M2;;;;0
MED06;17.7;17.035.0020-A;M2;PRAÇA DE SKATE;1118;6 x 3.7;22.2
MED06;17.8;17.035.0030-A;M2;;;;0
MED06;17.9;17.040.0021-A;M2;E.M. Nadir Salvador;PAREDES EXTERNAS;156.3 x 0.15 x 1;23.445
MED06;17.9;17.040.0021-A;M2;PRAÇA DE SKATE;1118;8.5 x 1 x 1;8.5
MED06;17.9;17.040.0021-A;M2;PRAÇA DE SKATE;;7.5 x 1.2 x 1;9
MED06;17.10;17.040.0024-A;M2;PRAÇA DE SKATE;1118;19 x 0.6 x 1;11.4
MED06;18.1;18.002.0010-A;UN;;;;0
MED06;18.2;18.002.0030-A;UN;;;;0
MED06;18.3;18.002.0055-A;UN;;;;0
MED06;18.4;18.002.0065-A;UN;;;;0
MED06;18.5;18.002.0080-A;UN;;;;0
MED06;18.6;18.003.0003-A;UN;;;;0
MED06;18.7;18.003.0015-A;UN;;;;0
MED06;18.8;18.005.0010-A;UN;;;;0
MED06;18.9;18.005.0012-A;UN;;;;0
MED06;18.10;18.005.0013-A;UN;;;;0
MED06;18.11;18.005.0018-A;UN;CIEP Mestre Marçal Municipalizado;98;4;4
MED06;18.11;18.005.0018-A;UN;CEMAEE;239;2;2
MED06;18.11;18.005.0018-A;UN;Escola M. Henrique Sarzedas;637;1;1
MED06;18.11;18.005.0018-A;UN;Escola M. Inayá Moraes D'Couto;778;8;8
MED06;18.11;18.005.0018-A;UN;CIEP Mestre Marçal Municipalizado;918;2;2
MED06;18.11;18.005.0018-A;UN;Escola M. Rosângela Duarte Faria;924;4;4
MED06;18.11;18.005.0018-A;UN;Escola M. Maria Teixeira de Paula;1107;4;4
MED06;18.11;18.005.0018-A;UN;Escola M. Simar Machado Sodré;1199;1;1
MED06;18.11;18.005.0018-A;UN;Estádio Julieta Viana;1331;1;1
MED06;18.11;18.005.0018-A;UN;Escola M. Francisco de Assis Medeiros Rangel;1355;2;2
MED06;18.12;18.006.0025-A;UN;Escola M. Inayá Moraes D'Couto;778;1;1
MED06;18.12;18.006.0025-A;UN;Escola M. Pedro Moreira dos Santos;792;1;1
MED06;18.12;18.006.0025-A;UN;Escola M. Rosângela Duarte Faria;924;3;3
MED06;18.12;18.006.0025-A;UN;Escola M. Mônica de Andrade Ribeiro;1006;1;1
MED06;18.12;18.006.0025-A;UN;Escola M. Rosângela Duarte Faria;1089;1;1
MED06;18.13;18.006.0050-A;UN;;;;0
MED06;18.14;18.007.0042-A;UN;;;;0
MED06;18.16;18.007.0080-A;UN;;;;0
MED06;18.17;18.008.0005-A;UN;;;;0
MED06;18.18;18.008.0007-A;UN;;;;0
MED06;18.19;18.009.0058-A;UN;E.M. ALZIR DAVID PEREIRA;;3;3
MED06;18.19;18.009.0058-A;UN;E.M. JOSÉ LUIZ DE LEMOS;;1;1
MED06;18.19;18.009.0058-A;UN;Escola M. Sebastião Loubach;;1;1
MED06;18.19;18.009.0058-A;UN;Escola M. Padre José Dilson Dórea;;1;1
MED06;18.19;18.009.0058-A;UN;CIEP Mestre Marçal Municipalizado;98;1;1
MED06;18.19;18.009.0058-A;UN;Estádio Amaro Mota;143;1;1
MED06;18.19;18.009.0058-A;UN;Escola M. Marinete Coelho Souza;275;1;1
MED06;18.19;18.009.0058-A;UN;Escola M. Fazenda da Praia;537;1;1
MED06;18.19;18.009.0058-A;UN;Creche M. Valdira Flausino Rodrigues;842;3;3
MED06;18.19;18.009.0058-A;UN;CIEP Mestre Marçal Municipalizado;918;2;2
MED06;18.19;18.009.0058-A;UN;Escola M. Simar Machado Sodré;1122;2;2
MED06;18.19;18.009.0058-A;UN;Escola M. Jerônymo Mendes da Costa;1162;1;1
MED06;18.19;18.009.0058-A;UN;Escola M. Padre José Dilson Dórea;1193;1;1
MED06;18.19;18.009.0058-A;UN;Escola M. Simar Machado Sodré;1195;1;1
MED06;18.19;18.009.0058-A;UN;Escola M. Nilton Balthazar;1222;1;1
MED06;18.19;18.009.0058-A;UN;Escola M. Francisco de Assis Medeiros Rangel;1274;2;2
MED06;18.19;18.009.0058-A;UN;Campo Society Heiltor M. Pereira;1293;1;1
MED06;18.19;18.009.0058-A;UN;Creche M. Dona Senhorinha;1347;1;1
MED06;18.19;18.009.0058-A;UN;Escola M. Francisco de Assis Medeiros Rangel;1355;2;2
MED06;18.20;18.009.0074-A;UN;Escola M. Nadir da Silva Salvador;;1;1
MED06;18.20;18.009.0074-A;UN;Escola M. Mônica de Andrade Ribeiro;626;1;1
MED06;18.20;18.009.0074-A;UN;Escola M. Nelzir Pereira Mello;692;1;1
MED06;18.20;18.009.0074-A;UN;Escola M. Ary Gomes de Marins;1043;1;1
MED06;18.20;18.009.0074-A;UN;Escola M. Alberto Jorge;1068;1;1
MED06;18.20;18.009.0074-A;UN;Escola M. Neli Aparecida Tâmara Luiz;1097;1;1
MED06;18.20;18.009.0074-A;UN;Escola M. Jerônymo Mendes da Costa;1162;1;1
MED06;18.20;18.009.0074-A;UN;Escola M. Nelzir Pereira Mello;1182;2;2
MED06;18.20;18.009.0074-A;UN;Escola M. Simar Machado Sodré;1200;1;1
MED06;18.20;18.009.0074-A;UN;Escola M. Nilton Balthazar;1222;2;2
MED06;18.21;18.009.0076-A;UN;Escola M. Inayá Moraes D'Couto;;3;3
MED06;18.21;18.009.0076-A;UN;Escola M. Mônica de Andrade Ribeiro;;1;1
MED06;18.21;18.009.0076-A;UN;E.M. ELSON PINHEIRO;;2;2
MED06;18.21;18.009.0076-A;UN;CIEP Mestre Marçal Municipalizado;98;1;1
MED06;18.21;18.009.0076-A;UN;Escola M. Marinete Coelho Souza;275;1;1
MED06;18.21;18.009.0076-A;UN;Creche Dona Lina;293;1;1
MED06;18.21;18.009.0076-A;UN;Escola M. Maria Teixeira de Paula;1107;2;2
MED06;18.21;18.009.0076-A;UN;Escola M. Simar Machado Sodré;1157;2;2
MED06;18.21;18.009.0076-A;UN;Escola M. Nilton Balthazar;1222;2;2
MED06;18.22;18.011.0003-A;UN;C.B.F Centro de Treinamento Gilson Zarour;;1119;1
MED06;18.23;18.012.0090-A;UN;Escola M. Sebastião Loubach;;2;2
MED06;18.23;18.012.0090-A;UN;E.M. JERÔNYMO MENDES DA COSTA;;2;2
MED06;18.24;18.013.0106-A;UN;Escola M. Mônica de Andrade Ribeiro;951;1;1
MED06;18.24;18.013.0106-A;UN;Escola M. Rosângela Duarte Faria;1089;1;1
MED06;18.24;18.013.0106-A;UN;Escola M. Prefeito Cláudio Ribeiro;1099;1;1
MED06;18.24;18.013.0106-A;UN;Escola M. Padre José Dilson Dórea;1193;1;1
MED06;18.25;18.013.0109-A;UN;Escola M. Rosângela Duarte Faria;1089;1;1
MED06;18.25;18.013.0109-A;UN;Escola M. Maria da Penha de Oliveira;1112;1;1
MED06;18.26;18.013.0111-A;UN;;;;0
MED06;18.27;18.013.0127-A;UN;Escola M. Mônica de Andrade Ribeiro;;1;1
MED06;18.27;18.013.0127-A;UN;Escola M. Sebastião Loubach;;1;1
MED06;18.27;18.013.0127-A;UN;CIEP Mestre Marçal Municipalizado;98;1;1
MED06;18.27;18.013.0127-A;UN;Escola M. José de Oliveira Martins;155;1;1
MED06;18.27;18.013.0127-A;UN;Escola M. Ondina Pinto Marcondes;242;1;1
MED06;18.27;18.013.0127-A;UN;Escola M. Senhorinha de Oliveira Gomes;436;2;2
MED06;18.27;18.013.0127-A;UN;Escola M. Fazenda da Praia;537;3;3
MED06;18.27;18.013.0127-A;UN;Creche Dona Lina;618;7;7
MED06;18.27;18.013.0127-A;UN;Creche M. Valdira Flausino Rodrigues;842;2;2
MED06;18.27;18.013.0127-A;UN;Escola M. Maria Teixeira de Paula;846;2;2
MED06;18.27;18.013.0127-A;UN;Escola M. Rosângela Duarte Faria;924;1;1
MED06;18.27;18.013.0127-A;UN;Escola M. Mônica de Andrade Ribeiro;1006;1;1
MED06;18.27;18.013.0127-A;UN;Escola M. América Abdalla;1017;2;2
MED06;18.27;18.013.0127-A;UN;Escola M. Rosângela Duarte Faria;1089;1;1
MED06;18.27;18.013.0127-A;UN;Escola M. Prefeito Cláudio Ribeiro;1099;1;1
MED06;18.27;18.013.0127-A;UN;Escola M. Maria da Penha de Oliveira;1112;1;1
MED06;18.27;18.013.0127-A;UN;Creche M. Valdira Flausino Rodrigues;1166;6;6
MED06;18.27;18.013.0127-A;UN;Escola M. Maria da Penha de Oliveira;1170;1;1
MED06;18.27;18.013.0127-A;UN;Escola M. Padre José Dilson Dórea;1193;1;1
MED06;18.27;18.013.0127-A;UN;Escola M. Simar Machado Sodré;1199;1;1
MED06;18.27;18.013.0127-A;UN;Escola M. Nilton Balthazar;1222;4;4
MED06;18.27;18.013.0127-A;UN;Escola M. Padre José Dilson Dórea;1281;1;1
MED06;18.27;18.013.0127-A;UN;Creche M. Dona Senhorinha;1347;1;1
MED06;18.28;18.013.0133-A;UN;CIEP Mestre Marçal Municipalizado;98;1;1
MED06;18.29;18.013.0156-A;UN;Escola M. Marinete Coelho Souza;;1;1
MED06;18.30;18.016.0040-A;UN;Creche M. Dona Senhorinha;;1;1
MED06;18.30;18.016.0040-A;UN;Escola M. Prefeito Cláudio Ribeiro;1108;1;1
MED06;18.31;18.016.0045-A;M;;;;0
MED06;18.32;18.016.0050-A;M;;;;0
MED06;18.33;18.016.0106-A;UN;;;;0
MED06;18.34;18.017.0020-A;UN;Estádio Amaro Mota;143;1;1
MED06;18.34;18.017.0020-A;UN;Escola M. Marinete Coelho Souza;275;1;1
MED06;18.34;18.017.0020-A;UN;Escola M. Senhorinha de Oliveira Gomes;436;1;1
MED06;18.34;18.017.0020-A;UN;Escola M. Inayá Moraes D'Couto;534;1;1
MED06;18.34;18.017.0020-A;UN;Escola M. Sebastião Loubach;968;1;1
MED06;18.34;18.017.0020-A;UN;Escola M. Maria da Penha de Oliveira;1112;1;1
MED06;18.34;18.017.0020-A;UN;Escola M. Simar Machado Sodré;1157;2;2
MED06;18.34;18.017.0020-A;UN;Creche M. Dona Senhorinha;1159;1;1
MED06;18.34;18.017.0020-A;UN;Escola M. Simar Machado Sodré;1195;1;1
MED06;18.34;18.017.0020-A;UN;Campo Society Heiltor M. Pereira;1293;1;1
MED06;18.35;18.019.0010-A;UN;CIEP Mestre Marçal Municipalizado;98;1;1
MED06;18.35;18.019.0010-A;UN;Escola M. José de Oliveira Martins;155;1;1
MED06;18.35;18.019.0010-A;UN;CEMAEE - Centro M. de Atentimento Edu. Especializado;239;1;1
MED06;18.35;18.019.0010-A;UN;Escola M. Ary Gomes de Marins;504;3;3
MED06;18.35;18.019.0010-A;UN;Escola M. Fazenda da Praia;537;3;3
MED06;18.35;18.019.0010-A;UN;Escola M. Ondina Pinto Marcondes;555;2;2
MED06;18.35;18.019.0010-A;UN;Escola M. Henrique Sarzedas;674;1;1
MED06;18.35;18.019.0010-A;UN;Escola M. Inayá Moraes D'Couto;778;4;4
MED06;18.35;18.019.0010-A;UN;Escola M. Pedro Moreira dos Santos;905;1;1
MED06;18.35;18.019.0010-A;UN;Escola M. Rosângela Duarte Faria;924;1;1
MED06;18.35;18.019.0010-A;UN;Escola M. Maria Teixeira de Paula;926;1;1
MED06;18.35;18.019.0010-A;UN;CIEP Mestre Marçal Municipalizado;1106;1;1
MED06;18.35;18.019.0010-A;UN;Escola M. Nadir da Silva Salvador;1111;1;1
MED06;18.35;18.019.0010-A;UN;Creche M. Dona Senhorinha;1161;1;1
MED06;18.35;18.019.0010-A;UN;Escola M. Nilton Balthazar;1222;3;3
MED06;18.35;18.019.0010-A;UN;Estádio Julieta Viana;1331;1;1
MED06;18.35;18.019.0010-A;UN;Estádio Julieta Viana;1368;5;5
MED06;18.36;18.021.0030-A;UN;;;;0
MED06;18.37;18.021.0035-A;UN;;;;0
MED06;18.38;18.021.0042-A;UN;IMERO;133;1;1
MED06;18.40;18.027.0045-A;UN;;;;0
MED06;18.41;18.027.0097-A;UN;SEMEDE;;12;12
MED06;18.41;18.027.0097-A;UN;Escola M. Fany Batista Esteves;473;3;3
MED06;18.41;18.027.0097-A;UN;Escola M. Jovenil Bastos da Silva;1220;6;6
MED06;18.43;18.027.0303-A;UN;Escola M. Simar Machado Sodré;899;4;4
MED06;18.43;18.027.0303-A;UN;Escola M. Pedro Moreira dos Santos;1036;20;20
MED06;18.43;18.027.0303-A;UN;IMERO;1066;8;8
MED06;18.43;18.027.0303-A;UN;Escola M. Henrique Sarzedas;1079;10;10
MED06;18.43;18.027.0303-A;UN;C.B.F Centro de Treinamento Gilson Zarour;1119;2;2
MED06;18.43;18.027.0303-A;UN;Escola M. Simar Machado Sodré;1198;2;2
MED06;18.43;18.027.0303-A;UN;Escola M. Mônica de Andrade Ribeiro;1206;4;4
MED06;18.44;18.027.0305-A;UN;;;;0
MED06;18.46;18.027.0445-A;UN;;;;0
MED06;18.48;18.029.0012-A;UN;Escola M. Fazenda da Praia;;1;1
MED06;18.48;18.029.0012-A;UN;Escola M. Maria Teixeira de Paula;1078;1;1
MED06;18.48;18.029.0012-A;UN;Creche M. Dona Senhorinha;1124;1;1
MED06;18.48;18.029.0012-A;UN;Escola M. Sebastião Loubach;1152;1;1
MED06;18.48;18.029.0012-A;UN;IMERO;1158;1;1
MED06;18.48;18.029.0012-A;UN;Escola M. Prefeito Paulo Pinheiro;1194;1;1
MED06;18.49;18.082.0020-A;M;;;;0
MED06;18.51;18.200.0001-A;PAR;E.M. PADRE JOSÉ DILSON DÓREA;;1;1
MED06;18.52;18.200.0002-A;PAR;;;;0
MED06;18.53;18.200.0004-A;PAR;E.M. PADRE JOSÉ DILSON DÓREA;;1;1
MED06;18.54;18.200.0005-A;PAR;;;;0
MED06;18.55;18.200.0015-A;PAR;;;;0
MED06;18.56;18.200.0020-A;UN;;;;0
MED07;A.2;20069;H;;;1 x 88 x 1;88
MED07;A.4;20155;H;;;1 x 176 x 1;176
MED07;A.5;20143;H;;;1 x 176 x 1;176
MED07;A.7;20146;H;;;1 x 176 x 1;176
MED07;A.9;20008;H;;;1 x 176 x 1;176
MED07;A.12;19.004.0001-C;H;CAMINHÃO;1;176 x 1;176
MED07;A.12;19.004.0001-C;H;KOMBI;1;176 x 1;176
MED07;A.15;19.004.0040-C;H;;;4 x 176 x 1;704
MED07;A.16;19.004.0046-C;H;;;3 x 176 x 1;528
MED07;1.1;20039;H;;;3 x 176 x 1;528
MED07;1.2;20060;H;;;6 x 176 x 1;1056
MED07;1.3;20115;H;;;6 x 176 x 1;1056
MED07;1.4;20131;H;;;1 x 176 x 1;176
MED07;1.5;20132;H;;;18 x 176 x 1;3168
MED07;3.1;03.001.0001-B;M3;Escola M. João Bento Duarte Neto;1587;0.5 x 0.5 x 0.6 x 4;0.6
MED07;3.1;03.001.0001-B;M3;Escola M. Jovenil Bastos da Silva;1384;16 x 0.5 x 0.6 x 1;4.8
MED07;3.2;03.010.0024-A;M3;Escola M. João Bento Duarte Neto;1587;0.2 x 0.2 x 0.6 x 4;0.096
MED07;3.3;03.009.0080-A;M3;Escola M. João Bento Duarte Neto;1587;0.2 x 0.2 x 0.6 x 4;0.096
MED07;3.4;03.011.0015-B;M3;Escola M. João Bento Duarte Neto;1587;0.2 x 0.2 x 0.6 x 4;0.096
MED07;4.2;04.005.0120-A;T X KM;;;7 x 8 x 10 x 22;12320
MED07;4.3;04.006.0013-B;T;;;65 x 0.1 x 4;26
MED07;4.4;04.006.0008-B;T;;;13.5 + 30;43.5
MED07;4.6;04.020.0122-A;M2XKM;;;0 + 0 + 0;0
MED07;4.7;04.021.0010-A;M2;;;0 + 0 + 0;0
MED07;5.1;05.001.0001-A;M3;Escola M. Padre José Dórea;449;14 x 0.8 x 0.15;1.68
MED07;5.2;05.001.0002-B;M3;Escola M. Rosângela Duarte Faria;1661;0.15 x 0.15 x 0.2 x 30;0.135
MED07;5.3;05.001.0008-A;M2;E.M. Simar Machado/ E.M. Ondina Pinto;MURO;175.3 x 1.95 x 0.03;10.25505
MED07;5.3;05.001.0008-A;M2;E.M. José Luiz de Lemos;MURO;71.1 x 2 x 0.03;4.266
MED07;5.3;05.001.0008-A;M2;E.M. Alberto Jorge;MURO;113 x 2 x 0.05;11.3
MED07;5.4;05.001.0009-A;M2;;;;0
MED07;5.5;05.001.0011-A;M2;;;;0
MED07;5.6;05.001.0014-A;M2;;;;0
MED07;5.7;05.001.0015-A;M2;Escola M. Padre José Dórea;449;14 x 0.8;11.2
MED07;5.8;05.001.0021-A;M2;Escola M. Padre José Dórea;449;14 x 0.8;11.2
MED07;5.9;05.001.0023-A;M3;Escola M. João Bento Duarte Neto;1587;3 x 1.7 x 0.2 x 1;1.02
MED07;5.9;05.001.0023-A;M3;Escola M. João Bento Duarte Neto;1587;1;0
MED07;5.10;05.001.0024-A;M3;;;0.2 x 2.9;0
MED07;5.12;05.001.0040-A;M2;;;;0
MED07;5.13;05.001.0041-A;M2;;;;0
MED07;5.14;05.001.0043-A;M2;;;;0
MED07;5.16;05.001.0055-A;M2;;;;0
MED07;5.17;05.001.0063-A;M2;;;;0
MED07;5.18;05.001.0071-A;M;;;;0
MED07;5.19;05.001.0074-A;M2;;;;0
MED07;5.20;05.001.0134-A;UN;Escola M. Rosângela Duarte Faria;1563;2;2
MED07;5.20;05.001.0134-A;UN;Escola M. João Bento Duarte Neto;1587;1;1
MED07;5.23;05.001.0144-A;UN;Creche Dona Lina;1653;5;5
MED07;5.23;05.001.0144-A;UN;Escola M. Rosângela Duarte Faria;704;6;6
MED07;5.23;05.001.0144-A;UN;Escola M. Rosângela Duarte Faria;1288;10;10
MED07;5.23;05.001.0144-A;UN;Escola M. Fazendas Reunidas Atlântica;1312;25;25
MED07;5.23;05.001.0144-A;UN;Escola M. Rosângela Duarte Faria;1333;10;10
MED07;5.23;05.001.0144-A;UN;Escola M. Marinete Coelho Souza;1405;30;30
MED07;5.23;05.001.0144-A;UN;Escola M. Senhorinha de Oliveira Gomes;1411;30;30
MED07;5.23;05.001.0144-A;UN;Escola M. Simar Machado Sodré;1485;25;25
MED07;5.23;05.001.0144-A;UN;Escola M. Cláudio Ribeiro;1491;2;2
MED07;5.23;05.001.0144-A;UN;Escola M. Rosângela Duarte Faria;1090;40;40
MED07;5.23;05.001.0144-A;UN;Escola M. Senhorinha de Oliveira Gomes;1126;13;13
MED07;5.23;05.001.0144-A;UN;Escola M. Mônica de Andrade Ribeiro;1362;2;2
MED07;5.24;05.001.0145-A;UN;Creche M. Maria Rosa Ribeiro Pinheiro;726;1;1
MED07;5.24;05.001.0145-A;UN;Escola M. Marinete Coelho Souza;1076;3;3
MED07;5.24;05.001.0145-A;UN;Escola M. Marinete Coelho Souza;1406;2;2
MED07;5.24;05.001.0145-A;UN;Escola M. João Bento Duarte Neto;1448;1;1
MED07;5.24;05.001.0145-A;UN;Escola M. João Bento Duarte Neto;1449;4;4
MED07;5.24;05.001.0145-A;UN;Escola M. Inayá Moraes D'Couto;1472;6;6
MED07;5.24;05.001.0145-A;UN;Escola M. Rosângela Duarte Faria;1562;5;5
MED07;5.24;05.001.0145-A;UN;IMERO;1646;4;4
MED07;5.25;05.001.0146-A;M;;;;0
MED07;5.26;05.001.0147-A;M2;E.M. SEBASTIÃO LOUBACH;;66 x 1.8;118.8
MED07;5.26;05.001.0147-A;M2;E.M. SEBASTIÃO LOUBACH;;44 x 3.6;158.4
MED07;5.29;05.005.0012-B;M2;;;0 + 0 + 0;0
MED07;5.30;05.006.0001-B;M2XMES;;;0 + 0 + 0 + 0;0
MED07;5.31;05.008.0001-A;M2;;;;0
MED07;6.1;06.001.0242-A;M;Escola M. Jovenil Bastos da Silva;1384;16;16
MED07;6.2;06.001.0243-A;M;;;;0
MED07;6.10;06.272.0002-A;M;Escola M. Jovenil Bastos da Silva;1384;16;16
MED07;6.11;06.272.0003-A;M;;;;0
MED07;6.14;06.272.0021-A;UN;Escola M. Jovenil Bastos da Silva;1384;3;3
MED07;6.15;06.272.0022-A;UN;;;;0
MED07;6.16;06.272.0026-A;UN;;;;0
MED07;6.17;06.272.0027-A;UN;;;;0
MED07;6.18;06.272.0029-A;UN;;;;0
MED07;6.19;06.272.0030-A;UN;;;;0
MED07;6.20;06.272.0032-A;UN;;;;0
MED07;6.21;06.272.0035-A;UN;;;;0
MED07;6.22;06.272.0038-A;UN;;;;0
MED07;6.23;06.272.0039-A;UN;;;;0
MED07;8.5;08.020.0022-A;M2;Escola M. João Bento Duarte Neto;1587;3.8 x 2.3;8.74
MED07;8.5;08.020.0022-A;M2;Escola M. Padre José Dórea;449;18.6 x 0.8;14.88
MED07;8.5;08.020.0022-A;M2;Escola M. Jovenil Bastos da Silva;1384;16 x 0.5;8
MED07;8.6;08.027.0037-A;M;;;;0
MED07;9.3;09.015.0040-A;M2;;;;0
MED07;9.4;09.015.0050-A;M2;;;;0
MED07;9.5;09.015.0200-A;M2;Escola M. Rocha Leão;;3 x 1.5 x 10;45
MED07;9.5;09.015.0200-A;M2;Escola M. Rocha Leão;;5 x 1.5 x 3;22.5
MED07;11.1;11.003.0002-A;M3;Escola M. João Bento Duarte Neto;1461;3.65 x 1.1 x 0.1 x 1;0.4015
MED07;11.1;11.003.0002-A;M3;Escola M. João Bento Duarte Neto;1461;3.13 x 1 x 0.1 x 1;0.313
MED07;11.1;11.003.0002-A;M3;Escola M. João Bento Duarte Neto;1461;13.5 x 5 x 0.1 x 1;6.75
MED07;11.1;11.003.0002-A;M3;Escola M. Padre José Dórea;449;14 x 0.8 x 0.1 x 1;1.12
MED07;11.1;11.003.0002-A;M3;Escola M. Rosângela Duarte Faria;1661;0.15 x 0.15 x 0.15 x 30;0.10125
MED07;11.2;11.004.0022-B;M2;;;0 + 0 + 0 + 0 + 0;0
MED07;11.3;11.013.0075-A;M3;Escola M. João Bento Duarte Neto;PILAR P/ TELHADO;4 x 0.3 x 0.15 x 2;0.36
MED07;11.3;11.013.0075-A;M3;Escola M. João Bento Duarte Neto;CALÇADA;3.65 x 1.1 x 0.1 x 1;0.4
MED07;11.3;11.013.0075-A;M3;Escola M. João Bento Duarte Neto;CALÇADA;3 x 1.1 x 0.1 x 1;0.33
MED07;11.3;11.013.0075-A;M3;Escola M. João Bento Duarte Neto;CALÇADA;13.5 x 5 x 0.12 x 1;8.1
MED07;11.3;11.013.0075-A;M3;Escola M. Paulo Pinheiro;1577;0.4 x 0.3 x 0.2 x 26;0.62
MED07;11.6;11.023.0002-A;KG;;;0 + 0 + 0 + 0;0
MED07;11.7;11.025.0006-A;M3;;;0.15;0
MED07;11.8;11.025.0012-A;M3;;;0.15;0
MED07;11.9;11.030.0080-A;M2;;;;0
MED07;11.10;11.050.0001-B;M3XMES;;;2.9 x 1;0
MED07;11.11;11.055.0001-B;M3;;;2.9 x 0.35;0
MED07;12.1;12.002.0015-A;M2;;;;0
MED07;12.2;12.003.0075-B;M2;Escola M. João Bento Duarte Neto;1587;3.2 x 0.8 x 2;5.12
MED07;12.2;12.003.0075-B;M2;Escola M. Paulo Pinheiro;MURO TIJOLO DEITADO;80.28 x 0.4 x 2;64.22
MED07;12.3;12.005.0030-A;M2;;;;0
MED07;12.4;12.016.0004-A;M2;;;;0
MED07;12.5;12.016.0010-A;M2;;;;0
MED07;12.6;12.016.0024-A;M2;;;;0
MED07;13.1;13.001.0010-B;M2;Escola M. João Bento Duarte Neto;1587;3.2 x 0.8 x 4;10.24
MED07;13.1;13.001.0010-B;M2;Escola M. Paulo Pinheiro;MURO;80.28 x 0.4 x 2;64.22
MED07;13.2;13.001.0026-A;M2;Escola M. João Bento Duarte Neto;1587;3.2 x 0.8 x 4;10.24
MED07;13.2;13.001.0026-A;M2;Escola M. Paulo Pinheiro;MURO;80.28 x 0.4 x 2;64.22
MED07;13.3;13.003.0005-A;M2;Escola M. João Bento Duarte Neto;MURO INTERNO;132.4 x 1.7 x 0.04;9.0032
MED07;13.3;13.003.0005-A;M2;Escola M. João Bento Duarte Neto;PAREDES EXTERNAS;9 x 3.35 x 0.04;1.206
MED07;13.3;13.003.0005-A;M2;Escola M. João Bento Duarte Neto;PAREDES EXTERNAS;15.7 x 5 x 0.04;3.14
MED07;13.3;13.003.0005-A;M2;Escola M. João Bento Duarte Neto;PAREDES EXTERNAS;41.3 x 3.7 x 0.04;6.1124
MED07;13.3;13.003.0005-A;M2;Escola M. João Bento Duarte Neto;PAREDES EXTERNAS;17 x 5 x 0.04;3.4
MED07;13.3;13.003.0005-A;M2;Escola M. João Bento Duarte Neto;PAREDES EXTERNAS;17.7 x 2.9 x 0.04;2.0532
MED07;13.3;13.003.0005-A;M2;Escola M. João Bento Duarte Neto;PAREDES EXTERNAS;15 x 3.5 x 0.04;2.1
MED07;13.3;13.003.0005-A;M2;Escola M. João Bento Duarte Neto;PAREDES EXTERNAS;4 x 2 x 0.04;0.32
MED07;13.3;13.003.0005-A;M2;Escola M. Mônica de Andrade;MURO;354.4 x 1.8 x 0.2;127.584
MED07;13.3;13.003.0005-A;M2;Escola M. Mônica de Andrade;MURO;18.5 x 3.25 x 0.2;12.025
MED07;13.3;13.003.0005-A;M2;E.M. Simar Machado/ E.M. Ondina Pinto;MURO;175.3 x 1.95 x 0.03;10.25505
MED07;13.3;13.003.0005-A;M2;E.M. Alberto Jorge;MURO;113 x 2 x 0.05;11.3
MED07;13.3;13.003.0005-A;M2;E.M. José Luiz de Lemos;MURO;71.1 x 2 x 0.03;4.266
MED07;13.4;13.022.0040-A;M2;;;;0
MED07;13.5;13.030.0290-A;M2;;;;0
MED07;13.6;13.175.0010-A;M2;;;;0
MED07;13.7;13.180.0015-B;M2;;;;0
MED07;13.8;13.196.0050-A;M2;;;;0
MED07;13.9;13.196.0151-A;M2;;;;0
MED07;13.10;13.301.0125-B;M2;Escola M. Padre José Dórea;449;14 x 0.8 x 1;11.2
MED07;13.11;13.330.0053-A;M2;Escola M. Padre José Dórea;449;11.2;11.2
MED07;13.12;13.330.0076-A;M2;;;1;0
MED07;13.13;13.330.0101-A;M;;;;0
MED07;13.15;13.331.0052-A;M;;;;0
MED07;13.16;13.365.0150-A;M;;;;0
MED07;13.17;13.365.0170-A;M;;;;0
MED07;13.18;13.390.0020-A;M2;;;;0
MED07;14.1;14.002.0010-A;M2;;;;0
MED07;14.2;14.002.0013-A;M2;Escola M. Rocha Leão;;1.4 x 1.8 x 1;2.52
MED07;14.3;14.002.0071-A;M2;Escola M. Rocha Leão;;3 x 2.2 x 1;6.6
MED07;14.3;14.002.0071-A;M2;Escola M. Rocha Leão;;1.2 x 2.2 x 2;5.28
MED07;14.4;14.002.0132-A;M2;Escola M. João Bento Duarte Neto;1587;1.8 x 1.6 x 1;1.8
MED07;14.4;14.002.0132-A;M2;Escola M. Rosângela Duarte Faria;1661;57.53 x 2.1 x 0.1;5.753
MED07;14.5;14.002.0187-A;M;;;;0
MED07;14.6;14.002.0220-A;M;Praça do Skate;GUARDA-CORPO;342.4 x 1.2 x 0.3;123.264
MED07;14.6;14.002.0220-A;M;Praça do Skate;GUARDA-CORPO;86.1 x 1.2 x 0.3;30.996
MED07;14.6;14.002.0220-A;M;Praça do Skate;GUARDA-CORPO;170 x 1.2 x 0.3;61.2
MED07;14.7;14.003.0016-A;M2;;;;0
MED07;14.8;14.003.0076-A;M2;;;;0
MED07;14.9;14.003.0225-A;M2;Escola M. Padre José Dilson Dórea;348;0.7 x 2.1 x 0.5;0.74
MED07;14.10;14.003.0260-A;M;;;;0
MED07;14.11;14.004.0120-A;M2;;;;0
MED07;14.12;14.004.0121-A;M2;Escola M. Marinete Coelho Souza;334;0.45 x 0.45 x 2;0.405
MED07;14.12;14.004.0121-A;M2;Escola M. Marinete Coelho Souza;728;0.43 x 0.43 x 22;4.0678
MED07;14.12;14.004.0121-A;M2;Escola M. Padre José Dilson Dórea;346;0.75 x 0.58 x 1;0.435
MED07;14.12;14.004.0121-A;M2;Escola M. Padre José Dilson Dórea;346;0.82 x 0.59 x 3;1.4514
MED07;14.12;14.004.0121-A;M2;Escola M. Padre José Dilson Dórea;346;0.79 x 0.57 x 3;1.3509
MED07;14.12;14.004.0121-A;M2;Escola M. Padre José Dilson Dórea;346;0.84 x 0.59 x 1;0.4956
MED07;14.12;14.004.0121-A;M2;Escola M. Padre José Dilson Dórea;346;0.88 x 0.59 x 1;0.5192
MED07;14.12;14.004.0121-A;M2;Escola M. Padre José Dilson Dórea;346;0.86 x 0.59 x 1;0.5074
MED07;14.13;14.006.0012-A;UN;;;;0
MED07;14.14;14.006.0021-A;UN;Escola M. Pedro Moreira dos Santos;861;1;1
MED07;14.15;14.006.0023-A;UN;Escola M. Rosângela Duarte Faria;923;1;1
MED07;14.15;14.006.0023-A;UN;Escola M. Rosângela Duarte Faria;1563;2;2
MED07;14.15;14.006.0023-A;UN;Escola M. João Bento Duarte Neto;1587;1;1
MED07;14.16;14.006.0233-A;UN;;;;0
MED07;14.17;14.006.0407-A;M;;;;0
MED07;14.18;14.006.0409-A;M;;;;0
MED07;14.19;14.007.0036-A;UN;Escola M. Rosângela Duarte Faria;923;3;3
MED07;14.19;14.007.0036-A;UN;Escola M. Mônica de Andrade Ribeiro;1253;2;2
MED07;14.19;14.007.0036-A;UN;Escola M. Nadir da Silva Salvador;1266;1;1
MED07;14.19;14.007.0036-A;UN;Escola M. Senhorinha de Oliveira Gomes;1354;5;5
MED07;14.19;14.007.0036-A;UN;Escola M. Simar Machado Sodré;1484;2;2
MED07;14.19;14.007.0036-A;UN;Escola M. Rosângela Duarte Faria;1563;2;2
MED07;14.19;14.007.0036-A;UN;Escola M. João Bento Duarte Neto;1587;1;1
MED07;14.19;14.007.0036-A;UN;Escola M. Pedro Moreira dos Santos;861;1;1
MED07;14.19;14.007.0036-A;UN;Escola M. Solange Viana;936;1;1
MED07;14.19;14.007.0036-A;UN;Escola M. Senhorinha de Oliveira Gomes;1120;1;1
MED07;14.19;14.007.0036-A;UN;Escola M. Mônica de Andrade Ribeiro;1239;2;2
MED07;14.19;14.007.0036-A;UN;Escola M. Padre José Dilson Dórea;1244;4;4
MED07;14.19;14.007.0036-A;UN;Escola M. Mônica de Andrade Ribeiro;1248;1;1
MED07;14.19;14.007.0036-A;UN;Escola M. Marinete Coelho Souza;1292;1;1
MED07;14.19;14.007.0036-A;UN;Escola M. Francisco de Assis Medeiros Rangel;1323;1;1
MED07;14.19;14.007.0036-A;UN;Escola M. José de Oliveira Martins;1373;1;1
MED07;14.19;14.007.0036-A;UN;Escola M. Fany Batista Esteves;1388;1;1
MED07;14.19;14.007.0036-A;UN;Escola M. Rosângela Duarte Faria;1394;1;1
MED07;14.19;14.007.0036-A;UN;Escola M. Marinete Coelho Souza;1399;1;1
MED07;14.19;14.007.0036-A;UN;Escola M. Padre José Dilson Dórea;1403;4;4
MED07;14.19;14.007.0036-A;UN;Escola M. Jerônymo Mendes da Costa;1432;1;1
MED07;14.19;14.007.0036-A;UN;Escola M. Maria da Penha de Oliveira;1438;2;2
MED07;14.19;14.007.0036-A;UN;Escola M. Neli Aparecida Tâmara Luiz;1441;1;1
MED07;14.19;14.007.0036-A;UN;SEMEDE;1519;1;1
MED07;14.19;14.007.0036-A;UN;Escola M. Dom Bosco;1545;1;1
MED07;14.19;14.007.0036-A;UN;Creche M. Márcia Lustosa Machado;1652;1;1
MED07;14.20;14.007.0041-A;UN;;;;0
MED07;14.21;14.007.0065-A;UN;;;;0
MED07;14.22;14.007.0070-A;UN;;;;0
MED07;14.23;14.007.0270-A;UN;Escola M. Francisco de Assis Medeiros Rangel;1323;1;1
MED07;14.24;14.007.0277-A;UN;;;;0
MED07;14.25;14.007.0284-A;UN;Escola M. Nadir da Silva Salvador;605;3;3
MED07;14.26;14.007.0290-A;UN;;;;0
MED07;14.28;14.008.0089-A;M2;Escola M. Rosângela Duarte Faria;665;2.5 x 1.2 x 1;3
MED07;14.28;14.008.0089-A;M2;Escola M. Pedro Moreira dos Santos;937;2.5 x 1.2 x 4;12
MED07;14.28;14.008.0089-A;M2;Escola M. Maria Teixeira de Paula;1105;2.5 x 1.2 x 1;3
MED07;14.28;14.008.0089-A;M2;Escola M. Pedro Moreira dos Santos;1117;2.5 x 1.2 x 1;3
MED07;14.28;14.008.0089-A;M2;Escola M. Senhorinha de Oliveira Gomes;1328;2.5 x 1.2 x 1;3
MED07;14.28;14.008.0089-A;M2;Escola M. Senhorinha de Oliveira Gomes;1329;2.5 x 1.2 x 1;3
MED07;14.28;14.008.0089-A;M2;Escola M. Rosângela Duarte Faria;1340;2.5 x 1.2 x 4;12
MED07;14.28;14.008.0089-A;M2;Escola M. Nilton Balthazar;1341;2.5 x 1.2 x 2;6
MED07;14.28;14.008.0089-A;M2;Escola M. Marinete Coelho Souza;1414;2.5 x 1.2 x 7;21
MED07;14.28;14.008.0089-A;M2;CEMAEE;1480;2.5 x 1.2 x 2;6
MED07;14.28;14.008.0089-A;M2;Escola M. Inayá Moraes D'Couto;1512;2.5 x 1.2 x 2;6
MED07;14.28;14.008.0089-A;M2;Escola M. Padre José Dilson Dórea;1642;2.5 x 1.2 x 4;12
MED07;15.1;15.001.0028-A;UN;Escola M. Rosângela Duarte Faria;1553;1;1
MED07;15.2;15.001.0055-A;UN;;;;0
MED07;15.3;15.001.0056-A;UN;Escola M. Rocha Leão;;1;1
MED07;15.4;15.003.0068-A;UN;Escola M. Rocha Leão;;1;1
MED07;15.5;15.002.0062-A;UN;;;;0
MED07;15.6;15.002.0063-A;UN;;;;0
MED07;15.7;15.002.0120-A;UN;;;;0
MED07;15.11;15.004.0046-A;UN;Creche M. Maria Rosa Ribeiro Pinheiro;726;1;1
MED07;15.11;15.004.0046-A;UN;Escola M. João Bento Duarte Neto;1448;1;1
MED07;15.12;15.004.0050-A;UN;;;;0
MED07;15.13;15.004.0053-A;UN;;;;0
MED07;15.14;15.004.0059-A;UN;;;;0
MED07;15.15;15.004.0060-B;UN;;;;0
MED07;15.16;15.004.0061-A;UN;;;;0
MED07;15.17;15.004.0063-A;UN;;;;0
MED07;15.18;15.004.0070-A;UN;Escola M. Marinete Coelho Souza;1406;2;2
MED07;15.19;15.004.0075-A;UN;;;;0
MED07;15.20;15.004.0085-A;UN;Escola M. Rosângela Duarte Faria;1562;1;1
MED07;15.21;15.004.0090-A;UN;Escola M. Rosângela Duarte Faria;1562;2;2
MED07;15.21;15.004.0090-A;UN;Escola M. Marinete Coelho Souza;1076;1;1
MED07;15.21;15.004.0090-A;UN;Escola M. Inayá Moraes D'Couto;1472;4;4
MED07;15.22;15.004.0108-A;UN;Escola M. João Bento Duarte Neto;1449;2;2
MED07;15.23;15.004.0103-A;UN;;;;0
MED07;15.24;15.004.0110-A;UN;;;;0
MED07;15.25;15.004.0170-A;UN;Escola M. Marinete Coelho Souza;1407;40;40
MED07;15.30;15.004.0255-A;UN;;;;0
MED07;15.31;15.005.0215-A;UN;;;;0
MED07;15.32;15.005.0253-A;KG;;;;0
MED07;15.33;15.007.0410-A;UN;Escola M. Nadir da Silva Salvador;1266;1;1
MED07;15.34;15.007.0415-A;UN;;;;0
MED07;15.35;15.007.0420-A;UN;;;;0
MED07;15.36;15.007.0425-A;UN;;;;0
MED07;15.41;15.007.0520-A;UN;;;;0
MED07;15.42;15.007.0521-A;UN;;;;0
MED07;15.43;15.007.0522-A;UN;;;;0
MED07;15.44;15.007.0523-A;UN;;;;0
MED07;15.45;15.007.0524-A;UN;;;;0
MED07;15.46;15.007.0570-A;UN;Escola M. Inayá Moraes D'Couto;777;3;3
MED07;15.47;15.007.0572-A;UN;;;;0
MED07;15.48;15.007.0575-A;UN;Escola M. Inayá Moraes D'Couto;887;2;2
MED07;15.48;15.007.0575-A;UN;Escola M. Jerônymo Mendes da Costa;1578;1;1
MED07;15.49;15.007.0600-A;UN;;;;0
MED07;15.50;15.007.0605-A;UN;;;;0
MED07;15.51;15.007.0608-A;UN;;;;0
MED07;15.52;15.007.0609-A;UN;;;;0
MED07;15.53;15.007.0610-A;UN;;;;0
MED07;15.54;15.007.0611-A;UN;;;;0
MED07;15.55;15.008.0085-A;M;Escola M. Inayá Moraes D'Couto;777;40;40
MED07;15.55;15.008.0085-A;M;Escola M. Inayá Moraes D'Couto;887;60;60
MED07;15.55;15.008.0085-A;M;Escola M. Elson Pinheiro;1129;100;100
MED07;15.55;15.008.0085-A;M;Escola M. João Bento Duarte Neto;1302;100;100
MED07;15.55;15.008.0085-A;M;Escola M. Senhorinha de Oliveira Gomes;1310;70;70
MED07;15.55;15.008.0085-A;M;Escola M. Paulo Pinheiro;1477;20;20
MED07;15.55;15.008.0085-A;M;Escola M. Paulo Pinheiro;1477;25;25
MED07;15.55;15.008.0085-A;M;IMERO;1520;10;10
MED07;15.55;15.008.0085-A;M;IMERO;1525;20;20
MED07;15.55;15.008.0085-A;M;IMERO;1646;12;12
MED07;15.56;15.008.0090-A;M;Escola M. Inayá Moraes D'Couto;777;40;40
MED07;15.56;15.008.0090-A;M;Escola M. Jerônymo Mendes da Costa;1578;20;20
MED07;15.56;15.008.0090-A;M;Escola M. Elson Pinheiro;1129;60;60
MED07;15.57;15.008.0095-A;M;;;;0
MED07;15.58;15.008.0100-A;M;;;;0
MED07;15.59;15.008.0105-A;M;;;;0
MED07;15.60;15.008.0110-A;M;;;;0
MED07;15.61;15.008.0112-A;M;;;;0
MED07;15.62;15.008.0115-A;M;;;;0
MED07;15.65;15.015.0020-A;UN;Escola M. Rosângela Duarte Faria;1319;3;3
MED07;15.68;15.015.0199-A;UN;Escola M. Senhorinha de Oliveira Gomes;1310;5;5
MED07;15.68;15.015.0199-A;UN;Escola M. Neli Aparecida Tâmara Luiz;1110;1;1
MED07;15.68;15.015.0199-A;UN;Escola M. Ary Gomes de Marins;1145;2;2
MED07;15.69;15.015.0214-A;UN;;;;0
MED07;15.70;15.015.0250-A;UN;Escola M. Marinete Coelho Souza;1405;4;4
MED07;15.70;15.015.0250-A;UN;Escola M. Cláudio Ribeiro;1491;1;1
MED07;15.70;15.015.0250-A;UN;Escola M. João Bento Duarte Neto;1302;8;8
MED07;15.70;15.015.0250-A;UN;Escola M. Alzir David Pereira;1380;3;3
MED07;15.70;15.015.0250-A;UN;SEMEDE;1429;2;2
MED07;15.70;15.015.0250-A;UN;Escola M. Fany Batista Esteves;1440;4;4
MED07;15.71;15.015.0251-A;UN;Escola M. João Bento Duarte Neto;1302;4;4
MED07;15.72;15.015.0255-A;UN;Escola M. Enedina Fidélis Moreira;586;2;2
MED07;15.72;15.015.0255-A;UN;Escola M. Inayá Moraes D'Couto;777;5;5
MED07;15.72;15.015.0255-A;UN;Escola M. Rosângela Duarte Faria;913;18;18
MED07;15.72;15.015.0255-A;UN;Escola M. Elson Pinheiro;1129;7;7
MED07;15.72;15.015.0255-A;UN;Escola M. América Abdalla;1183;1;1
MED07;15.72;15.015.0255-A;UN;Escola M. José de Oliveira Martins;1202;3;3
MED07;15.72;15.015.0255-A;UN;Escola M. Rosângela Duarte Faria;1319;1;1
MED07;15.72;15.015.0255-A;UN;Escola M. Rosângela Duarte Faria;1351;1;1
MED07;15.72;15.015.0255-A;UN;Escola M. Fazenda da Praia;1412;1;1
MED07;15.72;15.015.0255-A;UN;Escola M. Paulo Pinheiro;1477;2;2
MED07;15.72;15.015.0255-A;UN;Escola M. Paulo Pinheiro;1477;3;3
MED07;15.72;15.015.0255-A;UN;Escola M. Jerônymo Mendes da Costa;1481;1;1
MED07;15.72;15.015.0255-A;UN;Escola M. Jovenil Bastos da Silva;1510;4;4
MED07;15.72;15.015.0255-A;UN;Escola M. Mônica de Andrade Ribeiro;1516;1;1
MED07;15.72;15.015.0255-A;UN;IMERO;1525;2;2
MED07;15.72;15.015.0255-A;UN;Escola M. Jerônymo Mendes da Costa;1578;1;1
MED07;15.72;15.015.0255-A;UN;IMERO;1646;2;2
MED07;15.72;15.015.0255-A;UN;IMERO;1520;2;2
MED07;15.73;15.019.0010-A;UN;;;;0
MED07;15.74;15.019.0095-A;UN;;;;0
MED07;15.78;15.020.0158-A;UN;SEMEDE;657;6;6
MED07;15.78;15.020.0158-A;UN;SEMEDE;1570;30;30
MED07;15.78;15.020.0158-A;UN;Escola M. Alzir David Pereira;1380;12;12
MED07;15.78;15.020.0158-A;UN;Creche M. Maria Rosa Ribeiro Pinheiro;726;13;13
MED07;15.78;15.020.0158-A;UN;Escola M. Rosângela Duarte Faria;1090;8;8
MED07;15.79;15.020.0170-A;UN;Escola M. Fany Batista Esteves;1440;8;8
MED07;15.79;15.020.0170-A;UN;Escola M. Rosângela Duarte Faria;1090;2;2
MED07;15.80;15.020.0173-A;UN;Escola M. Rosângela Duarte Faria;704;6;6
MED07;15.80;15.020.0173-A;UN;Escola M. Rosângela Duarte Faria;1288;10;10
MED07;15.80;15.020.0173-A;UN;Escola M. Fazendas Reunidas Atlântica;1312;25;25
MED07;15.80;15.020.0173-A;UN;Escola M. Rosângela Duarte Faria;1333;10;10
MED07;15.80;15.020.0173-A;UN;Escola M. Marinete Coelho Souza;1405;30;30
MED07;15.80;15.020.0173-A;UN;Escola M. Senhorinha de Oliveira Gomes;1411;30;30
MED07;15.80;15.020.0173-A;UN;Escola M. Simar Machado Sodré;1485;25;25
MED07;15.80;15.020.0173-A;UN;Escola M. Cláudio Ribeiro;1491;2;2
MED07;15.80;15.020.0173-A;UN;Escola M. Rosângela Duarte Faria;1090;40;40
MED07;15.80;15.020.0173-A;UN;Escola M. Senhorinha de Oliveira Gomes;1126;13;13
MED07;15.80;15.020.0173-A;UN;Escola M. Mônica de Andrade Ribeiro;1362;2;2
MED07;15.81;15.028.0005-A;UN;;;;0
MED07;15.82;15.028.0010-A;UN;;;;0
MED07;15.83;15.029.0010-A;UN;;;;0
MED07;15.84;15.029.0011-A;UN;;;;0
MED07;15.85;15.029.0012-A;UN;;;;0
MED07;15.86;15.029.0019-A;UN;;;;0
MED07;15.87;15.029.0020-A;UN;;;;0
MED07;15.88;15.029.0021-A;UN;;;;0
MED07;15.89;15.029.0049-A;UN;;;;0
MED07;15.90;15.029.0080-A;UN;;;;0
MED07;15.91;15.030.0030-A;UN;;;;0
MED07;15.92;15.030.0032-A;UN;;;;0
MED07;15.93;15.030.0034-A;UN;;;;0
MED07;15.94;15.030.0038-A;UN;;;;0
MED07;15.95;15.030.0040-A;UN;;;;0
MED07;15.96;15.036.0010-A;M;;;;0
MED07;15.97;15.036.0011-A;M;;;;0
MED07;15.98;15.036.0027-A;M;;;;0
MED07;15.99;15.036.0028-A;M;;;;0
MED07;15100;15.036.0045-A;M;;;;0
MED07;15101;15.036.0046-A;M;;;;0
MED07;15102;15.036.0047-A;M;;;;0
MED07;15103;15.036.0048-A;M;;;;0
MED07;15104;15.036.0053-A;M;;;;0
MED07;16.1;16.001.0050-A;M2;Escola M. João Bento Duarte Neto;TELHADO;4 x 3.8 x 1;15.2
MED07;16.2;16.001.0060-A;M2;;;;0
MED07;16.3;16.001.0067-A;UN;;;;0
MED07;16.4;16.001.0085-A;M2;Escola M. João Bento Duarte Neto;TELHADO;4 x 3.8;15.2
MED07;16.5;16.001.0086-A;M2;;;;0
MED07;16.6;16.002.0005-A;M2;;;;0
MED07;16.7;16.002.0010-A;M2;Escola M. João Bento Duarte Neto;TELHADO;4 x 3.8 x 1;15.2
MED07;16.8;16.002.0015-A;M;;;;0
MED07;16.9;16.002.0025-A;M;;;;0
MED07;16.10;16.004.0015-A;M2;;;;0
MED07;16.11;16.005.0006-A;M2;;;;0
MED07;16.12;16.005.0008-A;M;;;;0
MED07;16.13;16.005.0018-A;M;;;;0
MED07;16.14;16.005.0027-A;M;;;;0
MED07;16.15;16.005.0075-A;M2;;;;0
MED07;16.16;16.020.0001-A;M2;;;;0
MED07;16.17;16.026.0002-A;M2;Escola M. Dom Bosco;1039;20;20
MED07;16.17;16.026.0002-A;M2;Escola M. Ernestina Jorge;1788;15;15
MED07;16.17;16.026.0002-A;M2;Escola M. Alberto Jorge;1457;15;15
MED07;16.17;16.026.0002-A;M2;Escola M. Fazenda da Praia;944;10;10
MED07;16.17;16.026.0002-A;M2;Escola M. Mônica de Andrade Ribeiro;953;25;25
MED07;16.17;16.026.0002-A;M2;SEMEDE;1370;10;10
MED07;16.17;16.026.0002-A;M2;Escola M. Dom Bosco;1782;20;20
MED07;16.18;16.027.0001-A;M2;;;;0
MED07;16.19;16.034.0003-A;M2;;;;0
MED07;17.1;17.017.0010-A;M2;Praça do Skate;RAMPA 01;2.9 x 1.75 x 2;10.15
MED07;17.1;17.017.0010-A;M2;Praça do Skate;RAMPA 01;4.1 x 2.9 x 1;11.89
MED07;17.1;17.017.0010-A;M2;Praça do Skate;RAMPA 01;4.1 x 1.9 x 1;7.79
MED07;17.1;17.017.0010-A;M2;Praça do Skate;RAMPA 01;4.3 x 1.65 x 1;7.095
MED07;17.1;17.017.0010-A;M2;Praça do Skate;RAMPA 02;6.1 x 2.7 x 2;32.94
MED07;17.1;17.017.0010-A;M2;Praça do Skate;RAMPA 02;6.1 x 2.6 x 1;15.86
MED07;17.1;17.017.0010-A;M2;Praça do Skate;RAMPA 02;6.7 x 1 x 2;13.4
MED07;17.1;17.017.0010-A;M2;Praça do Skate;RAMPA 03;5.4 x 2.9 x 2;31.32
MED07;17.1;17.017.0010-A;M2;Praça do Skate;RAMPA 03;5.4 x 1.9 x 1;10.26
MED07;17.1;17.017.0010-A;M2;Praça do Skate;RAMPA 03;4.2 x 2 x 3;25.2
MED07;17.1;17.017.0010-A;M2;Praça do Skate;RAMPA 03;5.4 x 2.6 x 2;28.08
MED07;17.1;17.017.0010-A;M2;Praça do Skate;RAMPA 03;2.1 x 1.3 x 1;2.73
MED07;17.1;17.017.0010-A;M2;Praça do Skate;RAMPA 04;5.3 x 5 x 1;26.5
MED07;17.1;17.017.0010-A;M2;Praça do Skate;RAMPA 04;7 x 5.2 x 1;36.4
MED07;17.1;17.017.0010-A;M2;Praça do Skate;RAMPA 04;3.5 x 3 x 1;10.5
MED07;17.1;17.017.0010-A;M2;Praça do Skate;RAMPA 04;1.6 x 0.3 x 10;4.8
MED07;17.1;17.017.0010-A;M2;Praça do Skate;RAMPA 04;1.6 x 0.15 x 12;2.88
MED07;17.1;17.017.0010-A;M2;Praça do Skate;RAMPA 05;3.1 x 3 x 1;9.3
MED07;17.1;17.017.0010-A;M2;Praça do Skate;RAMPA 05;4.1 x 1.7 x 2;13.94
MED07;17.1;17.017.0010-A;M2;Praça do Skate;RAMPA 05;3 x 2 x 1;6
MED07;17.1;17.017.0010-A;M2;Praça do Skate;RAMPA 05;3 x 1.75 x 1;5.25
MED07;17.1;17.017.0010-A;M2;Praça do Skate;RAMPA 06 E 07;2.8 x 2.2 x 2;12.32
MED07;17.1;17.017.0010-A;M2;Praça do Skate;RAMPA 06 E 07;3.5 x 2.7 x 4;37.8
MED07;17.1;17.017.0010-A;M2;Praça do Skate;RAMPA 06 E 07;2.15 x 1.8 x 2;7.74
MED07;17.1;17.017.0010-A;M2;Praça do Skate;RAMPA 06 E 07;2.2 x 2.15 x 2;9.46
MED07;17.1;17.017.0010-A;M2;Praça do Skate;RAMPA 08;6.2 x 1.7 x 1;10.54
MED07;17.1;17.017.0010-A;M2;Praça do Skate;RAMPA 08;7.3 x 2 x 1;14.6
MED07;17.1;17.017.0010-A;M2;Praça do Skate;RAMPA 08;7.3 x 2.1 x 1;15.33
MED07;17.1;17.017.0010-A;M2;Praça do Skate;RAMPA 08;5.1 x 4 x 1;20.4
MED07;17.1;17.017.0010-A;M2;Praça do Skate;RAMPA 08;3 x 3 x 1;9
MED07;17.1;17.017.0010-A;M2;Praça do Skate;RAMPA 08;2.9 x 2.1 x 1;6.09
MED07;17.1;17.017.0010-A;M2;Praça do Skate;RAMPA 09;4 x 2.1 x 1;8.4
MED07;17.1;17.017.0010-A;M2;Praça do Skate;RAMPA 09;6.2 x 2.9 x 2;35.96
MED07;17.1;17.017.0010-A;M2;Praça do Skate;RAMPA 09;4.5 x 1.2 x 1;5.4
MED07;17.1;17.017.0010-A;M2;Praça do Skate;RAMPA 09;5.2 x 0.9 x 1;4.68
MED07;17.1;17.017.0010-A;M2;Praça do Skate;RAMPA 09;4.7 x 1.35 x 1;6.345
MED07;17.1;17.017.0010-A;M2;Praça do Skate;RAMPA 09;2.5 x 2.5 x 2;12.5
MED07;17.1;17.017.0010-A;M2;Praça do Skate;RAMPA 09;2.5 x 2.3 x 1;5.75
MED07;17.1;17.017.0010-A;M2;Praça do Skate;RAMPA 09;8.4 x 1.3 x 1;10.92
MED07;17.1;17.017.0010-A;M2;Praça do Skate;RAMPA 09;7.6 x 1 x 2;15.2
MED07;17.1;17.017.0010-A;M2;Praça do Skate;RAMPA 10;2.7 x 1.9 x 1;5.13
MED07;17.1;17.017.0010-A;M2;Praça do Skate;RAMPA 10;6.3 x 2.8 x 1;17.64
MED07;17.1;17.017.0010-A;M2;Praça do Skate;RAMPA 10;2.9 x 2.8 x 1;8.12
MED07;17.1;17.017.0010-A;M2;Praça do Skate;RAMPA 10;2.6 x 1.6 x 1;4.16
MED07;17.1;17.017.0010-A;M2;Praça do Skate;RAMPA 10;1.9 x 0.34 x 7;4.522
MED07;17.1;17.017.0010-A;M2;Praça do Skate;RAMPA 10;1.9 x 0.15 x 7;1.995
MED07;17.1;17.017.0010-A;M2;Praça do Skate;ARQUIBANCADA;31 x 0.7 x 4;86.8
MED07;17.1;17.017.0010-A;M2;Praça do Skate;ARQUIBANCADA;31 x 0.58 x 4;71.92
MED07;17.1;17.017.0010-A;M2;Escola M. Mônica de Andrade;MURO;354.4 x 1.8 x 0.2;127.584
MED07;17.1;17.017.0010-A;M2;Escola M. Mônica de Andrade;MURO;18.5 x 3.25 x 0.2;12.025
MED07;17.1;17.017.0010-A;M2;Escola M. Maria Teixeira de Paula;;237.15;237.15
MED07;17.1;17.017.0010-A;M2;Escola M. Vereador Pedro Moreira;;215.601;215.601
MED07;17.1;17.017.0010-A;M2;Escola M. João Bento Duarte Neto;MURO INTERNO;132.4 x 0.7 x 1;92.68
MED07;17.1;17.017.0010-A;M2;Escola M. João Bento Duarte Neto;PAREDES EXTERNAS;9 x 0.7 x 1;6.3
MED07;17.1;17.017.0010-A;M2;Escola M. João Bento Duarte Neto;PAREDES EXTERNAS;15.7 x 0.7 x 1;10.99
MED07;17.1;17.017.0010-A;M2;Escola M. João Bento Duarte Neto;PAREDES EXTERNAS;41.3 x 0.7 x 1;28.91
MED07;17.1;17.017.0010-A;M2;Escola M. João Bento Duarte Neto;PAREDES EXTERNAS;17 x 0.7 x 1;11.9
MED07;17.1;17.017.0010-A;M2;Escola M. João Bento Duarte Neto;PAREDES EXTERNAS;17.7 x 0.7 x 1;12.39
MED07;17.1;17.017.0010-A;M2;Escola M. João Bento Duarte Neto;PAREDES EXTERNAS;15 x 0.7 x 1;10.5
MED07;17.1;17.017.0010-A;M2;Escola M. João Bento Duarte Neto;PAREDES EXTERNAS;4 x 0.7 x 1;2.8
MED07;17.1;17.017.0010-A;M2;Escola M. João Bento Duarte Neto;ENTRADA SECRETARIA;15.2 x 0.4 x 1;6.08
MED07;17.1;17.017.0010-A;M2;Escola M. João Bento Duarte Neto;BASE BANDEIRAS;2.75 x 0.4 x 2;2.2
MED07;17.1;17.017.0010-A;M2;Escola M. João Bento Duarte Neto;PAREDES INTERNAS - HALL DE CIRCULAÇÃO;74 x 0.4 x 1;29.6
MED07;17.1;17.017.0010-A;M2;Escola M. João Bento Duarte Neto;SALAS DE AULA 1;25.54 x 0.25 x 1;6.385
MED07;17.1;17.017.0010-A;M2;Escola M. João Bento Duarte Neto;SALAS DE AULA 2;25.9 x 0.25 x 1;6.475
MED07;17.1;17.017.0010-A;M2;Escola M. João Bento Duarte Neto;SALAS DE AULA 3;25.9 x 0.25 x 1;6.475
MED07;17.1;17.017.0010-A;M2;Escola M. João Bento Duarte Neto;SALAS DE AULA 4;24.14 x 0.25 x 1;6.035
MED07;17.1;17.017.0010-A;M2;Escola M. João Bento Duarte Neto;SALAS DE AULA 5;24.4 x 0.25 x 1;6.1
MED07;17.1;17.017.0010-A;M2;Escola M. João Bento Duarte Neto;SALAS DE AULA 6;25.38 x 0.25 x 1;6.345
MED07;17.1;17.017.0010-A;M2;Escola M. João Bento Duarte Neto;SALAS DE AULA 7;25.12 x 0.25 x 1;6.28
MED07;17.1;17.017.0010-A;M2;E.M. Simar Machado/ E.M. Ondina Pinto;MURO;175.3 x 1.95 x 0.03;10.25505
MED07;17.1;17.017.0010-A;M2;E.M. José Luiz de Lemos;MURO;71.1 x 2 x 0.03;4.266
MED07;17.1;17.017.0010-A;M2;E.M. Alberto Jorge;MURO;113 x 2 x 0.05;11.3
MED07;17.2;17.017.0100-A;M2;Escola M. Ondina Pinto Marcondes;1101;0.8 x 2.1 x 2 x 2;6.72
MED07;17.3;17.017.0110-A;M2;Escola M. Ondina Pinto Marcondes;1101;0.8 x 2.1 x 2 x 2;6.72
MED07;17.3;17.017.0110-A;M2;Escola M. João Bento Duarte Neto;;2.05 x 1.23 x 18 x 2;90.774
MED07;17.3;17.017.0110-A;M2;Escola M. João Bento Duarte Neto;;2 x 0.85 x 3 x 2;10.2
MED07;17.3;17.017.0110-A;M2;Escola M. João Bento Duarte Neto;;0.8 x 0.85 x 1 x 2;1.36
MED07;17.3;17.017.0110-A;M2;Escola M. João Bento Duarte Neto;;4 x 3.8 x 1 x 2;30.4
MED07;17.3;17.017.0110-A;M2;Escola M. João Bento Duarte Neto;;1.78 x 2.45 x 1 x 2;8.722
MED07;17.3;17.017.0110-A;M2;Escola M. João Bento Duarte Neto;;0.6 x 2.1 x 1 x 2;2.52
MED07;17.3;17.017.0110-A;M2;Escola M. João Bento Duarte Neto;;0.8 x 2.1 x 2 x 2;6.72
MED07;17.3;17.017.0110-A;M2;Escola M. Maria Teixeira de Paula;PORTAS;2.15 x 2.1 x 2 x 2;18.06
MED07;17.3;17.017.0110-A;M2;Escola M. Maria Teixeira de Paula;PORTAS;0.8 x 2.1 x 3 x 2;10.08
MED07;17.3;17.017.0110-A;M2;Escola M. Mônica de Andrade;PORTAS;1.3 x 2.1 x 1 x 2;5.46
MED07;17.3;17.017.0110-A;M2;Escola M. Mônica de Andrade;PORTAS;0.9 x 2.1 x 14 x 2;52.92
MED07;17.4;17.017.0320-A;M2;Praça do Skate;GUARDA-CORPO;342.4 x 0.47 x 1;160.928
MED07;17.4;17.017.0320-A;M2;Praça do Skate;GUARDA-CORPO;86.1 x 0.47 x 1;40.467
MED07;17.4;17.017.0320-A;M2;Praça do Skate;GUARDA-CORPO;170 x 0.47 x 1;79.9
MED07;17.4;17.017.0320-A;M2;Escola M. Mônica de Andrade;GRADIL;1.95 x 1.7 x 4;13.26
MED07;17.4;17.017.0320-A;M2;Escola M. Mônica de Andrade;GRADIL;4.6 x 1.6 x 2;14.72
MED07;17.4;17.017.0320-A;M2;Escola M. Mônica de Andrade;GRADIL;2 x 1.65 x 2;6.6
MED07;17.4;17.017.0320-A;M2;Escola M. Mônica de Andrade;GRADIL;2 x 4 x 2;16
MED07;17.4;17.017.0320-A;M2;Escola M. Mônica de Andrade;GRADIL;1 x 1.7 x 2;3.4
MED07;17.4;17.017.0320-A;M2;Escola M. Mônica de Andrade;GRADIL;2.25 x 1.2 x 1;2.7
MED07;17.4;17.017.0320-A;M2;Escola M. Mônica de Andrade;GRADIL;1.2 x 2.05 x 1;2.46
MED07;17.4;17.017.0320-A;M2;Escola M. Mônica de Andrade;GRADIL;0.9 x 2.2 x 4;7.92
MED07;17.4;17.017.0320-A;M2;Escola M. Mônica de Andrade;GRADIL;1.65 x 2.1 x 1;3.465
MED07;17.4;17.017.0320-A;M2;Escola M. Mônica de Andrade;GRADIL;1.05 x 2.3 x 2;4.83
MED07;17.4;17.017.0320-A;M2;Escola M. Mônica de Andrade;GRADIL;0.9 x 2.1 x 1;1.89
MED07;17.4;17.017.0320-A;M2;Escola M. Mônica de Andrade;GRADIL;2.25 x 1.25 x 6;16.875
MED07;17.4;17.017.0320-A;M2;Escola M. Mônica de Andrade;GRADIL;2 x 1.25 x 3;7.5
MED07;17.4;17.017.0320-A;M2;Escola M. Mônica de Andrade;GRADIL;1.2 x 1.3 x 2;3.12
MED07;17.4;17.017.0320-A;M2;Escola M. Mônica de Andrade;GRADIL;0.9 x 1.2 x 4;4.32
MED07;17.4;17.017.0320-A;M2;Escola M. Mônica de Andrade;GRADIL;0.77 x 0.7 x 2;1.078
MED07;17.4;17.017.0320-A;M2;Escola M. Mônica de Andrade;GRADIL;0.77 x 2.1 x 2;3.234
MED07;17.4;17.017.0320-A;M2;Escola M. Mônica de Andrade;GRADIL;1.9 x 1 x 2;3.8
MED07;17.4;17.017.0320-A;M2;Escola M. Mônica de Andrade;GRADIL;1.3 x 2.1 x 12;32.76
MED07;17.4;17.017.0320-A;M2;Escola M. Mônica de Andrade;GRADIL;1.4 x 0.7 x 4;3.92
MED07;17.4;17.017.0320-A;M2;Escola M. Mônica de Andrade;GRADIL;1.5 x 1.5 x 2;4.5
MED07;17.4;17.017.0320-A;M2;Escola M. Mônica de Andrade;GRADIL;0.8 x 0.8 x 2;1.28
MED07;17.4;17.017.0320-A;M2;Escola M. Mônica de Andrade;GRADIL;1.55 x 1 x 2;3.1
MED07;17.4;17.017.0320-A;M2;Escola M. Mônica de Andrade;GRADIL;5.9 x 3.8 x 2;44.84
MED07;17.4;17.017.0320-A;M2;Escola M. Mônica de Andrade;GRADIL;1.66 x 0.7 x 2;2.324
MED07;17.4;17.017.0320-A;M2;Escola M. Mônica de Andrade;GRADIL;1.7 x 1.4 x 20;47.6
MED07;17.4;17.017.0320-A;M2;Escola M. Mônica de Andrade;GRADIL;1.5 x 1.2 x 12;21.6
MED07;17.4;17.017.0320-A;M2;Escola M. Mônica de Andrade;GRADIL;1 x 2.1 x 4;8.4
MED07;17.4;17.017.0320-A;M2;Escola M. Mônica de Andrade;GRADIL;1.8 x 2.1 x 2;7.56
MED07;17.4;17.017.0320-A;M2;Escola M. Mônica de Andrade;GRADIL;2 x 1.6 x 6;19.2
MED07;17.4;17.017.0320-A;M2;Escola M. Mônica de Andrade;GRADIL;1.3 x 0.9 x 2;2.34
MED07;17.4;17.017.0320-A;M2;Escola M. Mônica de Andrade;GRADIL;2.9 x 0.85 x 2;4.93
MED07;17.4;17.017.0320-A;M2;Escola M. Mônica de Andrade;GRADIL;3 x 0.2 x 6;3.6
MED07;17.4;17.017.0320-A;M2;Escola M. Mônica de Andrade;GRADIL;2 x 2.6 x 2;10.4
MED07;17.4;17.017.0320-A;M2;Escola M. João Bento Duarte Neto;GRADIL;4 x 2.5 x 1;10
MED07;17.4;17.017.0320-A;M2;Escola M. João Bento Duarte Neto;GRADIL;2 x 1.3 x 2;5.2
MED07;17.4;17.017.0320-A;M2;Escola M. João Bento Duarte Neto;GRADIL;2.15 x 0.95 x 1;2.0425
MED07;17.4;17.017.0320-A;M2;Escola M. João Bento Duarte Neto;GRADIL;1.8 x 1.63 x 1;2.934
MED07;17.4;17.017.0320-A;M2;Escola M. João Bento Duarte Neto;GRADIL;1 x 2.2 x 1;2.2
MED07;17.4;17.017.0320-A;M2;Escola M. João Bento Duarte Neto;GRADIL;0.9 x 1 x 16;14.4
MED07;17.4;17.017.0320-A;M2;Escola M. João Bento Duarte Neto;GRADIL;2 x 0.3 x 2;1.2
MED07;17.4;17.017.0320-A;M2;Escola M. João Bento Duarte Neto;GRADIL;0.8 x 0.3 x 1;0.24
MED07;17.4;17.017.0320-A;M2;Escola M. João Bento Duarte Neto;GRADIL;2.35 x 2.5 x 1;5.875
MED07;17.4;17.017.0320-A;M2;Escola M. João Bento Duarte Neto;GRADIL;5 x 0.25 x 4;5
MED07;17.4;17.017.0320-A;M2;Escola M. Vereador Pedro Moreira;;160.04;160.04
MED07;17.4;17.017.0320-A;M2;Escola M. Maria Teixeira de Paula;GRADIL;3.6 x 1.93 x 1;6.948
MED07;17.4;17.017.0320-A;M2;Escola M. Maria Teixeira de Paula;GRADIL;1 x 1 x 2;2
MED07;17.4;17.017.0320-A;M2;Escola M. Maria Teixeira de Paula;GRADIL;1.8 x 1.5 x 1;2.7
MED07;17.4;17.017.0320-A;M2;Escola M. Maria Teixeira de Paula;GRADIL;3 x 1.8 x 2;10.8
MED07;17.4;17.017.0320-A;M2;Escola M. Maria Teixeira de Paula;GRADIL;13 x 2 x 1;26
MED07;17.4;17.017.0320-A;M2;Escola M. Maria Teixeira de Paula;GRADIL;65.8 x 0.9 x 1;59.22
MED07;17.5;17.018.0031-A;M2;Praça do Skate;RAMPA 01;2.9 x 1.75 x 2;10.15
MED07;17.5;17.018.0031-A;M2;Praça do Skate;RAMPA 01;4.1 x 2.9 x 1;11.89
MED07;17.5;17.018.0031-A;M2;Praça do Skate;RAMPA 01;4.1 x 1.9 x 1;7.79
MED07;17.5;17.018.0031-A;M2;Praça do Skate;RAMPA 01;4.3 x 1.65 x 1;7.095
MED07;17.5;17.018.0031-A;M2;Praça do Skate;RAMPA 02;6.1 x 2.7 x 2;32.94
MED07;17.5;17.018.0031-A;M2;Praça do Skate;RAMPA 02;6.1 x 2.6 x 1;15.86
MED07;17.5;17.018.0031-A;M2;Praça do Skate;RAMPA 02;6.7 x 1 x 2;13.4
MED07;17.5;17.018.0031-A;M2;Praça do Skate;RAMPA 03;5.4 x 2.9 x 2;31.32
MED07;17.5;17.018.0031-A;M2;Praça do Skate;RAMPA 03;5.4 x 1.9 x 1;10.26
MED07;17.5;17.018.0031-A;M2;Praça do Skate;RAMPA 03;4.2 x 2 x 3;25.2
MED07;17.5;17.018.0031-A;M2;Praça do Skate;RAMPA 03;5.4 x 2.6 x 2;28.08
MED07;17.5;17.018.0031-A;M2;Praça do Skate;RAMPA 03;2.1 x 1.3 x 1;2.73
MED07;17.5;17.018.0031-A;M2;Praça do Skate;RAMPA 04;5.3 x 5 x 1;26.5
MED07;17.5;17.018.0031-A;M2;Praça do Skate;RAMPA 04;7 x 5.2 x 1;36.4
MED07;17.5;17.018.0031-A;M2;Praça do Skate;RAMPA 04;3.5 x 3 x 1;10.5
MED07;17.5;17.018.0031-A;M2;Praça do Skate;RAMPA 04;1.6 x 0.3 x 10;4.8
MED07;17.5;17.018.0031-A;M2;Praça do Skate;RAMPA 04;1.6 x 0.15 x 12;2.88
MED07;17.5;17.018.0031-A;M2;Praça do Skate;RAMPA 05;3.1 x 3 x 1;9.3
MED07;17.5;17.018.0031-A;M2;Praça do Skate;RAMPA 05;4.1 x 1.7 x 2;13.94
MED07;17.5;17.018.0031-A;M2;Praça do Skate;RAMPA 05;3 x 2 x 1;6
MED07;17.5;17.018.0031-A;M2;Praça do Skate;RAMPA 05;3 x 1.75 x 1;5.25
MED07;17.5;17.018.0031-A;M2;Praça do Skate;RAMPA 06 E 07;2.8 x 2.2 x 2;12.32
MED07;17.5;17.018.0031-A;M2;Praça do Skate;RAMPA 06 E 07;3.5 x 2.7 x 4;37.8
MED07;17.5;17.018.0031-A;M2;Praça do Skate;RAMPA 06 E 07;2.15 x 1.8 x 2;7.74
MED07;17.5;17.018.0031-A;M2;Praça do Skate;RAMPA 06 E 07;2.2 x 2.15 x 2;9.46
MED07;17.5;17.018.0031-A;M2;Praça do Skate;RAMPA 08;6.2 x 1.7 x 1;10.54
MED07;17.5;17.018.0031-A;M2;Praça do Skate;RAMPA 08;7.3 x 2 x 1;14.6
MED07;17.5;17.018.0031-A;M2;Praça do Skate;RAMPA 08;7.3 x 2.1 x 1;15.33
MED07;17.5;17.018.0031-A;M2;Praça do Skate;RAMPA 08;5.1 x 4 x 1;20.4
MED07;17.5;17.018.0031-A;M2;Praça do Skate;RAMPA 08;3 x 3 x 1;9
MED07;17.5;17.018.0031-A;M2;Praça do Skate;RAMPA 08;2.9 x 2.1 x 1;6.09
MED07;17.5;17.018.0031-A;M2;Praça do Skate;RAMPA 09;4 x 2.1 x 1;8.4
MED07;17.5;17.018.0031-A;M2;Praça do Skate;RAMPA 09;6.2 x 2.9 x 2;35.96
MED07;17.5;17.018.0031-A;M2;Praça do Skate;RAMPA 09;4.5 x 1.2 x 1;5.4
MED07;17.5;17.018.0031-A;M2;Praça do Skate;RAMPA 09;5.2 x 0.9 x 1;4.68
MED07;17.5;17.018.0031-A;M2;Praça do Skate;RAMPA 09;4.7 x 1.35 x 1;6.345
MED07;17.5;17.018.0031-A;M2;Praça do Skate;RAMPA 09;2.5 x 2.5 x 2;12.5
MED07;17.5;17.018.0031-A;M2;Praça do Skate;RAMPA 09;2.5 x 2.3 x 1;5.75
MED07;17.5;17.018.0031-A;M2;Praça do Skate;RAMPA 09;8.4 x 1.3 x 1;10.92
MED07;17.5;17.018.0031-A;M2;Praça do Skate;RAMPA 09;7.6 x 1 x 2;15.2
MED07;17.5;17.018.0031-A;M2;Praça do Skate;RAMPA 10;2.7 x 1.9 x 1;5.13
MED07;17.5;17.018.0031-A;M2;Praça do Skate;RAMPA 10;6.3 x 2.8 x 1;17.64
MED07;17.5;17.018.0031-A;M2;Praça do Skate;RAMPA 10;2.9 x 2.8 x 1;8.12
MED07;17.5;17.018.0031-A;M2;Praça do Skate;RAMPA 10;2.6 x 1.6 x 1;4.16
MED07;17.5;17.018.0031-A;M2;Praça do Skate;RAMPA 10;1.9 x 0.34 x 7;4.522
MED07;17.5;17.018.0031-A;M2;Praça do Skate;RAMPA 10;1.9 x 0.15 x 7;1.995
MED07;17.5;17.018.0031-A;M2;Praça do Skate;ARQUIBANCADA;31 x 0.7 x 4;86.8
MED07;17.5;17.018.0031-A;M2;Praça do Skate;ARQUIBANCADA;31 x 0.58 x 4;71.92
MED07;17.5;17.018.0031-A;M2;Escola M. Mônica de Andrade;MURO;354.4 x 1.8 x 1;637.92
MED07;17.5;17.018.0031-A;M2;Escola M. Mônica de Andrade;MURO;18.5 x 3.25 x 1;60.125
MED07;17.5;17.018.0031-A;M2;Escola M. Mônica de Andrade;PAREDES EXTERNAS;37.5 x 2.3 x 1;86.25
MED07;17.5;17.018.0031-A;M2;Escola M. Mônica de Andrade;PAREDES EXTERNAS;38 x 3.6 x 1;136.8
MED07;17.5;17.018.0031-A;M2;Escola M. Mônica de Andrade;PAREDES EXTERNAS;19.2 x 5 x 1;96
MED07;17.5;17.018.0031-A;M2;Escola M. Mônica de Andrade;PAREDES EXTERNAS;24.4 x 1.8 x 1;43.92
MED07;17.5;17.018.0031-A;M2;Escola M. Mônica de Andrade;PAREDES EXTERNAS;3.1 x 1.8 x 1;5.58
MED07;17.5;17.018.0031-A;M2;Escola M. Mônica de Andrade;PAREDES EXTERNAS;39.9 x 3.3 x 1;131.67
MED07;17.5;17.018.0031-A;M2;Escola M. Mônica de Andrade;PAREDES EXTERNAS;13.1 x 5 x 1;65.5
MED07;17.5;17.018.0031-A;M2;Escola M. Mônica de Andrade;PAREDES EXTERNAS;5.9 x 1 x 1;5.9
MED07;17.5;17.018.0031-A;M2;Escola M. Mônica de Andrade;PAREDES EXTERNAS;1.7 x 1.8 x 1;3.06
MED07;17.5;17.018.0031-A;M2;Escola M. Mônica de Andrade;ANEXO SALAS EXTERNAS;15.6 x 4.8 x 1;74.88
MED07;17.5;17.018.0031-A;M2;Escola M. Mônica de Andrade;ANEXO SALAS EXTERNAS;7.9 x 3.5 x 1;27.65
MED07;17.5;17.018.0031-A;M2;Escola M. Mônica de Andrade;ANEXO SALAS EXTERNAS;11.6 x 3.6 x 1;41.76
MED07;17.5;17.018.0031-A;M2;Escola M. Mônica de Andrade;ANEXO SALAS EXTERNAS;11.2 x 3.2 x 1;35.84
MED07;17.5;17.018.0031-A;M2;Escola M. Mônica de Andrade;ANEXO SALAS EXTERNAS;1.9 x 2.2 x 1;4.18
MED07;17.5;17.018.0031-A;M2;Escola M. Mônica de Andrade;ANEXO SALAS EXTERNAS;35.4 x 2.5 x 1;88.5
MED07;17.5;17.018.0031-A;M2;Escola M. Mônica de Andrade;JARDIM;14.2 x 0.5 x 1;7.1
MED07;17.5;17.018.0031-A;M2;Escola M. Mônica de Andrade;QUADRA (MURETA);46.7 x 0.65 x 2;60.71
MED07;17.5;17.018.0031-A;M2;Escola M. Mônica de Andrade;QUADRA (PAREDES);22.6 x 6.7 x 1;151.42
MED07;17.5;17.018.0031-A;M2;Escola M. Mônica de Andrade;QUADRA (ARQUIBANCADA);18.1 x 0.2 x 1;3.62
MED07;17.5;17.018.0031-A;M2;Escola M. Mônica de Andrade;QUADRA (ARQUIBANCADA);18.1 x 0.32 x 1;5.792
MED07;17.5;17.018.0031-A;M2;Escola M. Mônica de Andrade;QUADRA (ARQUIBANCADA);18.1 x 0.3 x 1;5.43
MED07;17.5;17.018.0031-A;M2;Escola M. Mônica de Andrade;QUADRA (ARQUIBANCADA);18.1 x 0.4 x 1;7.24
MED07;17.5;17.018.0031-A;M2;Escola M. Mônica de Andrade;SALA DE AULA ANEXO 1;20.1 x 2.8 x 1;56.28
MED07;17.5;17.018.0031-A;M2;Escola M. Mônica de Andrade;SALA DE AULA ANEXO 1;20.24 x 2.8 x 1;56.672
MED07;17.5;17.018.0031-A;M2;Escola M. Mônica de Andrade;SALA DE AULA ANEXO 1;20.52 x 2.8 x 1;57.456
MED07;17.5;17.018.0031-A;M2;Escola M. Mônica de Andrade;SALA DE AULA ANEXO 1;21 x 2.8 x 1;58.8
MED07;17.5;17.018.0031-A;M2;Escola M. Mônica de Andrade;SALA DE AULA ANEXO 2;24.68 x 2.7 x 1;66.636
MED07;17.5;17.018.0031-A;M2;Escola M. Mônica de Andrade;REFEITÓRIO;26.9 x 3.16 x 1;85.004
MED07;17.5;17.018.0031-A;M2;Escola M. Mônica de Andrade;SALAS DE AULA PRÉDIO PRINCIPAL;28.5 x 3.2 x 2;182.4
MED07;17.5;17.018.0031-A;M2;Escola M. Mônica de Andrade;SALAS DE AULA PRÉDIO PRINCIPAL;28.72 x 3.2 x 1;91.904
MED07;17.5;17.018.0031-A;M2;Escola M. Mônica de Andrade;SALAS DE AULA PRÉDIO PRINCIPAL;28.66 x 3.2 x 1;91.712
MED07;17.5;17.018.0031-A;M2;Escola M. Mônica de Andrade;SALAS DE AULA PRÉDIO PRINCIPAL;28.08 x 3.2 x 1;89.856
MED07;17.5;17.018.0031-A;M2;Escola M. Mônica de Andrade;PAREDE;18.04 x 2.9 x 1;52.316
MED07;17.5;17.018.0031-A;M2;Escola M. Mônica de Andrade;HALL;70.02 x 3.96 x 1;277.2792
MED07;17.5;17.018.0031-A;M2;Escola M. Mônica de Andrade;HALL ANEXO;18.2 x 2.8 x 1;50.96
MED07;17.5;17.018.0031-A;M2;Escola M. Mônica de Andrade;SALA DIREÇÃO;19.2 x 2.6 x 1;49.92
MED07;17.5;17.018.0031-A;M2;Escola M. Mônica de Andrade;SECRETARIA;5.1 x 2.6 x 1;13.26
MED07;17.5;17.018.0031-A;M2;Escola M. Mônica de Andrade;SALA DE AULA ANEXO 1;5.05 x 5 x 1;25.25
MED07;17.5;17.018.0031-A;M2;Escola M. Mônica de Andrade;SALA DE AULA ANEXO 1;5.09 x 5.03 x 1;25.6027
MED07;17.5;17.018.0031-A;M2;Escola M. Mônica de Andrade;SALA DE AULA ANEXO 1;5.14 x 5.12 x 1;26.3168
MED07;17.5;17.018.0031-A;M2;Escola M. Mônica de Andrade;SALA DE AULA ANEXO 1;5.35 x 5.15 x 1;27.5525
MED07;17.5;17.018.0031-A;M2;Escola M. Mônica de Andrade;SALA DE AULA ANEXO 2;6.56 x 5.78 x 1;37.9168
MED07;17.5;17.018.0031-A;M2;Escola M. Mônica de Andrade;BANHEIRO ANEXO;3.87 x 1.95 x 1;7.5465
MED07;17.5;17.018.0031-A;M2;Escola M. Mônica de Andrade;REFEITÓRIO;8.09 x 5.36 x 1;43.3624
MED07;17.5;17.018.0031-A;M2;Escola M. Mônica de Andrade;BANHEIRO ALUNOS MASC.;4.16 x 2.95 x 1;12.272
MED07;17.5;17.018.0031-A;M2;Escola M. Mônica de Andrade;BANHEIRO ALUNOS FEM.;4.16 x 2.95 x 1;12.272
MED07;17.5;17.018.0031-A;M2;Escola M. Mônica de Andrade;HALL;4.35 x 3.15 x 1;13.7025
MED07;17.5;17.018.0031-A;M2;Escola M. Mônica de Andrade;HALL;5.3 x 1.96 x 1;10.388
MED07;17.5;17.018.0031-A;M2;Escola M. João Bento Duarte Neto;MURO INTERNO;132.4 x 1.7 x 1;225.08
MED07;17.5;17.018.0031-A;M2;Escola M. João Bento Duarte Neto;PAREDES EXTERNAS;9 x 3.35 x 1;30.15
MED07;17.5;17.018.0031-A;M2;Escola M. João Bento Duarte Neto;PAREDES EXTERNAS;15.7 x 5 x 1;78.5
MED07;17.5;17.018.0031-A;M2;Escola M. João Bento Duarte Neto;PAREDES EXTERNAS;41.3 x 3.7 x 1;152.81
MED07;17.5;17.018.0031-A;M2;Escola M. João Bento Duarte Neto;PAREDES EXTERNAS;17 x 5 x 1;85
MED07;17.5;17.018.0031-A;M2;Escola M. João Bento Duarte Neto;PAREDES EXTERNAS;17.7 x 2.9 x 1;51.33
MED07;17.5;17.018.0031-A;M2;Escola M. João Bento Duarte Neto;PAREDES EXTERNAS;15 x 3.5 x 1;52.5
MED07;17.5;17.018.0031-A;M2;Escola M. João Bento Duarte Neto;PAREDES EXTERNAS;4 x 2 x 1;8
MED07;17.5;17.018.0031-A;M2;Escola M. João Bento Duarte Neto;ENTRADA SECRETARIA;15.2 x 1 x 1;15.2
MED07;17.5;17.018.0031-A;M2;Escola M. João Bento Duarte Neto;BASE BANDEIRAS;2.75 x 0.45 x 2;2.475
MED07;17.5;17.018.0031-A;M2;Escola M. João Bento Duarte Neto;PAREDES INTERNAS - HALL DE CIRCULAÇÃO;74 x 2.8 x 1;207.2
MED07;17.5;17.018.0031-A;M2;Escola M. João Bento Duarte Neto;DESCONTOS VÃOS/JANELAS;-35.46;-35.46
MED07;17.5;17.018.0031-A;M2;Escola M. João Bento Duarte Neto;SALAS DE AULA 1;25.54 x 2.7 x 1;68.958
MED07;17.5;17.018.0031-A;M2;Escola M. João Bento Duarte Neto;SALAS DE AULA 2;25.9 x 2.7 x 1;69.93
MED07;17.5;17.018.0031-A;M2;Escola M. João Bento Duarte Neto;SALAS DE AULA 3;25.9 x 2.7 x 1;69.93
MED07;17.5;17.018.0031-A;M2;Escola M. João Bento Duarte Neto;SALAS DE AULA 4;24.14 x 2.7 x 1;65.178
MED07;17.5;17.018.0031-A;M2;Escola M. João Bento Duarte Neto;SALAS DE AULA 5;24.4 x 2.7 x 1;65.88
MED07;17.5;17.018.0031-A;M2;Escola M. João Bento Duarte Neto;SALAS DE AULA 6;25.38 x 2.7 x 1;68.526
MED07;17.5;17.018.0031-A;M2;Escola M. João Bento Duarte Neto;SALAS DE AULA 7;25.12 x 2.7 x 1;67.824
MED07;17.5;17.018.0031-A;M2;Escola M. João Bento Duarte Neto;SECRETARIA;34.6 x 2.7 x 1;93.42
MED07;17.5;17.018.0031-A;M2;Escola M. João Bento Duarte Neto;SALA DOS PROFESSORES;19.82 x 2.7 x 1;53.514
MED07;17.5;17.018.0031-A;M2;Escola M. João Bento Duarte Neto;SALA DE RECURSO;6.55 x 2.7 x 1;17.685
MED07;17.5;17.018.0031-A;M2;Escola M. João Bento Duarte Neto;SALAS DE AULA 1;6.75 x 6.02 x 1;40.635
MED07;17.5;17.018.0031-A;M2;Escola M. João Bento Duarte Neto;SALAS DE AULA 2;5.67 x 7.28 x 1;41.2776
MED07;17.5;17.018.0031-A;M2;Escola M. João Bento Duarte Neto;SALAS DE AULA 3;5.67 x 7.28 x 1;41.2776
MED07;17.5;17.018.0031-A;M2;Escola M. João Bento Duarte Neto;SALAS DE AULA 4;7.2 x 4.87 x 1;35.064
MED07;17.5;17.018.0031-A;M2;Escola M. João Bento Duarte Neto;SALAS DE AULA 5;7.12 x 5.08 x 1;36.1696
MED07;17.5;17.018.0031-A;M2;Escola M. João Bento Duarte Neto;SALAS DE AULA 6;6.72 x 5.97 x 1;40.1184
MED07;17.5;17.018.0031-A;M2;Escola M. João Bento Duarte Neto;SALAS DE AULA 7;5.83 x 6.73 x 1;39.2359
MED07;17.5;17.018.0031-A;M2;Escola M. João Bento Duarte Neto;SECRETARIA;3.2 x 2.74 x 1;8.768
MED07;17.5;17.018.0031-A;M2;Escola M. João Bento Duarte Neto;SALA DOS PROFESSORES;3.19 x 6.72 x 1;21.4368
MED07;17.5;17.018.0031-A;M2;Escola M. João Bento Duarte Neto;SALA DE RECURSO;6.55 x 6.55 x 1;42.9025
MED07;17.5;17.018.0031-A;M2;Escola M. João Bento Duarte Neto;BANHEIRO MASC.;6.71 x 2.94 x 1;19.7274
MED07;17.5;17.018.0031-A;M2;Escola M. João Bento Duarte Neto;BANHEIRO FEM.;6.71 x 2.94 x 1;19.7274
MED07;17.5;17.018.0031-A;M2;Escola M. João Bento Duarte Neto;COZINHA;3.48 x 9 x 1;31.32
MED07;17.5;17.018.0031-A;M2;Escola M. Vereador Pedro Moreira;DIRETORIA;28.62 x 3.2 x 1;91.584
MED07;17.5;17.018.0031-A;M2;Escola M. Vereador Pedro Moreira;SALA DOS PROFESSORES;28.8 x 3.2 x 1;92.16
MED07;17.5;17.018.0031-A;M2;Escola M. Vereador Pedro Moreira;SECRETARIA;28.8 x 3.2 x 1;92.16
MED07;17.5;17.018.0031-A;M2;Escola M. Vereador Pedro Moreira;ALMOXARIFADO;28.8 x 3.2 x 1;92.16
MED07;17.5;17.018.0031-A;M2;Escola M. Vereador Pedro Moreira;EXPOSIÇÃO DE TRABALHOS;28.8 x 3.2 x 1;92.16
MED07;17.5;17.018.0031-A;M2;Escola M. Vereador Pedro Moreira;SALA DE AULA PDC;27.02 x 3.2 x 1;86.464
MED07;17.5;17.018.0031-A;M2;Escola M. Vereador Pedro Moreira;DIRETORIA;8.46 x 5.85 x 1;49.491
MED07;17.5;17.018.0031-A;M2;Escola M. Vereador Pedro Moreira;SALA DOS PROFESSORES;8.55 x 5.85 x 1;50.0175
MED07;17.5;17.018.0031-A;M2;Escola M. Vereador Pedro Moreira;SECRETARIA;8.55 x 5.85 x 1;50.0175
MED07;17.5;17.018.0031-A;M2;Escola M. Vereador Pedro Moreira;ALMOXARIFADO;8.55 x 5.85 x 1;50.0175
MED07;17.5;17.018.0031-A;M2;Escola M. Vereador Pedro Moreira;EXPOSIÇÃO DE TRABALHOS;8.55 x 5.85 x 1;50.0175
MED07;17.5;17.018.0031-A;M2;Escola M. Vereador Pedro Moreira;SALA DE AULA PDC;7.66 x 5.85 x 1;44.811
MED07;17.5;17.018.0031-A;M2;Escola M. Vereador Pedro Moreira;REFEITÓRIO/AUDITÓRIO;8.55 x 5.85 x 1;50.0175
MED07;17.5;17.018.0031-A;M2;Escola M. Vereador Pedro Moreira;WC MASCULINO;5.13 x 3.6 x 1;18.468
MED07;17.5;17.018.0031-A;M2;Escola M. Vereador Pedro Moreira;WC FEMININO;5.25 x 3.82 x 1;20.055
MED07;17.5;17.018.0031-A;M2;Escola M. Vereador Pedro Moreira;SALA 01;28.62 x 3.2 x 1;91.584
MED07;17.5;17.018.0031-A;M2;Escola M. Vereador Pedro Moreira;SALA 02;28.8 x 3.2 x 1;92.16
MED07;17.5;17.018.0031-A;M2;Escola M. Vereador Pedro Moreira;SALA 03;28.8 x 3.2 x 1;92.16
MED07;17.5;17.018.0031-A;M2;Escola M. Vereador Pedro Moreira;SALA 04;28.8 x 3.2 x 1;92.16
MED07;17.5;17.018.0031-A;M2;Escola M. Vereador Pedro Moreira;SALA 05;28.8 x 3.2 x 1;92.16
MED07;17.5;17.018.0031-A;M2;Escola M. Vereador Pedro Moreira;SALA 06;28.8 x 3.2 x 1;92.16
MED07;17.5;17.018.0031-A;M2;Escola M. Vereador Pedro Moreira;SALA 07;27.02 x 3.2 x 1;86.464
MED07;17.5;17.018.0031-A;M2;Escola M. Vereador Pedro Moreira;SALA 08;28.8 x 3.2 x 1;92.16
MED07;17.5;17.018.0031-A;M2;Escola M. Vereador Pedro Moreira;SALA 09;28.8 x 3.2 x 1;92.16
MED07;17.5;17.018.0031-A;M2;Escola M. Vereador Pedro Moreira;SALA 10;28.8 x 3.2 x 1;92.16
MED07;17.5;17.018.0031-A;M2;Escola M. Vereador Pedro Moreira;SALA 12;28.8 x 3.2 x 1;92.16
MED07;17.5;17.018.0031-A;M2;Escola M. Vereador Pedro Moreira;SALA 01;8.46 x 5.85 x 1;49.491
MED07;17.5;17.018.0031-A;M2;Escola M. Vereador Pedro Moreira;SALA 02;8.55 x 5.85 x 1;50.0175
MED07;17.5;17.018.0031-A;M2;Escola M. Vereador Pedro Moreira;SALA 03;8.55 x 5.85 x 1;50.0175
MED07;17.5;17.018.0031-A;M2;Escola M. Vereador Pedro Moreira;SALA 04;8.55 x 5.85 x 1;50.0175
MED07;17.5;17.018.0031-A;M2;Escola M. Vereador Pedro Moreira;SALA 05;8.55 x 5.85 x 1;50.0175
MED07;17.5;17.018.0031-A;M2;Escola M. Vereador Pedro Moreira;SALA 06;8.55 x 5.85 x 1;50.0175
MED07;17.5;17.018.0031-A;M2;Escola M. Vereador Pedro Moreira;SALA 07;7.66 x 5.85 x 1;44.811
MED07;17.5;17.018.0031-A;M2;Escola M. Vereador Pedro Moreira;SALA 08;8.55 x 5.85 x 1;50.0175
MED07;17.5;17.018.0031-A;M2;Escola M. Vereador Pedro Moreira;SALA 09;8.55 x 5.85 x 1;50.0175
MED07;17.5;17.018.0031-A;M2;Escola M. Vereador Pedro Moreira;SALA 10;8.55 x 5.85 x 1;50.0175
MED07;17.5;17.018.0031-A;M2;Escola M. Vereador Pedro Moreira;SALA 11;8.55 x 5.85 x 1;50.0175
MED07;17.5;17.018.0031-A;M2;Escola M. Vereador Pedro Moreira;SALA 12;8.55 x 5.85 x 1;50.0175
MED07;17.5;17.018.0031-A;M2;Escola M. Vereador Pedro Moreira;WC MASCULINO;5.13 x 3.6 x 1;18.468
MED07;17.5;17.018.0031-A;M2;Escola M. Vereador Pedro Moreira;WC FEMININO;5.25 x 3.82 x 1;20.055
MED07;17.5;17.018.0031-A;M2;E.M. Simar Machado/ E.M. Ondina Pinto;MURO;175.3 x 1.95 x 1;341.835
MED07;17.5;17.018.0031-A;M2;E.M. José Luiz de Lemos;MURO;71.1 x 2 x 1;142.2
MED07;17.5;17.018.0031-A;M2;E.M. Alberto Jorge;MURO;113 x 2 x 1;226
MED07;17.5;17.018.0031-A;M2;Escola M. Maria Teixeira de Paula;MURO ESCOLA;124.2 x 3.1 x 2;770.04
MED07;17.5;17.018.0031-A;M2;Escola M. Maria Teixeira de Paula;MURO ESCOLA;151 x 2.5 x 2;755
MED07;17.5;17.018.0031-A;M2;Escola M. Maria Teixeira de Paula;MURO ESCOLA;27 x 3.2 x 2;172.8
MED07;17.5;17.018.0031-A;M2;Escola M. Maria Teixeira de Paula;MURO ESCOLA;12 x 2.5 x 2;60
MED07;17.5;17.018.0031-A;M2;Escola M. Maria Teixeira de Paula;MURO ESCOLA;58 x 3.3 x 1;191.4
MED07;17.5;17.018.0031-A;M2;Escola M. Maria Teixeira de Paula;MURO QUADRA;29 x 1.5 x 1;43.5
MED07;17.5;17.018.0031-A;M2;Escola M. Maria Teixeira de Paula;MURO QUADRA;50 x 0.5 x 1;25
MED07;17.5;17.018.0031-A;M2;Escola M. Maria Teixeira de Paula;MURO QUADRA;50 x 0.13 x 1;6.5
MED07;17.5;17.018.0031-A;M2;Escola M. Maria Teixeira de Paula;MURO QUADRA;6 x 2.1 x 2;25.2
MED07;17.5;17.018.0031-A;M2;Escola M. Maria Teixeira de Paula;MURETA CASTELO D'ÁGUA;31 x 1.13 x 1;35.03
MED07;17.5;17.018.0031-A;M2;Escola M. Maria Teixeira de Paula;TAMPA CISTERNA;4 x 0.5 x 1;2
MED07;17.5;17.018.0031-A;M2;Escola M. Maria Teixeira de Paula;FACHADA LATERAL DIREITA;16 x 1.2 x 1;19.2
MED07;17.5;17.018.0031-A;M2;Escola M. Maria Teixeira de Paula;FACHADA LATERAL DIREITA;28 x 1.4 x 1;39.2
MED07;17.5;17.018.0031-A;M2;Escola M. Maria Teixeira de Paula;FACHADA LATERAL DIREITA;26 x 1.4 x 1;36.4
MED07;17.5;17.018.0031-A;M2;Escola M. Maria Teixeira de Paula;FACHADA LATERAL DIREITA;14 x 1.2 x 1;16.8
MED07;17.5;17.018.0031-A;M2;Escola M. Maria Teixeira de Paula;FACHADA FRONTAL;19 x 1.4 x 1;26.6
MED07;17.5;17.018.0031-A;M2;Escola M. Maria Teixeira de Paula;FACHADA FRONTAL;19 x 1.2 x 1;22.8
MED07;17.5;17.018.0031-A;M2;Escola M. Maria Teixeira de Paula;CASA DE BOMBA;14 x 2.5 x 1;35
MED07;17.5;17.018.0031-A;M2;Escola M. Maria Teixeira de Paula;FUNDOS;18 x 1.4 x 1;25.2
MED07;17.5;17.018.0031-A;M2;Escola M. Maria Teixeira de Paula;FUNDOS;18 x 1.2 x 1;21.6
MED07;17.5;17.018.0031-A;M2;Escola M. Maria Teixeira de Paula;PAREDES LATERAL ESQUERDA;19 x 1.4 x 1;26.6
MED07;17.5;17.018.0031-A;M2;Escola M. Maria Teixeira de Paula;PAREDES LATERAL ESQUERDA;19 x 1.2 x 1;22.8
MED07;17.5;17.018.0031-A;M2;Escola M. Maria Teixeira de Paula;PAREDES LATERAL ESQUERDA;16 x 4.7 x 1;75.2
MED07;17.5;17.018.0031-A;M2;Escola M. Maria Teixeira de Paula;PAREDES LATERAL ESQUERDA;23 x 1.2 x 1;27.6
MED07;17.5;17.018.0031-A;M2;Escola M. Maria Teixeira de Paula;PAREDES LATERAL ESQUERDA;23 x 1.4 x 1;32.2
MED07;17.5;17.018.0031-A;M2;Escola M. Maria Teixeira de Paula;CASA DE ELÉTRICA / PC;23 x 2.1 x 2;96.6
MED07;17.5;17.018.0031-A;M2;Escola M. Maria Teixeira de Paula;SECRETARIA;8 x 3 x 1;24
MED07;17.5;17.018.0031-A;M2;Escola M. Maria Teixeira de Paula;RAMPA;5.2 x 2.2 x 1;11.44
MED07;17.5;17.018.0031-A;M2;Escola M. Maria Teixeira de Paula;HALL DE CIRCULAÇÃO;26 x 3.08 x 1;80.08
MED07;17.5;17.018.0031-A;M2;Escola M. Maria Teixeira de Paula;REFEITÓRIO;39 x 3.05 x 1;118.95
MED07;17.5;17.018.0031-A;M2;Escola M. Maria Teixeira de Paula;REFEITÓRIO;25 x 1.2 x 1;30
MED07;17.5;17.018.0031-A;M2;Escola M. Maria Teixeira de Paula;HALL AUDITÓRIO;9.8 x 1.2 x 1;11.76
MED07;17.5;17.018.0031-A;M2;Escola M. Maria Teixeira de Paula;HALL AUDITÓRIO;23.2 x 3 x 1;69.6
MED07;17.5;17.018.0031-A;M2;Escola M. Maria Teixeira de Paula;HALL BIBLIOTECA;18.1 x 3 x 1;54.3
MED07;17.5;17.018.0031-A;M2;Escola M. Maria Teixeira de Paula;SALA FUNCIONÁRIOS;4.5 x 1.2 x 1;5.4
MED07;17.5;17.018.0031-A;M2;Escola M. Maria Teixeira de Paula;BIBLIOTECA;6.6 x 3 x 1;19.8
MED07;17.5;17.018.0031-A;M2;Escola M. Maria Teixeira de Paula;BIBLIOTECA;6.6 x 1.2 x 1;7.92
MED07;17.5;17.018.0031-A;M2;Escola M. Maria Teixeira de Paula;BIBLIOTECA;8.8 x 1.2 x 1;10.56
MED07;17.5;17.018.0031-A;M2;Escola M. Maria Teixeira de Paula;AUDITÓRIO;37.8 x 2.8 x 1;105.84
MED07;17.5;17.018.0031-A;M2;Escola M. Maria Teixeira de Paula;HALL DAS SALAS;105 x 1.45 x 1;152.25
MED07;17.5;17.018.0031-A;M2;Escola M. Maria Teixeira de Paula;SALA 9, 203/206;16.37 x 3 x 2;98.22
MED07;17.5;17.018.0031-A;M2;Escola M. Maria Teixeira de Paula;SALA 9, 203/206;14 x 1.1 x 2;30.8
MED07;17.5;17.018.0031-A;M2;Escola M. Maria Teixeira de Paula;SALA 10, 8, 7, 6, 5, 4, 3, 2;21.3 x 3 x 8;511.2
MED07;17.5;17.018.0031-A;M2;Escola M. Maria Teixeira de Paula;SALA 10, 8, 7, 6, 5, 4, 3, 2;7.1 x 1.1 x 8;62.48
MED07;17.5;17.018.0031-A;M2;Escola M. Maria Teixeira de Paula;SALA DE INFORMÁTICA;11 x 3 x 1;33
MED07;17.5;17.018.0031-A;M2;Escola M. Maria Teixeira de Paula;SALA DE INFORMÁTICA;19.4 x 1.1 x 1;21.34
MED07;17.5;17.018.0031-A;M2;Escola M. Maria Teixeira de Paula;SALA DE INFORMÁTICA;15.5 x 2.7 x 1;41.85
MED07;17.5;17.018.0031-A;M2;Escola M. Maria Teixeira de Paula;SALA DE INFORMÁTICA;1;0
MED07;17.5;17.018.0031-A;M2;Escola M. Maria Teixeira de Paula;TETO;1;0
MED07;17.5;17.018.0031-A;M2;Escola M. Maria Teixeira de Paula;SECRETARIA;5.5 x 2.6 x 1;14.3
MED07;17.5;17.018.0031-A;M2;Escola M. Maria Teixeira de Paula;WC FEM. E MASC.;7.8 x 3.7 x 2;57.72
MED07;17.5;17.018.0031-A;M2;Escola M. Maria Teixeira de Paula;HALL DE CIRCULAÇÃO;10.08 x 3.7 x 1;37.296
MED07;17.5;17.018.0031-A;M2;Escola M. Maria Teixeira de Paula;HALL DE CIRCULAÇÃO;8.8 x 1.7 x 1;14.96
MED07;17.5;17.018.0031-A;M2;Escola M. Maria Teixeira de Paula;HALL DE CIRCULAÇÃO;3.4 x 1.5 x 1;5.1
MED07;17.5;17.018.0031-A;M2;Escola M. Maria Teixeira de Paula;REFEITÓRIO;18 x 10 x 1;180
MED07;17.5;17.018.0031-A;M2;Escola M. Maria Teixeira de Paula;HALL AUDITÓRIO;6.3 x 4.5 x 1;28.35
MED07;17.5;17.018.0031-A;M2;Escola M. Maria Teixeira de Paula;HALL AUDITÓRIO;6.5 x 2 x 1;13
MED07;17.5;17.018.0031-A;M2;Escola M. Maria Teixeira de Paula;HALL BIBLIOTECA;15 x 2 x 1;30
MED07;17.5;17.018.0031-A;M2;Escola M. Maria Teixeira de Paula;HALL BIBLIOTECA;1.8 x 1.5 x 1;2.7
MED07;17.5;17.018.0031-A;M2;Escola M. Maria Teixeira de Paula;HALL BIBLIOTECA;1 x 0.9 x 1;0.9
MED07;17.5;17.018.0031-A;M2;Escola M. Maria Teixeira de Paula;SALA FUNCIONÁRIOS;7.2 x 4.5 x 1;32.4
MED07;17.5;17.018.0031-A;M2;Escola M. Maria Teixeira de Paula;HALL DAS SALAS;13 x 6 x 1;78
MED07;17.5;17.018.0031-A;M2;Escola M. Maria Teixeira de Paula;HALL DAS SALAS;10 x 3 x 1;30
MED07;17.5;17.018.0031-A;M2;Escola M. Maria Teixeira de Paula;HALL DAS SALAS;10 x 3 x 1;30
MED07;17.5;17.018.0031-A;M2;Escola M. Maria Teixeira de Paula;LABORATÓRIO;11.54 x 7.1 x 1;81.934
MED07;17.5;17.018.0031-A;M2;Escola M. Maria Teixeira de Paula;WC FEM. E MASC.;7.05 x 3.78 x 2;53.298
MED07;17.6;17.018.0185-A;M2;;;;0
MED07;17.7;17.035.0020-A;M2;Escola M. Mônica de Andrade;MURO;354.4 x 1.8 x 0.2;127.584
MED07;17.7;17.035.0020-A;M2;Escola M. Mônica de Andrade;MURO;18.5 x 3.25 x 0.2;12.025
MED07;17.7;17.035.0020-A;M2;Escola M. Maria Teixeira de Paula;;237.15;237.15
MED07;17.7;17.035.0020-A;M2;Escola M. Vereador Pedro Moreira;;215.601;215.601
MED07;17.7;17.035.0020-A;M2;Escola M. João Bento Duarte Neto;MURO INTERNO;132.4 x 0.7 x 1;92.68
MED07;17.7;17.035.0020-A;M2;Escola M. João Bento Duarte Neto;PAREDES EXTERNAS;9 x 0.7 x 1;6.3
MED07;17.7;17.035.0020-A;M2;E.M. Simar Machado/ E.M. Ondina Pinto;MURO;175.3 x 1.95 x 0.03;10.25505
MED07;17.7;17.035.0020-A;M2;E.M. José Luiz de Lemos;MURO;71.1 x 2 x 0.03;4.266
MED07;17.7;17.035.0020-A;M2;E.M. Alberto Jorge;MURO;113 x 2 x 0.05;11.3
MED07;17.8;17.035.0030-A;M2;Escola M. Maria Teixeira de Paula;;91.2;91.2
MED07;17.9;17.040.0021-A;M2;Escola M. Mônica de Andrade;SALAS DE AULA PRÉDIO PRINCIPAL;28.5 x 0.1 x 2;5.7
MED07;17.9;17.040.0021-A;M2;Escola M. Mônica de Andrade;SALAS DE AULA PRÉDIO PRINCIPAL;28.72 x 0.1 x 1;2.872
MED07;17.9;17.040.0021-A;M2;Escola M. Mônica de Andrade;SALAS DE AULA PRÉDIO PRINCIPAL;28.66 x 0.1 x 1;2.866
MED07;17.9;17.040.0021-A;M2;Escola M. Mônica de Andrade;SALAS DE AULA PRÉDIO PRINCIPAL;28.08 x 0.1 x 1;2.808
MED07;17.9;17.040.0021-A;M2;Escola M. Mônica de Andrade;MARCAÇÃO DA QUADRA;18.1 x 13 x 0.1;23.53
MED07;17.9;17.040.0021-A;M2;Escola M. João Bento Duarte Neto;MURO INTERNO;132.4 x 0.07 x 1;9.268
MED07;17.9;17.040.0021-A;M2;Escola M. João Bento Duarte Neto;PAREDES EXTERNAS;9 x 0.07 x 1;0.63
MED07;17.9;17.040.0021-A;M2;Escola M. João Bento Duarte Neto;PAREDES EXTERNAS;15.7 x 0.07 x 1;1.099
MED07;17.9;17.040.0021-A;M2;Escola M. João Bento Duarte Neto;PAREDES EXTERNAS;41.3 x 0.07 x 1;2.891
MED07;17.9;17.040.0021-A;M2;Escola M. João Bento Duarte Neto;PAREDES EXTERNAS;17 x 0.07 x 1;1.19
MED07;17.9;17.040.0021-A;M2;Escola M. João Bento Duarte Neto;PAREDES EXTERNAS;17.7 x 0.07 x 1;1.239
MED07;17.9;17.040.0021-A;M2;Escola M. João Bento Duarte Neto;PAREDES EXTERNAS;15 x 0.07 x 1;1.05
MED07;17.9;17.040.0021-A;M2;Escola M. João Bento Duarte Neto;PAREDES EXTERNAS;4 x 0.07 x 1;0.28
MED07;17.9;17.040.0021-A;M2;Escola M. João Bento Duarte Neto;PAREDES INTERNAS - HALL DE CIRCULAÇÃO;74 x 0.07 x 1;5.18
MED07;17.9;17.040.0021-A;M2;E.M. Simar Machado/ E.M. Ondina Pinto;MURO;175.3 x 0.07 x 1;12.271
MED07;17.9;17.040.0021-A;M2;E.M. José Luiz de Lemos;MURO;71.1 x 0.07 x 1;4.977
MED07;17.9;17.040.0021-A;M2;E.M. Alberto Jorge;MURO;113 x 0.07 x 1;7.91
MED07;17.10;17.040.0024-A;M2;Escola M. Mônica de Andrade;QUADRA;18.1 x 13 x 1;235.3
MED07;18.1;18.002.0010-A;UN;;;;0
MED07;18.2;18.002.0030-A;UN;;;;0
MED07;18.3;18.002.0055-A;UN;;;;0
MED07;18.4;18.002.0065-A;UN;Escola M. João Bento Duarte Neto;1449;2;2
MED07;18.5;18.002.0080-A;UN;IMERO;1646;1;1
MED07;18.6;18.003.0003-A;UN;Escola M. Rosângela Duarte Faria;1562;1;1
MED07;18.7;18.003.0015-A;UN;;;;0
MED07;18.8;18.005.0010-A;UN;;;;0
MED07;18.9;18.005.0012-A;UN;;;;0
MED07;18.10;18.005.0013-A;UN;;;;0
MED07;18.11;18.005.0018-A;UN;IMERO;1646;3;3
MED07;18.11;18.005.0018-A;UN;Escola M. Marinete Coelho Souza;1076;1;1
MED07;18.11;18.005.0018-A;UN;Escola M. João Bento Duarte Neto;1449;2;2
MED07;18.12;18.006.0025-A;UN;;;;0
MED07;18.13;18.006.0050-A;UN;;;;0
MED07;18.14;18.007.0042-A;UN;;;;0
MED07;18.16;18.007.0080-A;UN;Creche M. Maria Rosa Ribeiro Pinheiro;726;1;1
MED07;18.16;18.007.0080-A;UN;Escola M. João Bento Duarte Neto;1448;1;1
MED07;18.17;18.008.0005-A;UN;;;;0
MED07;18.18;18.008.0007-A;UN;;;;0
MED07;18.19;18.009.0058-A;UN;Escola M. Rosângela Duarte Faria;1562;2;2
MED07;18.20;18.009.0074-A;UN;Escola M. Inayá Moraes D'Couto;1472;3;3
MED07;18.21;18.009.0076-A;UN;Escola M. Inayá Moraes D'Couto;1472;1;1
MED07;18.21;18.009.0076-A;UN;Escola M. Marinete Coelho Souza;1076;1;1
MED07;18.22;18.011.0003-A;UN;;;;0
MED07;18.23;18.012.0090-A;UN;;;;0
MED07;18.24;18.013.0106-A;UN;Escola M. Mônica de Andrade Ribeiro;1362;2;2
MED07;18.25;18.013.0109-A;UN;;;;0
MED07;18.26;18.013.0111-A;UN;;;;0
MED07;18.27;18.013.0127-A;UN;IMERO;1646;1;1
MED07;18.27;18.013.0127-A;UN;Escola M. Rosângela Duarte Faria;1562;2;2
MED07;18.27;18.013.0127-A;UN;Escola M. Inayá Moraes D'Couto;1472;1;1
MED07;18.27;18.013.0127-A;UN;Escola M. Marinete Coelho Souza;1406;2;2
MED07;18.28;18.013.0133-A;UN;IMERO;1646;1;1
MED07;18.28;18.013.0133-A;UN;Escola M. Marinete Coelho Souza;1076;1;1
MED07;18.28;18.013.0133-A;UN;Escola M. Inayá Moraes D'Couto;1472;1;1
MED07;18.29;18.013.0156-A;UN;;;;0
MED07;18.30;18.016.0040-A;UN;;;;0
MED07;18.31;18.016.0045-A;M;;;;0
MED07;18.32;18.016.0050-A;M;;;;0
MED07;18.33;18.016.0106-A;UN;;;;0
MED07;18.34;18.017.0020-A;UN;Escola M. Marinete Coelho Souza;1076;1;1
MED07;18.35;18.019.0010-A;UN;;;;0
MED07;18.36;18.021.0030-A;UN;;;;0
MED07;18.37;18.021.0035-A;UN;;;;0
MED07;18.38;18.021.0042-A;UN;;;;0
MED07;18.40;18.027.0045-A;UN;;;;0
MED07;18.41;18.027.0097-A;UN;Creche Dona Lina;1653;5;5
MED07;18.43;18.027.0303-A;UN;SEMEDE;657;6;6
MED07;18.43;18.027.0303-A;UN;Escola M. Rosângela Duarte Faria;1288;10;10
MED07;18.43;18.027.0303-A;UN;Escola M. Rosângela Duarte Faria;1333;10;10
MED07;18.43;18.027.0303-A;UN;Escola M. Senhorinha de Oliveira Gomes;1411;30;30
MED07;18.44;18.027.0305-A;UN;;;;0
MED07;18.46;18.027.0445-A;UN;;;;0
MED07;18.48;18.029.0012-A;UN;;;;0
MED07;18.49;18.082.0020-A;M;;;;0
MED07;18.51;18.200.0001-A;PAR;;;;0
MED07;18.52;18.200.0002-A;PAR;;;;0
MED07;18.53;18.200.0004-A;PAR;;;;0
MED07;18.54;18.200.0005-A;PAR;;;;0
MED07;18.55;18.200.0015-A;PAR;;;;0
MED07;18.56;18.200.0020-A;UN;;;;0
MED08;A.2;20069;H;;;1 x 88 x 1;88
MED08;A.4;20155;H;;;1 x 176 x 1;176
MED08;A.5;20143;H;;;1 x 176 x 1;176
MED08;A.7;20146;H;;;1 x 176 x 1;176
MED08;A.9;20008;H;;;1 x 176 x 1;176
MED08;A.12;19.004.0001-C;H;CAMINHÃO;1;176 x 1;176
MED08;A.12;19.004.0001-C;H;KOMBI;1;176 x 1;176
MED08;A.15;19.004.0040-C;H;;;4 x 176 x 1;704
MED08;A.16;19.004.0046-C;H;;;3 x 176 x 1;528
MED08;1.1;20039;H;;;3 x 176 x 1;528
MED08;1.2;20060;H;;;6 x 176 x 1;1056
MED08;1.3;20115;H;;;6 x 176 x 1;1056
MED08;1.4;20131;H;;;1 x 176 x 1;176
MED08;1.5;20132;H;;;18 x 176 x 1;3168
MED08;3.1;03.001.0001-B;M3;CAMPO GILBERTO CABRAL;SAPATAS;0.8 x 0.8 x 0.5 x 36;11.52
MED08;3.1;03.001.0001-B;M3;CAMPO GILBERTO CABRAL;BALDRAME;80 x 0.5 x 0.5 x 1;20
MED08;3.1;03.001.0001-B;M3;CAMPO GILBERTO CABRAL;VALAS P/ HIDRÁULICA;82.01 x 0.5 x 0.5 x 1;20.5025
MED08;3.1;03.001.0001-B;M3;CAMPO GILBERTO CABRAL;VALAS P/ ELÉTRICA;262.97 x 0.5 x 0.5 x 1;65.7425
MED08;3.1;03.001.0001-B;M3;CAMPO GILBERTO CABRAL;SAPATAS WC PNE;0.6 x 0.6 x 0.5 x 4;0.72
MED08;3.1;03.001.0001-B;M3;ESCAVAÇÃO COM RETROESCAVADEIRA;ADEQUAÇÃO DO TERRENO;54.9 x 22.03 x 0.4 x 1;483.7788
MED08;3.1;03.001.0001-B;M3;E.M ROCHA LEÃO;LIMPEZA EM CAIXA RALO;0.9 x 0.3 x 0.5 x 2;0.27
MED08;3.1;03.001.0001-B;M3;E.M. ERNESTINA JORGE PEREIRA;1791;1 x 1 x 1 x 1;1
MED08;3.1;03.001.0001-B;M3;E.M. ERNESTINA JORGE PEREIRA;1791;0.6 x 0.6 x 0.6 x 3;0.648
MED08;3.1;03.001.0001-B;M3;E.M. ERNESTINA JORGE PEREIRA;1791;48 x 0.2 x 0.2 x 1;1.92
MED08;3.1;03.001.0001-B;M3;Escola M. Ondina Pinto Marcondes;1041;1.2 x 1.2 x 0.8 x 2;2.304
MED08;3.1;03.001.0001-B;M3;Escola M. Ondina Pinto Marcondes;1041;4 x 0.3 x 0.6 x 1;0.72
MED08;3.1;03.001.0001-B;M3;E.M. PROFª ROSÂNGELA DUARTE;1766;6 x 0.3 x 0.6 x 1;1.08
MED08;3.1;03.001.0001-B;M3;Escola M. Pedro Moreira dos Santos;1372;6 x 0.3 x 0.6 x 1;1.08
MED08;3.1;03.001.0001-B;M3;Escola M. Pedro Moreira dos Santos;1375;6 x 0.3 x 0.6 x 1;1.08
MED08;3.1;03.001.0001-B;M3;Estádio Emília Rosa Guimarães;1531;0.3 x 0.3 x 0.5 x 7;0.315
MED08;3.2;03.010.0024-A;M3;Escola M. Pedro Moreira dos Santos;1372;6 x 0.3 x 0.6 x 1;1.08
MED08;3.2;03.010.0024-A;M3;Escola M. Pedro Moreira dos Santos;1375;6 x 0.3 x 0.6 x 1;1.08
MED08;3.2;03.010.0024-A;M3;Escola M. Alberto Jorge;1739;1 x 0.5 x 1 x 1;0.5
MED08;3.2;03.010.0024-A;M3;CAMPO GILBERTO CABRAL;SAPATAS;0.2 x 0.2 x 0.1 x 36;0.144
MED08;3.2;03.010.0024-A;M3;CAMPO GILBERTO CABRAL;BALDRAME;80 x 0.2 x 0.2 x 1;3.2
MED08;3.2;03.010.0024-A;M3;CAMPO GILBERTO CABRAL;VALAS P/ HIDRÁULICA;82.01 x 0.2 x 0.2 x 1;3.2804
MED08;3.2;03.010.0024-A;M3;CAMPO GILBERTO CABRAL;VALAS P/ ELÉTRICA;262.97 x 0.3 x 0.3 x 1;23.6673
MED08;3.2;03.010.0024-A;M3;E.M ROCHA LEÃO;RAMPA;8.9 x 1.25 x 0.3 x 1;3.3375
MED08;3.3;03.009.0080-A;M3;Escola M. Pedro Moreira dos Santos;1372;6 x 0.3 x 0.6 x 1;1.08
MED08;3.3;03.009.0080-A;M3;Escola M. Pedro Moreira dos Santos;1375;6 x 0.3 x 0.6 x 1;1.08
MED08;3.3;03.009.0080-A;M3;CAMPO GILBERTO CABRAL;SAPATAS;0.8 x 0.2 x 0.1 x 36;0.016
MED08;3.3;03.009.0080-A;M3;CAMPO GILBERTO CABRAL;BALDRAME;80 x 0.2 x 0.2 x 1;3.2
MED08;3.3;03.009.0080-A;M3;CAMPO GILBERTO CABRAL;VALAS P/ HIDRÁULICA;82.01 x 0.2 x 0.2 x 1;3.2804
MED08;3.3;03.009.0080-A;M3;CAMPO GILBERTO CABRAL;VALAS P/ ELÉTRICA;262.97 x 0.3 x 0.3 x 1;23.6673
MED08;3.3;03.009.0080-A;M3;E.M ROCHA LEÃO;RAMPA;8.9 x 1.25 x 0.3 x 1;3.3375
MED08;3.4;03.011.0015-B;M3;Escola M. Pedro Moreira dos Santos;1372;6 x 0.3 x 0.6 x 1;1.08
MED08;3.4;03.011.0015-B;M3;Escola M. Pedro Moreira dos Santos;1375;6 x 0.3 x 0.6 x 1;1.08
MED08;3.4;03.011.0015-B;M3;CAMPO GILBERTO CABRAL;SAPATAS;0.8 x 0.2 x 0.1 x 36;0.016
MED08;3.4;03.011.0015-B;M3;CAMPO GILBERTO CABRAL;BALDRAME;80 x 0.2 x 0.2 x 1;3.2
MED08;3.4;03.011.0015-B;M3;CAMPO GILBERTO CABRAL;VALAS P/ HIDRÁULICA;82.01 x 0.2 x 0.2 x 1;3.2804
MED08;3.4;03.011.0015-B;M3;CAMPO GILBERTO CABRAL;VALAS P/ ELÉTRICA;262.97 x 0.3 x 0.3 x 1;23.6673
MED08;3.4;03.011.0015-B;M3;E.M ROCHA LEÃO;RAMPA;8.9 x 1.25 x 0.3 x 1;3.3375
MED08;4.2;04.005.0120-A;T X KM;;;7 x 8 x 10 x 22;12320
MED08;4.3;04.006.0013-B;T;;;0.1 x 4;0
MED08;4.4;04.006.0008-B;T;CAMPO GILBERTO CABRAL;;8 x 40;320
MED08;4.4;04.006.0008-B;T;E.M. PROFª AMÉRICA ABDALLA;1759;1.5 x 0.17;0.255
MED08;4.4;04.006.0008-B;T;Escola M. Alberto Jorge;1739;1.5 x 0.9;1.35
MED08;4.6;04.020.0122-A;M2XKM;;;0 + 0 + 0;0
MED08;4.7;04.021.0010-A;M2;;;0 + 0 + 0;0
MED08;5.1;05.001.0001-A;M3;Escola M. Padre José Dilson Dórea;1246;10 x 0.025 x 0.5;0.125
MED08;5.1;05.001.0001-A;M3;E.M. ERNESTINA JORGE PEREIRA;1791;4 x 0.3 x 0.7;0.84
MED08;5.2;05.001.0002-B;M3;CAMPO GILBERTO CABRAL;MURETA;179.4 x 0.4 x 0.19;13.63
MED08;5.2;05.001.0002-B;M3;CAMPO GILBERTO CABRAL;MURETA;2.5 x 0.3 x 0.19;0.14
MED08;5.3;05.001.0008-A;M2;E.M ROCHA LEÃO;;16 x 0.2 x 1;3.2
MED08;5.4;05.001.0009-A;M2;CAMPO GILBERTO CABRAL;VESTIÁRIO 01;19.34 x 2.5;48.35
MED08;5.4;05.001.0009-A;M2;CAMPO GILBERTO CABRAL;VESTIÁRIO 02;17.34 x 2.5;43.35
MED08;5.4;05.001.0009-A;M2;CAMPO GILBERTO CABRAL;WC ÁRBITRO;8.072 x 2.5;20.18
MED08;5.4;05.001.0009-A;M2;Creche Dona Cota;391;3.5 x 2;7
MED08;5.5;05.001.0011-A;M2;;;;0
MED08;5.6;05.001.0014-A;M2;CAMPO GILBERTO CABRAL;VESTIÁRIO 01;19.34 x 2.5;48.35
MED08;5.6;05.001.0014-A;M2;CAMPO GILBERTO CABRAL;VESTIÁRIO 02;17.34 x 2.5;43.35
MED08;5.6;05.001.0014-A;M2;CAMPO GILBERTO CABRAL;WC ÁRBITRO;8.072 x 2.5;20.18
MED08;5.6;05.001.0014-A;M2;CAMPO GILBERTO CABRAL;WC ADM.;2 x 2.85;5.7
MED08;5.6;05.001.0014-A;M2;CAMPO GILBERTO CABRAL;LAVATÓRIO WC ADM.;2 x 1.5;3
MED08;5.6;05.001.0014-A;M2;Creche Dona Cota;391;3.5 x 2;7
MED08;5.7;05.001.0015-A;M2;CAMPO GILBERTO CABRAL;COZINHA;4 x 3.5;14
MED08;5.7;05.001.0015-A;M2;CAMPO GILBERTO CABRAL;ADMINISTRAÇÃO;4.85 x 3.5;16.975
MED08;5.7;05.001.0015-A;M2;CAMPO GILBERTO CABRAL;ALMOXARIFADO;3.85 x 3.5;13.475
MED08;5.7;05.001.0015-A;M2;CAMPO GILBERTO CABRAL;WC;3.5 x 1.35;4.725
MED08;5.7;05.001.0015-A;M2;CAMPO GILBERTO CABRAL;VARANDA;6.2 x 4.9;30.38
MED08;5.7;05.001.0015-A;M2;CAMPO GILBERTO CABRAL;RECEPÇÃO;6.1 x 2.15;13.115
MED08;5.7;05.001.0015-A;M2;CAMPO GILBERTO CABRAL;DEPÓSITO;3.15 x 2;6.3
MED08;5.7;05.001.0015-A;M2;CAMPO GILBERTO CABRAL;WC FUNC;2 x 1.7;3.4
MED08;5.7;05.001.0015-A;M2;CAMPO GILBERTO CABRAL;WC MASC.;2 x 2;4
MED08;5.7;05.001.0015-A;M2;CAMPO GILBERTO CABRAL;WC FEM.;2 x 1.5;3
MED08;5.7;05.001.0015-A;M2;CAMPO GILBERTO CABRAL;VESTIÁRIO 01;6.17 x 3.5;21.595
MED08;5.7;05.001.0015-A;M2;CAMPO GILBERTO CABRAL;VESTIÁRIO 02;5.17 x 3.5;18.095
MED08;5.7;05.001.0015-A;M2;CAMPO GILBERTO CABRAL;WC ÁRBITRO;1.536 x 2.5;3.84
MED08;5.7;05.001.0015-A;M2;CAMPO GILBERTO CABRAL;HALL;2.55 x 2.5;6.375
MED08;5.7;05.001.0015-A;M2;CAMPO GILBERTO CABRAL;VARANDA;10.1 x 1.2;12.12
MED08;5.7;05.001.0015-A;M2;Escola M. Fazendas Reunidas Atlântica;1314;1.2 x 1.6;1.92
MED08;5.7;05.001.0015-A;M2;Escola M. Simar Machado Sodré;6;0.6 x 1.48;0.888
MED08;5.7;05.001.0015-A;M2;Escola M. Fazendas Reunidas Atlântica;598;0.77 x 0.56;0.4312
MED08;5.7;05.001.0015-A;M2;Escola M. Elson Pinheiro;843;2 x 1.5;3
MED08;5.7;05.001.0015-A;M2;Escola M. Padre José Dilson Dórea;1246;2.25 x 2.25;5.0625
MED08;5.7;05.001.0015-A;M2;Escola M. João Bento Duarte Neto;1180;3 x 0.5;1.5
MED08;5.8;05.001.0021-A;M2;;;;0
MED08;5.9;05.001.0023-A;M3;CAMPO GILBERTO CABRAL;MURETA;179.4 x 0.6 x 0.19 x 1;20.4516
MED08;5.9;05.001.0023-A;M3;CAMPO GILBERTO CABRAL;PAREDE;2 x 2.85 x 0.19 x 4;4.332
MED08;5.9;05.001.0023-A;M3;CAMPO GILBERTO CABRAL;MURETA PIA;0.6 x 0.9 x 0.19 x 3;0.3078
MED08;5.9;05.001.0023-A;M3;CAMPO GILBERTO CABRAL;VÃO P/ PORTA;0.8 x 2.1 x 0.19 x 1;0.3192
MED08;5.9;05.001.0023-A;M3;CAMPO GILBERTO CABRAL;MURETA;2.5 x 1.2 x 0.19 x 1;0.57
MED08;5.9;05.001.0023-A;M3;E.M ROCHA LEÃO;ABERTURA DE VÃO P/ PORTA;0.9 x 2.1 x 0.19 x 1;0.3591
MED08;5.9;05.001.0023-A;M3;Escola M. Ondina Pinto Marcondes;1041;4 x 2.2 x 0.3 x 1;2.64
MED08;5.10;05.001.0024-A;M3;;;0.2 x 2.9;0
MED08;5.12;05.001.0040-A;M2;;;;0
MED08;5.13;05.001.0041-A;M2;;;;0
MED08;5.14;05.001.0043-A;M2;PRAÇA DE SKATE;TELHADO;3.6 x 2.7 x 1;9.72
MED08;5.14;05.001.0043-A;M2;CAMPO GILBERTO CABRAL;TELHADO VESTIÁRIO;0.5 x 0.19 x 30;2.85
MED08;5.14;05.001.0043-A;M2;CAMPO GILBERTO CABRAL;TELHADO ALMOXARIFADO;3.5 x 1.5 x 1;5.25
MED08;5.14;05.001.0043-A;M2;Escola M. Ondina Pinto Marcondes;1041;4 x 2.45 x 1;9.8
MED08;5.14;05.001.0043-A;M2;Escola M. João Bento Duarte Neto;1460;3.2 x 1.5 x 1;4.8
MED08;5.14;05.001.0043-A;M2;Escola M. Fazenda da Praia;1622;1.2 x 2 x 1;2.4
MED08;5.14;05.001.0043-A;M2;Creche M. Maria Rosa Ribeiro Pinheiro;1230;1.5 x 2 x 1;3
MED08;5.14;05.001.0043-A;M2;Escola M. Henrique Sarzedas;1736;3 x 4 x 1;12
MED08;5.16;05.001.0055-A;M2;E.M ROCHA LEÃO;PAREDE;1.7 x 2 x 1;3.4
MED08;5.16;05.001.0055-A;M2;E.M ROCHA LEÃO;PAREDE;1.55 x 0.9 x 1;1.4
MED08;5.16;05.001.0055-A;M2;E.M ROCHA LEÃO;PAREDE;1.45 x 0.9 x 1;1.31
MED08;5.16;05.001.0055-A;M2;Escola M. Padre José Dilson Dórea;429;456 x 0.6 x 1;273.6
MED08;5.17;05.001.0063-A;M2;PRAÇA DE SKATE;;8.1 x 4.8 x 1;38.88
MED08;5.17;05.001.0063-A;M2;CAMPO GILBERTO CABRAL;TELHADO VESTIÁRIO;10.1 x 7.68 x 0.4;31.0272
MED08;5.17;05.001.0063-A;M2;Escola M. Fazenda da Praia;1622;25 x 0.4 x 1;10
MED08;5.17;05.001.0063-A;M2;Escola M. Henrique Sarzedas;1736;15 x 0.2 x 1;3
MED08;5.17;05.001.0063-A;M2;Escola M. Henrique Sarzedas;1736;2 x 3 x 1;6
MED08;5.17;05.001.0063-A;M2;Escola M. Padre José Dilson Dórea;292;15 x 0.2 x 1;3
MED08;5.18;05.001.0071-A;M;CAMPO GILBERTO CABRAL;PORTA DE ENTRADA QUIOSQUE;1 x 1;1
MED08;5.18;05.001.0071-A;M;CAMPO GILBERTO CABRAL;PORTA DE ENTRADA QUIOSQUE;1 x 1;1
MED08;5.19;05.001.0074-A;M2;Escola M. Mônica de Andrade Ribeiro;1271;6 x 4;24
MED08;5.19;05.001.0074-A;M2;Creche M. Valdira Flausino Rodrigues;1552;6 x 0.6;3.6
MED08;5.19;05.001.0074-A;M2;E.M. PROFª AMÉRICA ABDALLA;1759;6 x 9;54
MED08;5.20;05.001.0134-A;UN;PRAÇA DE SKATE;PORTA;1;1
MED08;5.20;05.001.0134-A;UN;CAMPO GILBERTO CABRAL;JANELA;1;1
MED08;5.20;05.001.0134-A;UN;CAMPO GILBERTO CABRAL;PORTA;15;15
MED08;5.20;05.001.0134-A;UN;E.M ROCHA LEÃO;PORTA;1;1
MED08;5.20;05.001.0134-A;UN;Escola M. Rosangela Duarte;679;1;1
MED08;5.20;05.001.0134-A;UN;CEMADA;1845;1;1
MED08;5.20;05.001.0134-A;UN;E.M. JOSÉ DE OLIVEIRA MARTINS;1836;1;1
MED08;5.20;05.001.0134-A;UN;Escola M. Inayá Moraes D'Couto;1471;1;1
MED08;5.20;05.001.0134-A;UN;Escola M. Padre José Dilson Dórea;296;2;2
MED08;5.20;05.001.0134-A;UN;Escola M. Senhorinha de Oliveira Gomes;1053;2;2
MED08;5.20;05.001.0134-A;UN;Escola M. Solange Viana;1098;2;2
MED08;5.20;05.001.0134-A;UN;Escola M. Ondina Pinto Marcondes;1041;1;1
MED08;5.20;05.001.0134-A;UN;Escola M. Fazendas Reunidas Atlântica;1313;1;1
MED08;5.20;05.001.0134-A;UN;Creche Dona Lina;1208;1;1
MED08;5.23;05.001.0144-A;UN;E.M ROCHA LEÃO;;6;6
MED08;5.23;05.001.0144-A;UN;Creche M. Maria Rosa R. Pinheiro (Tia Didi);L41 - EMERGÊNCIAL;2;2
MED08;5.23;05.001.0144-A;UN;Escola M. América Abdalla;M18 - EMERGÊNCIAL;10;10
MED08;5.23;05.001.0144-A;UN;Escola M. Nadir da Silva Salvador;L31 - EMERGÊNCIAL;6;6
MED08;5.23;05.001.0144-A;UN;Escola M. José de Oliveira Martins;L17 - EMERGÊNCIAL;18;18
MED08;5.24;05.001.0145-A;UN;CAMPO GILBERTO CABRAL;VASO SANITÁRIOS;10;10
MED08;5.24;05.001.0145-A;UN;CAMPO GILBERTO CABRAL;MICTÓRIO INOX;1;1
MED08;5.24;05.001.0145-A;UN;Escola M. Simar Machado Sodré;1732;1;1
MED08;5.24;05.001.0145-A;UN;Escola M. Rosângela Duarte Faria;1092;1;1
MED08;5.24;05.001.0145-A;UN;E.M. FAZENDA DA PRAIA;1815;1;1
MED08;5.24;05.001.0145-A;UN;Escola M. Pedro Moreira dos Santos (Desentupimento de vaso);M17 - EMERGÊNCIAL;1;1
MED08;5.24;05.001.0145-A;UN;Escola M. Senhorinha de Oliveira Gomes (Desentupimento vaso);L36 - EMERGÊNCIAL;1;1
MED08;5.24;05.001.0145-A;UN;Escola M. Simar Machado Sodré;L28 - EMERGÊNCIAL;1;1
MED08;5.25;05.001.0146-A;M;CAMPO GILBERTO CABRAL;ADM.;2;2
MED08;5.25;05.001.0146-A;M;CAMPO GILBERTO CABRAL;WC ADM.;2;2
MED08;5.25;05.001.0146-A;M;Estádio Emília Rosa Guimarães;1538;1;1
MED08;5.25;05.001.0146-A;M;Escola M. Mônica de Andrade Ribeiro;1988;1;1
MED08;5.29;05.005.0012-B;M2;;;0 + 0 + 0;0
MED08;5.30;05.006.0001-B;M2XMES;GILBERTO CABRAL;;15 x 3;45
MED08;5.30;05.006.0001-B;M2XMES;ROCHA LEÃO;;15 x 3;45
MED08;5.30;05.006.0001-B;M2XMES;CRECHE DONA LINA;;10 x 3;30
MED08;5.30;05.006.0001-B;M2XMES;CRECHE MARIA ROSA;;10 x 3;30
MED08;5.30;05.006.0001-B;M2XMES;PRAÇA DE SKATE;;10 x 3;30
MED08;5.30;05.006.0001-B;M2XMES;E.M. PAULO PINHEIRO;;10 x 3;30
MED08;5.31;05.008.0001-A;M2;GILBERTO CABRAL;;15 x 3;45
MED08;5.31;05.008.0001-A;M2;ROCHA LEÃO;;15 x 3;45
MED08;5.31;05.008.0001-A;M2;CRECHE DONA LINA;;10 x 3;30
MED08;5.31;05.008.0001-A;M2;CRECHE MARIA ROSA;;10 x 3;30
MED08;5.31;05.008.0001-A;M2;PRAÇA DE SKATE;;10 x 3;30
MED08;5.31;05.008.0001-A;M2;E.M. PAULO PINHEIRO;;10 x 3;30
MED08;6.1;06.001.0242-A;M;CAMPO GILBERTO CABRAL;;40;40
MED08;6.1;06.001.0242-A;M;E.M. ERNESTINA JORGE PEREIRA;1791;48;48
MED08;6.2;06.001.0243-A;M;;;;0
MED08;6.10;06.272.0002-A;M;CAMPO GILBERTO CABRAL;;40;40
MED08;6.10;06.272.0002-A;M;E.M. ERNESTINA JORGE PEREIRA;1791;48;48
MED08;6.11;06.272.0003-A;M;;;;0
MED08;6.14;06.272.0021-A;UN;CAMPO GILBERTO CABRAL;;7;7
MED08;6.14;06.272.0021-A;UN;E.M. ERNESTINA JORGE PEREIRA;1791;9;9
MED08;6.14;06.272.0021-A;UN;E.M. PROFª AMÉRICA ABDALLA;1759;8;8
MED08;6.15;06.272.0022-A;UN;;;;0
MED08;6.16;06.272.0026-A;UN;;;;0
MED08;6.17;06.272.0027-A;UN;;;;0
MED08;6.18;06.272.0029-A;UN;E.M. PROFª AMÉRICA ABDALLA;1759;12;12
MED08;6.19;06.272.0030-A;UN;PRAÇA DO SKATE;LIMPEZA DE REDE DE DRENAGEM;22;22
MED08;6.20;06.272.0032-A;UN;;;;0
MED08;6.21;06.272.0035-A;UN;;;;0
MED08;6.22;06.272.0038-A;UN;Escola M. Rosangela Duarte;79;5;5
MED08;6.22;06.272.0038-A;UN;E.M. MONICA DE ANDRADE RIBEIRO;1767;1;1
MED08;6.22;06.272.0038-A;UN;Escola M. Rosangela Duarte;L02 - EMERGÊNCIAL;2;2
MED08;6.23;06.272.0039-A;UN;Escola M. Nilton Balthazar;1660;1;1
MED08;8.5;08.020.0022-A;M2;PRAÇA DE SKATE;INTERTRAVADO;44.2 x 0.4;17.68
MED08;8.5;08.020.0022-A;M2;E.M ROCHA LEÃO;;8.5 x 3;25.5
MED08;8.5;08.020.0022-A;M2;E.M. ERNESTINA JORGE PEREIRA;1791;4 x 0.3;1.2
MED08;8.5;08.020.0022-A;M2;E.M. PROFª AMÉRICA ABDALLA;1759;1.2 x 1.7;2.04
MED08;8.5;08.020.0022-A;M2;Escola M. Alberto Jorge;1739;3 x 3;9
MED08;8.6;08.027.0037-A;M;;;;0
MED08;9.3;09.015.0040-A;M2;E.M ARI GOMES;ALAMBRADO;100 x 3.4 x 0.15;51
MED08;9.3;09.015.0040-A;M2;PRAÇA DE SKATE;;115 x 2.3 x 0.1;26.45
MED08;9.3;09.015.0040-A;M2;E.M ROCHA LEÃO;;1.1 x 0.7 x 3;2.31
MED08;9.4;09.015.0050-A;M2;;;;0
MED08;9.5;09.015.0200-A;M2;;;;0
MED08;11.1;11.003.0002-A;M3;PRAÇA DE SKATE;RAMPAS DE MANOBRAS;6 x 0.4 x 0.07 x 1;0.168
MED08;11.1;11.003.0002-A;M3;CAMPO GILBERTO CABRAL;MURO ENCHIMENTO DE BLOCO;19.4 x 1.5 x 0.2 x 1;5.82
MED08;11.1;11.003.0002-A;M3;CAMPO GILBERTO CABRAL;MURO ENCHIMENTO DE BLOCO;4.92 x 2.7 x 0.2 x 1;2.6568
MED08;11.1;11.003.0002-A;M3;CAMPO GILBERTO CABRAL;PISO WC PNE;4.17 x 3.8 x 0.1 x 1;1.5846
MED08;11.1;11.003.0002-A;M3;CAMPO GILBERTO CABRAL;PISO WC PNE;3.96 x 4.91 x 0.1 x 1;1.94436
MED08;11.1;11.003.0002-A;M3;E.M ROCHA LEÃO;CALÇADA;8.36 x 1.4 x 0.07 x 1;0.82
MED08;11.1;11.003.0002-A;M3;E.M ROCHA LEÃO;CALÇADA;0.48 x 1.7 x 0.1 x 4;0.33
MED08;11.1;11.003.0002-A;M3;E.M ROCHA LEÃO;ENCHIMENTO DE BLOCO;0.65 x 1.8 x 0.19 x 1;0.22
MED08;11.1;11.003.0002-A;M3;E.M. ERNESTINA JORGE PEREIRA;1791;4 x 0.3 x 0.7 x 1;0.84
MED08;11.1;11.003.0002-A;M3;Escola M. Padre José Dilson Dórea;1246;10 x 0.025 x 0.5 x 1;0.125
MED08;11.1;11.003.0002-A;M3;Escola M. João Bento Duarte Neto;1180;3 x 0.1 x 0.5 x 1;0.15
MED08;11.1;11.003.0002-A;M3;E.M. PROFª ROSÂNGELA DUARTE;1766;6 x 0.3 x 0.6 x 1;1.08
MED08;11.1;11.003.0002-A;M3;Estádio Emília Rosa Guimarães;1531;0.3 x 0.3 x 0.5 x 7;0.315
MED08;11.2;11.004.0022-B;M2;Escola M. Ondina Pinto Marcondes;1041;1 x 1 x 4 x 2;8
MED08;11.3;11.013.0075-A;M3;PRAÇA DE SKATE;CALÇADAS;6.6 x 1.8 x 0.07 x 1;0.83
MED08;11.3;11.013.0075-A;M3;PRAÇA DE SKATE;CALÇADAS;1.8 x 17.8 x 0.07 x 1;2.24
MED08;11.3;11.013.0075-A;M3;PRAÇA DE SKATE;CALÇADAS;4.4 x 1.3 x 0.07 x 1;0.4
MED08;11.3;11.013.0075-A;M3;PRAÇA DE SKATE;CALÇADAS;1.5 x 2.1 x 0.07 x 1;0.22
MED08;11.3;11.013.0075-A;M3;PRAÇA DE SKATE;CALÇADAS;1.6 x 3.2 x 0.07 x 1;0.36
MED08;11.3;11.013.0075-A;M3;PRAÇA DE SKATE;CALÇADAS;3.9 x 1.5 x 0.07 x 1;0.41
MED08;11.3;11.013.0075-A;M3;CAMPO GILBERTO CABRAL;SAPATAS;0.6 x 0.6 x 0.5 x 36;6.48
MED08;11.3;11.013.0075-A;M3;CAMPO GILBERTO CABRAL;BALDRAME;80 x 0.2 x 0.3 x 1;4.8
MED08;11.3;11.013.0075-A;M3;CAMPO GILBERTO CABRAL;CINTA;80 x 0.2 x 0.1 x 1;1.6
MED08;11.3;11.013.0075-A;M3;CAMPO GILBERTO CABRAL;PILARES;2.7 x 0.3 x 0.2 x 8;1.3
MED08;11.3;11.013.0075-A;M3;CAMPO GILBERTO CABRAL;PILARES;1.2 x 0.3 x 0.2 x 28;2.02
MED08;11.3;11.013.0075-A;M3;CAMPO GILBERTO CABRAL;SAPATAS WC PNE;0.6 x 0.6 x 0.5 x 4;0.72
MED08;11.3;11.013.0075-A;M3;CAMPO GILBERTO CABRAL;BALDRAME WC PNE;15.34 x 0.2 x 0.3 x 4;3.68
MED08;11.3;11.013.0075-A;M3;CAMPO GILBERTO CABRAL;CINTA WC PNE;15.34 x 0.2 x 0.2 x 4;2.45
MED08;11.3;11.013.0075-A;M3;CAMPO GILBERTO CABRAL;PILARES WC PNE;2.7 x 0.3 x 0.2 x 4;0.65
MED08;11.3;11.013.0075-A;M3;CAMPO GILBERTO CABRAL;LAJE WC PNE;4.17 x 3.8 x 0.1 x 1;1.58
MED08;11.3;11.013.0075-A;M3;CAMPO GILBERTO CABRAL;PISO WC PNE;4.17 x 3.8 x 0.1 x 1;1.58
MED08;11.3;11.013.0075-A;M3;CAMPO GILBERTO CABRAL;PISO ENTRADA DO QUIOSQUE;4.92 x 4.92 x 0.1 x 0.5;1.21
MED08;11.3;11.013.0075-A;M3;E.M ROCHA LEÃO;RAMPA;8.9 x 1.25 x 0.07 x 1;0.78
MED08;11.3;11.013.0075-A;M3;E.M. HERIQUE SARZEDAS;LAJE BALCÃO;1.6 x 0.75 x 0.07 x 1;0.08
MED08;11.3;11.013.0075-A;M3;Escola M. Ondina Pinto Marcondes;1041;1 x 1 x 0.3 x 2;0.6
MED08;11.3;11.013.0075-A;M3;Escola M. Ondina Pinto Marcondes;1041;4 x 0.15 x 0.3 x 1;0.18
MED08;11.3;11.013.0075-A;M3;Escola M. Francisco de Assis Medeiros Rangel;650;0.75 x 0.75 x 0.1 x 1;0.06
MED08;11.6;11.023.0002-A;KG;;;0 + 0 + 0 + 0;0
MED08;11.7;11.025.0006-A;M3;;;0.15;0
MED08;11.8;11.025.0012-A;M3;;;0.15;0
MED08;11.9;11.030.0080-A;M2;GILBERTO CABRAL;LAJE WC PNE;4.17 x 3.8 x 1;15.85
MED08;11.10;11.050.0001-B;M3XMES;GILBERTO CABRAL;LAJE WC PNE;4.17 x 3.8 x 2.95 x 1;46.7457
MED08;11.11;11.055.0001-B;M3;GILBERTO CABRAL;LAJE WC PNE;4.17 x 3.8 x 2.95 x 1;46.7457
MED08;12.1;12.002.0015-A;M2;ROCHA LEÃO PÁTIO;ASSENTAMENTO DE PEDRAS;6 x 4 x 1;20
MED08;12.2;12.003.0075-B;M2;CAMPO GILBERTO CABRAL;MURO;75 x 1.2 x 1;90
MED08;12.2;12.003.0075-B;M2;CAMPO GILBERTO CABRAL;WC PNE;15.94 x 2.95 x 1;47.02
MED08;12.2;12.003.0075-B;M2;CAMPO GILBERTO CABRAL;PAREDE WC ADM;2 x 2.85 x 2;11.4
MED08;12.2;12.003.0075-B;M2;CAMPO GILBERTO CABRAL;FECHAMENTO DE VÃO (PORTA);0.7 x 2.1 x 1;1.47
MED08;12.2;12.003.0075-B;M2;CAMPO GILBERTO CABRAL;FECHAMENTO DE VÃO NO MURO;2 x 0.6 x 1;1.2
MED08;12.2;12.003.0075-B;M2;CAMPO GILBERTO CABRAL;FECHAMENTO LATERAL BANCO RESERVA;1 x 2 x 4;8
MED08;12.2;12.003.0075-B;M2;E.M. HERIQUE SARZEDAS;BALCÃO;2.3 x 0.8 x 1;1.84
MED08;12.2;12.003.0075-B;M2;Escola M. Mônica de Andrade Ribeiro;1269;1 x 2.3 x 1;2.3
MED08;12.2;12.003.0075-B;M2;Escola M. Ondina Pinto Marcondes;1041;4 x 2.2 x 1;8.8
MED08;12.3;12.005.0030-A;M2;PRAÇA DE SKATE;RAMPA DE MANOBRA;6 x 0.8 x 1;4.8
MED08;12.3;12.005.0030-A;M2;CAMPO GILBERTO CABRAL;MURO ENTRADA LATERAL DIREITA E ESQUERDA;9.7 x 1.5 x 2;29.1
MED08;12.3;12.005.0030-A;M2;CAMPO GILBERTO CABRAL;COMPLEMENTO DO MURO ENTRADA LATERAL DIREITA E ESQUERDA;2.46 x 2.7 x 2;13.28
MED08;12.3;12.005.0030-A;M2;E.M ROCHA LEÃO;RAMPA;8.9 x 0.6 x 1;5.34
MED08;12.3;12.005.0030-A;M2;E.M ROCHA LEÃO;PAREDE;5.1 x 1.2 x 1;6.12
MED08;12.3;12.005.0030-A;M2;E.M ROCHA LEÃO;MURETA;8.7 x 0.2 x 1;1.74
MED08;12.3;12.005.0030-A;M2;E.M ROCHA LEÃO;MURETA;0.65 x 1.8 x 1;1.17
MED08;12.3;12.005.0030-A;M2;E.M. HERIQUE SARZEDAS;DEGRAUS;0.8 x 0.17 x 4;0.54
MED08;12.3;12.005.0030-A;M2;Escola M. Fany Batista Esteves;1877;3 x 3 x 1;9
MED08;12.3;12.005.0030-A;M2;Escola M. Alberto Jorge;1739;2.4 x 0.25 x 1;0.6
MED08;12.4;12.016.0004-A;M2;CAMPO GILBERTO CABRAL;PAREDE;3.5 x 2.85 x 1;9.98
MED08;12.4;12.016.0004-A;M2;E.M ROCHA LEÃO;PAREDE;1.7 x 2 x 2;6.8
MED08;12.4;12.016.0004-A;M2;E.M ROCHA LEÃO;PAREDE;1.55 x 0.9 x 2;2.79
MED08;12.4;12.016.0004-A;M2;E.M ROCHA LEÃO;PAREDE;1.45 x 0.9 x 2;2.61
MED08;12.4;12.016.0004-A;M2;Escola M. Senhorinha de Oliveira Gomes;712;20 x 0.8 x 1;16
MED08;12.4;12.016.0004-A;M2;CEMADA;1777;12.95 x 2.75 x 1;35.61
MED08;12.4;12.016.0004-A;M2;Escola M. Mônica de Andrade Ribeiro;1277;1.85 x 2.75 x 1;5.09
MED08;12.4;12.016.0004-A;M2;Escola M. Padre José Dilson Dórea;1402;3.7 x 2.75 x 1;10.18
MED08;12.5;12.016.0010-A;M2;;;;0
MED08;12.6;12.016.0024-A;M2;;;;0
MED08;13.1;13.001.0010-B;M2;CAMPO GILBERTO CABRAL;MURO;75 x 1.2 x 2;180
MED08;13.1;13.001.0010-B;M2;CAMPO GILBERTO CABRAL;MURO ENTRADA LATERAL DIREITA E ESQUERDA;19.4 x 1.5 x 2;58.2
MED08;13.1;13.001.0010-B;M2;CAMPO GILBERTO CABRAL;COMPLEMENTO DO MURO ENTRADA LATERAL DIREITA E ESQUERDA;4.92 x 2.7 x 2;26.57
MED08;13.1;13.001.0010-B;M2;CAMPO GILBERTO CABRAL;WC PNE;15.94 x 2.95 x 2;94.05
MED08;13.1;13.001.0010-B;M2;CAMPO GILBERTO CABRAL;PAREDE WC ADM;4 x 2.85 x 2;22.8
MED08;13.1;13.001.0010-B;M2;CAMPO GILBERTO CABRAL;FECHAMENTO DE VÃO (PORTA);0.7 x 2.1 x 2;2.94
MED08;13.1;13.001.0010-B;M2;CAMPO GILBERTO CABRAL;FECHAMENTO DE VÃO NO MURO;2 x 0.6 x 2;2.4
MED08;13.1;13.001.0010-B;M2;CAMPO GILBERTO CABRAL;FECHAMENTO LATERAL BANCO RESERVA;5.8 x 2.7 x 2;31.32
MED08;13.1;13.001.0010-B;M2;E.M ROCHA LEÃO;PAREDE;5.1 x 1.2 x 2;12.24
MED08;13.1;13.001.0010-B;M2;E.M ROCHA LEÃO;MURETA;8.7 x 0.2 x 2;3.48
MED08;13.1;13.001.0010-B;M2;Escola M. Mônica de Andrade Ribeiro;1269;1 x 2.3 x 2;4.6
MED08;13.1;13.001.0010-B;M2;Escola M. Ondina Pinto Marcondes;1041;4 x 2.2 x 2;17.6
MED08;13.1;13.001.0010-B;M2;Escola M. Alberto Jorge;1739;2.4 x 0.25 x 2;1.2
MED08;13.2;13.001.0026-A;M2;PRAÇA DE SKATE;RAMPA DE MANOBRA;6 x 0.8 x 1;4.8
MED08;13.2;13.001.0026-A;M2;CAMPO GILBERTO CABRAL;MURO;75 x 1.2 x 2;180
MED08;13.2;13.001.0026-A;M2;CAMPO GILBERTO CABRAL;MURO ENTRADA LATERAL DIREITA E ESQUERDA;19.4 x 1.5 x 2;58.2
MED08;13.2;13.001.0026-A;M2;CAMPO GILBERTO CABRAL;COMPLEMENTO DO MURO ENTRADA LATERAL DIREITA E ESQUERDA;4.92 x 2.7 x 2;26.57
MED08;13.2;13.001.0026-A;M2;CAMPO GILBERTO CABRAL;WC PNE;15.94 x 2.95 x 2;94.05
MED08;13.2;13.001.0026-A;M2;CAMPO GILBERTO CABRAL;PAREDE WC ADM;4 x 2.85 x 2;22.8
MED08;13.2;13.001.0026-A;M2;CAMPO GILBERTO CABRAL;FECHAMENTO DE VÃO NO MURO;2 x 0.6 x 2;2.4
MED08;13.2;13.001.0026-A;M2;CAMPO GILBERTO CABRAL;FECHAMENTO DE VÃO (PORTA);0.7 x 2.1 x 2;2.94
MED08;13.2;13.001.0026-A;M2;CAMPO GILBERTO CABRAL;FECHAMENTO LATERAL BANCO RESERVA;5.8 x 2.7 x 2;31.32
MED08;13.2;13.001.0026-A;M2;E.M ROCHA LEÃO;PAREDE;5.1 x 1.2 x 2;12.24
MED08;13.2;13.001.0026-A;M2;E.M ROCHA LEÃO;MURETA;8.7 x 0.2 x 2;3.48
MED08;13.2;13.001.0026-A;M2;E.M ROCHA LEÃO;MURETA;16 x 0.2 x 1;3.2
MED08;13.2;13.001.0026-A;M2;E.M. HERIQUE SARZEDAS;BALCÃO;2.3 x 0.8 x 2;3.68
MED08;13.2;13.001.0026-A;M2;E.M. HERIQUE SARZEDAS;DEGRAUS;0.8 x 0.17 x 4;0.54
MED08;13.2;13.001.0026-A;M2;Escola M. Mônica de Andrade Ribeiro;1269;1 x 2.3 x 2;4.6
MED08;13.2;13.001.0026-A;M2;Escola M. Ondina Pinto Marcondes;1041;4 x 2.2 x 2;17.6
MED08;13.2;13.001.0026-A;M2;Escola M. Alberto Jorge;1739;2.4 x 0.25 x 2;1.2
MED08;13.3;13.003.0005-A;M2;CRECHE DONA LINA;REPARO EM REVESTIMENTO DE PAREDES;60;60
MED08;13.3;13.003.0005-A;M2;CRECHE MARIA ROSA;;52;52
MED08;13.3;13.003.0005-A;M2;E.M SOLANGE VIANA;;5;5
MED08;13.3;13.003.0005-A;M2;E.M NELZIR;;8;8
MED08;13.3;13.003.0005-A;M2;E.M ERNESTINA JORGE;;12;12
MED08;13.4;13.022.0040-A;M2;;;;0
MED08;13.5;13.030.0290-A;M2;CAMPO GILBERTO CABRAL;COZINHA;3.5 x 2.85 x 1;9.98
MED08;13.5;13.030.0290-A;M2;CAMPO GILBERTO CABRAL;VESTIÁRIO 01;19.34 x 2.5 x 1;48.35
MED08;13.5;13.030.0290-A;M2;CAMPO GILBERTO CABRAL;VESTIÁRIO 02;17.34 x 2.5 x 1;43.35
MED08;13.5;13.030.0290-A;M2;CAMPO GILBERTO CABRAL;WC ÁRBITRO;8.072 x 2.5 x 1;20.18
MED08;13.5;13.030.0290-A;M2;E.M. HERIQUE SARZEDAS;BALCÃO;2.3 x 0.8 x 2;3.68
MED08;13.5;13.030.0290-A;M2;Escola M. Ary Gomes de Marins;1282;5 x 2 x 1;10
MED08;13.6;13.175.0010-A;M2;E.M ROCHA LEÃO;;1.85 x 0.4;0.74
MED08;13.6;13.175.0010-A;M2;E.M ROCHA LEÃO;;1.3 x 2.2;2.86
MED08;13.6;13.175.0010-A;M2;E.M ROCHA LEÃO;;1.3 x 2.2;2.86
MED08;13.6;13.175.0010-A;M2;Escola M. Mônica de Andrade Ribeiro;1271;6 x 4;24
MED08;13.6;13.175.0010-A;M2;Creche M. Valdira Flausino Rodrigues;1552;6 x 0.6;3.6
MED08;13.6;13.175.0010-A;M2;E.M. PROFª AMÉRICA ABDALLA;1759;6 x 9;54
MED08;13.7;13.180.0015-B;M2;;;;0
MED08;13.8;13.196.0050-A;M2;;;;0
MED08;13.9;13.196.0151-A;M2;E.M ROCHA LEÃO;TETO;0.5 x 0.5 x 5;10
MED08;13.10;13.301.0125-B;M2;CAMPO GILBERTO CABRAL;PISO WC PNE;4.17 x 3.8 x 1;15.94
MED08;13.10;13.301.0125-B;M2;CAMPO GILBERTO CABRAL;PISO WC ADM.;5.51 x 2 x 1;15.02
MED08;13.10;13.301.0125-B;M2;E.M. HERIQUE SARZEDAS;BALCÃO;1.7 x 0.6 x 1;1.02
MED08;13.10;13.301.0125-B;M2;E.M. HERIQUE SARZEDAS;DEGRAUS;0.6 x 0.37 x 4;0.89
MED08;13.10;13.301.0125-B;M2;Escola M. Ondina Pinto Marcondes;1041;7.5 x 1 x 1;7.5
MED08;13.11;13.330.0053-A;M2;E.M ROCHA LEÃO;;0.5 x 0.5 x 6;12
MED08;13.11;13.330.0053-A;M2;E.M ROCHA LEÃO;;0.5 x 0.1 x 30;36
MED08;13.11;13.330.0053-A;M2;E.M. HERIQUE SARZEDAS;BALCÃO;1.7 x 0.6 x 1;1.02
MED08;13.11;13.330.0053-A;M2;E.M. HERIQUE SARZEDAS;DEGRAUS;0.6 x 0.37 x 4;0.89
MED08;13.11;13.330.0053-A;M2;Escola M. Simar Machado Sodré;6;0.6 x 1.48 x 1;0.888
MED08;13.11;13.330.0053-A;M2;Escola M. Fazendas Reunidas Atlântica;598;0.77 x 0.56 x 1;0.4312
MED08;13.11;13.330.0053-A;M2;Escola M. Elson Pinheiro;843;2 x 1.5 x 1;3
MED08;13.11;13.330.0053-A;M2;Escola M. Fazendas Reunidas Atlântica;1314;1.2 x 1.6 x 1;1.92
MED08;13.11;13.330.0053-A;M2;Escola M. Padre José Dilson Dórea;1246;0.45 x 59 x 1;26.55
MED08;13.11;13.330.0053-A;M2;Escola M. João Bento Duarte Neto;1180;2 x 2 x 1;4
MED08;13.11;13.330.0053-A;M2;Creche Dona Cota;391;3.5 x 2 x 1;7
MED08;13.12;13.330.0076-A;M2;CAMPO GILBERTO CABRAL;COZINHA;4 x 3.5;14
MED08;13.12;13.330.0076-A;M2;CAMPO GILBERTO CABRAL;ADMINISTRAÇÃO;4.85 x 3.5;16.975
MED08;13.12;13.330.0076-A;M2;CAMPO GILBERTO CABRAL;ALMOXARIFADO;3.85 x 3.5;13.475
MED08;13.12;13.330.0076-A;M2;CAMPO GILBERTO CABRAL;WC;3.5 x 1.35;4.725
MED08;13.12;13.330.0076-A;M2;CAMPO GILBERTO CABRAL;VARANDA;6.2 x 4.9;30.38
MED08;13.12;13.330.0076-A;M2;CAMPO GILBERTO CABRAL;VESTIÁRIO 01;6.17 x 3.5;21.595
MED08;13.12;13.330.0076-A;M2;CAMPO GILBERTO CABRAL;VESTIÁRIO 02;5.17 x 3.5;18.095
MED08;13.12;13.330.0076-A;M2;CAMPO GILBERTO CABRAL;WC ÁRBITRO;1.536 x 2.5;3.84
MED08;13.12;13.330.0076-A;M2;CAMPO GILBERTO CABRAL;HALL;2.55 x 2.5;6.375
MED08;13.12;13.330.0076-A;M2;CAMPO GILBERTO CABRAL;VARANDA;10.1 x 1.2;12.12
MED08;13.13;13.330.0101-A;M;CAMPO GILBERTO CABRAL;COZINHA;15 x 1;15
MED08;13.13;13.330.0101-A;M;CAMPO GILBERTO CABRAL;ADMINISTRAÇÃO;16.7 x 1;16.7
MED08;13.13;13.330.0101-A;M;CAMPO GILBERTO CABRAL;ALMOXARIFADO;14.7 x 1;14.7
MED08;13.13;13.330.0101-A;M;CAMPO GILBERTO CABRAL;VARANDA;22.2 x 1;22.2
MED08;13.13;13.330.0101-A;M;CAMPO GILBERTO CABRAL;HALL;10.1 x 1;10.1
MED08;13.13;13.330.0101-A;M;CAMPO GILBERTO CABRAL;VARANDA;22.6 x 1;22.6
MED08;13.15;13.331.0052-A;M;;;;0
MED08;13.16;13.365.0150-A;M;;;;0
MED08;13.17;13.365.0170-A;M;CAMPO GILBERTO CABRAL;;0.62 x 10;6.2
MED08;13.17;13.365.0170-A;M;CAMPO GILBERTO CABRAL;;0.94 x 3;2.82
MED08;13.17;13.365.0170-A;M;CAMPO GILBERTO CABRAL;;1.1 x 2;2.2
MED08;13.17;13.365.0170-A;M;CAMPO GILBERTO CABRAL;;3.62 x 2;7.24
MED08;13.17;13.365.0170-A;M;CAMPO GILBERTO CABRAL;;2.35 x 1;2.35
MED08;13.17;13.365.0170-A;M;CAMPO GILBERTO CABRAL;;2.45 x 2;4.9
MED08;13.17;13.365.0170-A;M;CAMPO GILBERTO CABRAL;;2.25 x 1;2.25
MED08;13.17;13.365.0170-A;M;CAMPO GILBERTO CABRAL;;0.94 x 1;0.94
MED08;13.17;13.365.0170-A;M;CAMPO GILBERTO CABRAL;;0.7 x 1;0.7
MED08;13.17;13.365.0170-A;M;CAMPO GILBERTO CABRAL;;1.24 x 1;1.24
MED08;13.17;13.365.0170-A;M;CAMPO GILBERTO CABRAL;;0.94 x 2;1.88
MED08;13.17;13.365.0170-A;M;CAMPO GILBERTO CABRAL;;0.84 x 2;1.68
MED08;13.18;13.390.0020-A;M2;;;;0
MED08;14.1;14.002.0010-A;M2;;;;0
MED08;14.2;14.002.0013-A;M2;Escola M. Ondina Pinto Marcondes;1041;4 x 2.2 x 1;8.8
MED08;14.3;14.002.0071-A;M2;PRAÇA DE SKATE;;3 x 2.3 x 0.2;1.38
MED08;14.3;14.002.0071-A;M2;CIEP MESTRE MARÇAL;;3.8 x 2 x 0.3;2.28
MED08;14.3;14.002.0071-A;M2;CAMPO GILBERTO CABRAL;PORTÃO;5 x 2 x 1;10
MED08;14.3;14.002.0071-A;M2;E.M ROCHA LEÃO;;0.6 x 0.6 x 1;0.36
MED08;14.3;14.002.0071-A;M2;IMERO;1650;3 x 1 x 1;3
MED08;14.4;14.002.0132-A;M2;PRAÇA DE SKATE;GRADIL;2.5 x 0.5 x 1;1.25
MED08;14.4;14.002.0132-A;M2;PRAÇA DE SKATE;GRADIL;6 x 0.5 x 1;3
MED08;14.4;14.002.0132-A;M2;E.M ROCHA LEÃO;JANELAS E BÁSCULAS;1.7 x 1.4 x 1;2.38
MED08;14.4;14.002.0132-A;M2;E.M ROCHA LEÃO;JANELAS E BÁSCULAS;0.9 x 0.63 x 2;1.134
MED08;14.4;14.002.0132-A;M2;E.M ROCHA LEÃO;PORTA;0.9 x 2.1 x 1;1.89
MED08;14.4;14.002.0132-A;M2;Escola M. Fany Batista Esteves;1585;2.5 x 1.1 x 1;2.75
MED08;14.5;14.002.0187-A;M;Escola M. Fazendas Reunidas Atlântica;1313;1.2 x 2.1 x 0.2;0.504
MED08;14.5;14.002.0187-A;M;Escola M. Senhorinha de Oliveira Gomes;1153;1 x 2.1 x 0.2;0.42
MED08;14.5;14.002.0187-A;M;Creche Dona Lina;790;0.9 x 1 x 0.2;0.18
MED08;14.5;14.002.0187-A;M;Creche Dona Lina;790;0.9 x 1 x 0.2;0.18
MED08;14.5;14.002.0187-A;M;Escola M. Sebastião Loubach;967;3 x 2.15 x 0.2;1.29
MED08;14.5;14.002.0187-A;M;Escola M. Nelzir Pereira Mello;1064;1 x 2.15 x 0.2;0.43
MED08;14.5;14.002.0187-A;M;Escola M. Nelzir Pereira Mello;880;3 x 2.15 x 0.2;1.29
MED08;14.5;14.002.0187-A;M;Escola M. João Bento Duarte Neto;1459;0.7 x 0.7 x 0.2;0.098
MED08;14.5;14.002.0187-A;M;Escola M. Fany Batista Esteves;1588;2 x 1 x 0.2;0.4
MED08;14.5;14.002.0187-A;M;Escola M. Fany Batista Esteves;1588;2 x 1 x 0.2;0.4
MED08;14.5;14.002.0187-A;M;Escola M. Fany Batista Esteves;1588;2 x 1 x 0.2;0.4
MED08;14.5;14.002.0187-A;M;Escola M. Francisco de Assis Medeiros Rangel;563;3 x 2 x 0.2;1.2
MED08;14.5;14.002.0187-A;M;Escola M. Francisco de Assis Medeiros Rangel;771;3 x 2 x 0.2;1.2
MED08;14.5;14.002.0187-A;M;Escola M. Nelzir Pereira Mello;880;1 x 2.1 x 0.2;0.42
MED08;14.5;14.002.0187-A;M;Escola M. Senhorinha de Oliveira Gomes;1474;4 x 2.4 x 0.2;1.92
MED08;14.5;14.002.0187-A;M;Escola M. Senhorinha de Oliveira Gomes;1486;2 x 1.2 x 0.2;0.48
MED08;14.5;14.002.0187-A;M;Escola M. Inayá Moraes D'Couto;1487;2 x 1.2 x 0.2;0.48
MED08;14.5;14.002.0187-A;M;Escola M. Rosângela Duarte Faria;1549;6 x 4 x 0.2;4.8
MED08;14.5;14.002.0187-A;M;Escola M. Fany Batista Esteves;1478;1.2 x 2.1 x 0.2;0.504
MED08;14.5;14.002.0187-A;M;E.M. MONICA DE ANDRADE RIBEIRO;1973;1.5 x 1.6 x 0.2;0.48
MED08;14.6;14.002.0220-A;M;PRAÇA DE SKATE;TUBOS DE FERRO OBSTÁCULO DE MANOBRA;18 x 1;18
MED08;14.6;14.002.0220-A;M;PRAÇA DE SKATE;TUBOS DE FERRO OBSTÁCULO DE MANOBRA;7.5 x 1;7.5
MED08;14.6;14.002.0220-A;M;E.M ROCHA LEÃO;;9.7 x 2;19.4
MED08;14.6;14.002.0220-A;M;E.M ROCHA LEÃO;;0.94 x 7;6.58
MED08;14.6;14.002.0220-A;M;E.M ROCHA LEÃO;;2.4 x 3;7.2
MED08;14.6;14.002.0220-A;M;E.M ROCHA LEÃO;;0.8 x 3;2.4
MED08;14.6;14.002.0220-A;M;E.M ROCHA LEÃO;;3.9 x 1;3.9
MED08;14.6;14.002.0220-A;M;NILTON BALTAZAR;2024;4 x 0.4;1.6
MED08;14.6;14.002.0220-A;M;Escola M. Ondina Pinto Marcondes;1473;34.5 x 0.2;6.9
MED08;14.6;14.002.0220-A;M;IMERO;1752;34.5 x 0.2;6.9
MED08;14.6;14.002.0220-A;M;Escola M. Neli Aparecida Tâmara Luiz;833;34.5 x 0.2;6.9
MED08;14.6;14.002.0220-A;M;Estádio Emília Rosa Guimarães;1531;24.5 x 1;24.5
MED08;14.7;14.003.0016-A;M2;;;;0
MED08;14.8;14.003.0076-A;M2;E.M ROCHA LEÃO;PASSA PRATO;0.6 x 0.46 x 1;0.276
MED08;14.8;14.003.0076-A;M2;E.M ROCHA LEÃO;PASSA PRATO;0.8 x 0.4 x 1;0.32
MED08;14.9;14.003.0225-A;M2;Escola M. Rosangela Duarte;1044;0.9 x 0.3 x 1;0.27
MED08;14.9;14.003.0225-A;M2;Escola M. Nilton Balthazar;285;0.6 x 1.8 x 2;2.16
MED08;14.9;14.003.0225-A;M2;Escola M. Senhorinha de Oliveira Gomes;1053;0.6 x 1.8 x 2;2.16
MED08;14.9;14.003.0225-A;M2;Escola M. Rosângela Duarte Faria;1560;0.6 x 1.8 x 2;2.16
MED08;14.10;14.003.0260-A;M;E.M RIO DAS OSTRAS;LIMPEZA DE REDE DE DRENAGEM;95;95
MED08;14.11;14.004.0120-A;M2;Escola M. Rosangela Duarte;Refeitorio;2.05 x 1.1 x 1;2.255
MED08;14.11;14.004.0120-A;M2;Escola M. Senhorinha de Oliveira Gomes;L33 - EMERGÊNCIAL;1 x 1 x 1;1
MED08;14.12;14.004.0121-A;M2;E.M ROCHA LEÃO;;0.6 x 0.46 x 1;0.276
MED08;14.12;14.004.0121-A;M2;E.M ROCHA LEÃO;;0.23 x 0.25 x 2;0.115
MED08;14.12;14.004.0121-A;M2;Escola M. Rosangela Duarte;705;1.1 x 0.7 x 27;20.79
MED08;14.12;14.004.0121-A;M2;Escola M. Rosangela Duarte;705;0.8 x 0.5 x 8;3.2
MED08;14.12;14.004.0121-A;M2;Escola M. Rosangela Duarte;705;0.55 x 0.55 x 1;0.3025
MED08;14.12;14.004.0121-A;M2;Escola M. Simar Machado Sodré;102;0.7 x 0.53 x 1;0.371
MED08;14.12;14.004.0121-A;M2;Escola M. Simar Machado Sodré;102;0.68 x 0.52 x 1;0.3536
MED08;14.12;14.004.0121-A;M2;Escola M. Simar Machado Sodré;102;0.22 x 0.27 x 10;0.594
MED08;14.12;14.004.0121-A;M2;Escola M. Simar Machado Sodré;102;0.23 x 0.27 x 1;0.0621
MED08;14.12;14.004.0121-A;M2;Escola M. Simar Machado Sodré;102;0.7 x 0.52 x 2;0.728
MED08;14.12;14.004.0121-A;M2;Escola M. Simar Machado Sodré;102;0.65 x 0.4 x 1;0.26
MED08;14.12;14.004.0121-A;M2;E.M. PADRE JOSÉ DILSON DORÉA;1769;0.78 x 0.6 x 7;3.276
MED08;14.12;14.004.0121-A;M2;Escola M. João Bento Duarte Neto;1540;0.75 x 0.58 x 1;0.435
MED08;14.12;14.004.0121-A;M2;Escola M. João Bento Duarte Neto;1540;0.82 x 0.59 x 1;0.4838
MED08;14.12;14.004.0121-A;M2;Escola M. João Bento Duarte Neto;1540;0.82 x 0.59 x 1;0.4838
MED08;14.12;14.004.0121-A;M2;Escola M. João Bento Duarte Neto;1540;0.79 x 0.57 x 1;0.4503
MED08;14.12;14.004.0121-A;M2;Escola M. João Bento Duarte Neto;1540;0.81 x 0.59 x 1;0.4779
MED08;14.12;14.004.0121-A;M2;Escola M. João Bento Duarte Neto;1540;0.84 x 0.59 x 1;0.4956
MED08;14.12;14.004.0121-A;M2;Escola M. João Bento Duarte Neto;1540;0.88 x 0.59 x 1;0.5192
MED08;14.12;14.004.0121-A;M2;Escola M. João Bento Duarte Neto;1540;0.86 x 0.59 x 1;0.5074
MED08;14.12;14.004.0121-A;M2;Escola M. Inaya Moraes;Sem OS;0.75 x 0.56 x 1;0.42
MED08;14.12;14.004.0121-A;M2;Escola M. Monica Andrade;1140;1.1 x 0.45 x 1;0.495
MED08;14.12;14.004.0121-A;M2;Escola M. Monica Andrade;1140;1.11 x 0.45 x 1;0.4995
MED08;14.12;14.004.0121-A;M2;Escola M. Monica Andrade;1140;1.1 x 0.54 x 1;0.594
MED08;14.12;14.004.0121-A;M2;Escola M. Monica Andrade;1140;1.11 x 0.46 x 1;0.5106
MED08;14.12;14.004.0121-A;M2;Escola M. Monica Andrade;1140;0.32 x 0.32 x 3;0.3072
MED08;14.12;14.004.0121-A;M2;Escola M. Monica Andrade;1140;0.24 x 0.27 x 1;0.0648
MED08;14.12;14.004.0121-A;M2;Escola M. Henrique Sarzedas;639;0.22 x 0.14 x 2;0.0616
MED08;14.12;14.004.0121-A;M2;Escola M. Henrique Sarzedas;639;0.24 x 0.22 x 3;0.1584
MED08;14.12;14.004.0121-A;M2;Escola M. Henrique Sarzedas;639;0.34 x 0.21 x 3;0.2142
MED08;14.12;14.004.0121-A;M2;Escola M. Henrique Sarzedas;639;0.24 x 0.21 x 1;0.0504
MED08;14.12;14.004.0121-A;M2;Escola M. Henrique Sarzedas;639;0.3 x 0.16 x 1;0.048
MED08;14.12;14.004.0121-A;M2;Escola M. Henrique Sarzedas;639;0.24 x 0.21 x 1;0.0504
MED08;14.12;14.004.0121-A;M2;Escola M. Fazendas Reunidas Atlântica;597;0.15 x 0.2 x 1;0.03
MED08;14.12;14.004.0121-A;M2;Escola M. Nilton Balthazar;L35 - EMERGÊNCIAL;0.43 x 0.33 x 1;0.1419
MED08;14.12;14.004.0121-A;M2;Escola M. Inayá Moraes D'Couto;G06 - EMERGÊNCIAL;0.75 x 0.56 x 1;0.42
MED08;14.13;14.006.0012-A;UN;E.M ROCHA LEÃO;;2;2
MED08;14.13;14.006.0012-A;UN;CEMADA;1845;1;1
MED08;14.13;14.006.0012-A;UN;Escola M. Fazendas Reunidas Atlântica;1313;1;1
MED08;14.14;14.006.0021-A;UN;CAMPO GILBERTO CABRAL;;1;1
MED08;14.14;14.006.0021-A;UN;E.M ROCHA LEÃO;;1;1
MED08;14.14;14.006.0021-A;UN;E.M. JOSÉ DE OLIVEIRA MARTINS;1836;1;1
MED08;14.14;14.006.0021-A;UN;Escola M. Padre José Dilson Dórea;296;2;2
MED08;14.15;14.006.0023-A;UN;PRAÇA DE SKATE;PORTA;1;1
MED08;14.15;14.006.0023-A;UN;CAMPO GILBERTO CABRAL;;8;8
MED08;14.15;14.006.0023-A;UN;E.M ROCHA LEÃO;;1;1
MED08;14.15;14.006.0023-A;UN;Escola M. Inayá Moraes D'Couto;1471;1;1
MED08;14.15;14.006.0023-A;UN;Escola M. Rosângela Duarte Faria;1091;1;1
MED08;14.15;14.006.0023-A;UN;Escola M. Padre José Dilson Dórea;1571;2;2
MED08;14.15;14.006.0023-A;UN;Creche Dona Lina;1208;1;1
MED08;14.15;14.006.0023-A;UN;Escola M. Neli Aparecida Tâmara Luiz;1275;1;1
MED08;14.16;14.006.0233-A;UN;;;;0
MED08;14.17;14.006.0407-A;M;PRAÇA DE SKATE;PORTA;0.9 x 2.1 x 1;3
MED08;14.17;14.006.0407-A;M;CAMPO GILBERTO CABRAL;;0.8 x 2.1 x 1;2.9
MED08;14.17;14.006.0407-A;M;CAMPO GILBERTO CABRAL;;0.9 x 2.1 x 7;15.6
MED08;14.17;14.006.0407-A;M;E.M ROCHA LEÃO;;0.9 x 2.1 x 1;3
MED08;14.17;14.006.0407-A;M;E.M ROCHA LEÃO;;0.8 x 2.1 x 1;2.9
MED08;14.17;14.006.0407-A;M;E.M ROCHA LEÃO;;0.7 x 0.6 x 1;1.3
MED08;14.17;14.006.0407-A;M;Escola M. Fazenda da Praia;1816;0.9 x 4.2 x 2;7.56
MED08;14.17;14.006.0407-A;M;Escola M. Fazenda da Praia;1622;0.9 x 4.2 x 2;7.56
MED08;14.17;14.006.0407-A;M;Escola M. Rosângela Duarte Faria;1566;0.9 x 4.2 x 1;3.78
MED08;14.18;14.006.0409-A;M;PRAÇA DE SKATE;PORTA;0.9 x 2.1 x 2 x 2;12
MED08;14.18;14.006.0409-A;M;CAMPO GILBERTO CABRAL;;0.8 x 2.1 x 2 x 2;11.6
MED08;14.18;14.006.0409-A;M;CAMPO GILBERTO CABRAL;;0.9 x 2.1 x 14 x 2;84
MED08;14.18;14.006.0409-A;M;E.M ROCHA LEÃO;;0.9 x 2.1 x 2 x 2;12
MED08;14.18;14.006.0409-A;M;E.M ROCHA LEÃO;;0.8 x 2.1 x 2 x 2;11.6
MED08;14.18;14.006.0409-A;M;E.M ROCHA LEÃO;;0.7 x 0.6 x 1 x 2;2.6
MED08;14.18;14.006.0409-A;M;Escola M. Inayá Moraes D'Couto;1471;1 x 4.2 x 1 x 2;10.4
MED08;14.18;14.006.0409-A;M;Escola M. Mônica de Andrade Ribeiro;1906;1 x 4.2 x 1 x 2;10.4
MED08;14.18;14.006.0409-A;M;Escola M. Inayá Moraes D'Couto;1489;1 x 4.2 x 7 x 2;72.8
MED08;14.18;14.006.0409-A;M;Escola M. Fazenda da Praia;1816;1 x 4.2 x 2 x 2;20.8
MED08;14.18;14.006.0409-A;M;Escola M. Fazenda da Praia;1622;1 x 4.2 x 1 x 2;10.4
MED08;14.18;14.006.0409-A;M;Escola M. Rosângela Duarte Faria;1566;1 x 4.2 x 1 x 2;10.4
MED08;14.19;14.007.0036-A;UN;PRAÇA DE SKATE;PORTA;1;1
MED08;14.19;14.007.0036-A;UN;CAMPO GILBERTO CABRAL;;7;7
MED08;14.19;14.007.0036-A;UN;E.M ROCHA LEÃO;;5;5
MED08;14.19;14.007.0036-A;UN;Escola M. Nelzir Pereira Mello;74;2;2
MED08;14.19;14.007.0036-A;UN;Escola M. Rosangela Duarte;79;2;2
MED08;14.19;14.007.0036-A;UN;Escola M. Rosângela Duarte Faria;1092;2;2
MED08;14.19;14.007.0036-A;UN;Escola M. Nadir da Silva Salvador;3;1;1
MED08;14.19;14.007.0036-A;UN;Escola M. Rocha Leão;1125;1;1
MED08;14.19;14.007.0036-A;UN;Escola M. Célio Sarzedas;1141;1;1
MED08;14.19;14.007.0036-A;UN;Escola M. Célio Sarzedas;1143;2;2
MED08;14.19;14.007.0036-A;UN;Escola M. Célio Sarzedas;1387;1;1
MED08;14.19;14.007.0036-A;UN;Escola M. Mônica de Andrade Ribeiro;1537;1;1
MED08;14.19;14.007.0036-A;UN;E.M. SENHORINHA DE OLIVEIRA GOMES - TIA LOLA;1801;1;1
MED08;14.19;14.007.0036-A;UN;E.M. SIMAR MACHADO SODRÉ;1803;1;1
MED08;14.19;14.007.0036-A;UN;E.M. JOVENIL BASTOS DA SILVA;1899;4;4
MED08;14.19;14.007.0036-A;UN;Escola M. Rosângela Duarte Faria;1935;2;2
MED08;14.19;14.007.0036-A;UN;E.M. PROFª ROSÂNGELA DUARTE;1761;2;2
MED08;14.19;14.007.0036-A;UN;Escola M. Fazendas Reunidas Atlântica;1313;4;4
MED08;14.19;14.007.0036-A;UN;Escola M. Nadir da Silva Salvador;52;2;2
MED08;14.19;14.007.0036-A;UN;Escola M. Inayá Moraes D'Couto;1471;1;1
MED08;14.19;14.007.0036-A;UN;SEMEDE;1614;3;3
MED08;14.19;14.007.0036-A;UN;E.M. PROFª AMÉRICA ABDALLA;1786;1;1
MED08;14.19;14.007.0036-A;UN;Escola M. Nilton Balthazar;1903;2;2
MED08;14.19;14.007.0036-A;UN;Escola M. Mônica de Andrade Ribeiro;1906;1;1
MED08;14.19;14.007.0036-A;UN;Escola M. Rosângela Duarte Faria;1596;1;1
MED08;14.19;14.007.0036-A;UN;E.M. JOSÉ DE OLIVEIRA MARTINS;1836;2;2
MED08;14.19;14.007.0036-A;UN;CEMADA;1845;1;1
MED08;14.19;14.007.0036-A;UN;Escola M. Padre José Dilson Dórea;296;2;2
MED08;14.19;14.007.0036-A;UN;Escola M. Mônica de Andrade Ribeiro;1988;2;2
MED08;14.19;14.007.0036-A;UN;Creche M. Valdira Flausino Rodrigues;1093;1;1
MED08;14.19;14.007.0036-A;UN;Escola M. Rosângela Duarte Faria;1091;1;1
MED08;14.19;14.007.0036-A;UN;Escola M. Marinete Coelho Souza;1334;1;1
MED08;14.19;14.007.0036-A;UN;Escola M. Padre José Dilson Dórea;1571;4;4
MED08;14.19;14.007.0036-A;UN;CEMADA;1826;2;2
MED08;14.19;14.007.0036-A;UN;Escola M. Fazenda da Praia;1816;2;2
MED08;14.19;14.007.0036-A;UN;Escola M. Fazenda da Praia;1622;1;1
MED08;14.19;14.007.0036-A;UN;Creche Dona Lina;1208;1;1
MED08;14.19;14.007.0036-A;UN;Escola M. Sebastião Loubach;967;2;2
MED08;14.19;14.007.0036-A;UN;Escola M. Nelzir Pereira Mello;880;1;1
MED08;14.19;14.007.0036-A;UN;Escola M. Ondina Pinto Marcondes;1451;1;1
MED08;14.19;14.007.0036-A;UN;Escola M. Neli Aparecida Tâmara Luiz;1275;1;1
MED08;14.19;14.007.0036-A;UN;Escola M. Inayá Moraes D'Couto;1363;1;1
MED08;14.19;14.007.0036-A;UN;CEMADA;1777;1;1
MED08;14.19;14.007.0036-A;UN;Escola M. Mônica de Andrade Ribeiro;1277;2;2
MED08;14.19;14.007.0036-A;UN;Escola M. Padre José Dilson Dórea;1402;1;1
MED08;14.19;14.007.0036-A;UN;Escola M. Nelzir Pereira Mello;M21 - EMERGÊNCIAL;1;1
MED08;14.19;14.007.0036-A;UN;Escola M. Senhorinha de Oliveira Gomes;G04 - EMERGÊNCIAL;1;1
MED08;14.19;14.007.0036-A;UN;Escola M. Nadir da Silva Salvador;L31 - EMERGÊNCIAL;1;1
MED08;14.19;14.007.0036-A;UN;Creche M. Maria Rosa R. Pinheiro (Tia Didi);L27 - EMERGÊNCIAL;1;1
MED08;14.19;14.007.0036-A;UN;Escola M. Nilton Balthazar;L25 - EMERGÊNCIAL;1;1
MED08;14.20;14.007.0041-A;UN;;;;0
MED08;14.21;14.007.0065-A;UN;;;;0
MED08;14.22;14.007.0070-A;UN;E.M ROCHA LEÃO;PORTAS;12;12
MED08;14.23;14.007.0270-A;UN;E.M ROCHA LEÃO;CADEADOS;7;7
MED08;14.23;14.007.0270-A;UN;Escola M. João Bento Duarte Neto;1980;1;1
MED08;14.23;14.007.0270-A;UN;E.M RIO DAS OSTRAS;1888;1;1
MED08;14.24;14.007.0277-A;UN;Escola M. Nilton Balthazar;285;2;2
MED08;14.24;14.007.0277-A;UN;Escola M. Senhorinha de Oliveira Gomes;1053;7;7
MED08;14.24;14.007.0277-A;UN;Escola M. Francisco de Assis Medeiros Rangel;1518;3;3
MED08;14.24;14.007.0277-A;UN;Escola M. Rosângela Duarte Faria;1560;2;2
MED08;14.25;14.007.0284-A;UN;Escola M. Solange Viana;909;12;12
MED08;14.25;14.007.0284-A;UN;Escola M. Francisco de Assis Medeiros Rangel;1518;6;6
MED08;14.25;14.007.0284-A;UN;E.M. FAZENDA DA PRAIA;1816;6;6
MED08;14.25;14.007.0284-A;UN;Escola M. Neli Aparecida Tâmara Luiz;1275;3;3
MED08;14.25;14.007.0284-A;UN;Escola M. Solange Viana;1098;7;7
MED08;14.25;14.007.0284-A;UN;Escola M. Padre José Dilson Dórea;292;4;4
MED08;14.26;14.007.0290-A;UN;;;;0
MED08;14.26;14.007.0290-A;UN;;;;0
MED08;15.1;15.001.0028-A;UN;E.M ROCHA LEÃO;;1;1
MED08;15.1;15.001.0028-A;UN;E.M. ERNESTINA JORGE PEREIRA;1791;4;4
MED08;15.2;15.001.0055-A;UN;;;;0
MED08;15.3;15.001.0056-A;UN;;;;0
MED08;15.4;15.003.0068-A;UN;;;;0
MED08;15.5;15.002.0062-A;UN;CAMPO GILBERTO CABRAL;;1;1
MED08;15.6;15.002.0063-A;UN;;;;0
MED08;15.7;15.002.0120-A;UN;;;;0
MED08;15.11;15.004.0046-A;UN;E.M. HERIQUE SARZEDAS;;1;1
MED08;15.11;15.004.0046-A;UN;CEMAEE - Centro M. de Atentimento Edu. Especializado;1517;1;1
MED08;15.11;15.004.0046-A;UN;Creche M. Maria Rosa Ribeiro Pinheiro;1228;1;1
MED08;15.11;15.004.0046-A;UN;Escola M. Mônica de Andrade Ribeiro;1272;1;1
MED08;15.11;15.004.0046-A;UN;Escola M. Ary Gomes de Marins;1620;1;1
MED08;15.12;15.004.0050-A;UN;;;;0
MED08;15.13;15.004.0053-A;UN;;;;0
MED08;15.14;15.004.0059-A;UN;;;;0
MED08;15.15;15.004.0060-B;UN;CEMADA;1454;1;1
MED08;15.15;15.004.0060-B;UN;Escola M. Nelzir Pereira Mello;1624;1;1
MED08;15.15;15.004.0060-B;UN;Escola M. Paulo Pinheiro;1095;2;2
MED08;15.15;15.004.0060-B;UN;Escola M. Padre José Dilson Dórea;L23 - EMERGÊNCIAL;1;1
MED08;15.16;15.004.0061-A;UN;Creche Dona Lina;616;1;1
MED08;15.17;15.004.0063-A;UN;Estádio Emília Rosa Guimarães;1538;1;1
MED08;15.17;15.004.0063-A;UN;Escola M. Ondina Pinto Marcondes;1450;1;1
MED08;15.17;15.004.0063-A;UN;Escola M. Mônica de Andrade Ribeiro;1988;1;1
MED08;15.18;15.004.0070-A;UN;;;;0
MED08;15.19;15.004.0075-A;UN;Escola M. Nelzir Pereira Mello;74;1;1
MED08;15.19;15.004.0075-A;UN;Escola M. Fazendas Reunidas Atlântica;1238;1;1
MED08;15.19;15.004.0075-A;UN;Escola M. Padre José Dilson Dórea;1243;1;1
MED08;15.19;15.004.0075-A;UN;Escola M. Ary Gomes de Marins;1316;2;2
MED08;15.19;15.004.0075-A;UN;Escola M. Francisco de Assis Medeiros Rangel;1357;2;2
MED08;15.19;15.004.0075-A;UN;Creche M. Dona Senhorinha;1580;1;1
MED08;15.19;15.004.0075-A;UN;Escola M. Alberto Jorge;1611;1;1
MED08;15.19;15.004.0075-A;UN;Escola M. Simar Machado Sodré;1732;1;1
MED08;15.19;15.004.0075-A;UN;Escola M. Francisco de Assis Medeiros Rangel;1321;2;2
MED08;15.19;15.004.0075-A;UN;Escola M. Sebastião Loubach;1439;1;1
MED08;15.19;15.004.0075-A;UN;Escola M. Simar Machado Sodré;1615;1;1
MED08;15.19;15.004.0075-A;UN;E.M. FAZENDA DA PRAIA;1815;1;1
MED08;15.19;15.004.0075-A;UN;Escola M. Ondina Pinto Marcondes;945;1;1
MED08;15.19;15.004.0075-A;UN;CIEP Mestre Marçal Municipalizado;1584;1;1
MED08;15.19;15.004.0075-A;UN;Escola M. José de Oliveira Martins;954;1;1
MED08;15.19;15.004.0075-A;UN;Estádio Emília Rosa Guimarães;1532;10;10
MED08;15.19;15.004.0075-A;UN;Escola M. Fazendas Reunidas Atlântica;1072;2;2
MED08;15.19;15.004.0075-A;UN;Escola M. Jovenil Bastos da Silva;1147;2;2
MED08;15.19;15.004.0075-A;UN;CIEP Mestre Marçal Municipalizado;1218;1;1
MED08;15.19;15.004.0075-A;UN;Escola M. José Luiz de Lemos;1435;1;1
MED08;15.19;15.004.0075-A;UN;CEMAEE - Centro M. de Atendimento Edu. Especializado;1455;2;2
MED08;15.19;15.004.0075-A;UN;Escola M. Neli Aparecida Tâmara Luiz;1617;4;4
MED08;15.19;15.004.0075-A;UN;SEMEDE;1750;1;1
MED08;15.19;15.004.0075-A;UN;E.M. INAYÁ MORÁES D´COUTO;1884;1;1
MED08;15.19;15.004.0075-A;UN;E.M. MARIA TEIXEIRA DE PAULA;1887;2;2
MED08;15.19;15.004.0075-A;UN;E.M. INAYÁ MORÁES D´COUTO;1937;3;3
MED08;15.19;15.004.0075-A;UN;Escola M. João Bento Duarte Neto;1980;1;1
MED08;15.19;15.004.0075-A;UN;Escola M. Inayá Moraes D'Couto;1247;1;1
MED08;15.20;15.004.0085-A;UN;Escola M. Nelzir Pereira Mello;74;1;1
MED08;15.20;15.004.0085-A;UN;Creche M. Dona Senhorinha;1580;1;1
MED08;15.20;15.004.0085-A;UN;Escola M. Alberto Jorge;1611;1;1
MED08;15.20;15.004.0085-A;UN;Escola M. Simar Machado Sodré;1732;1;1
MED08;15.21;15.004.0090-A;UN;Escola M. Senhorinha de Oliveira Gomes;L33 - EMERGÊNCIAL;1;1
MED08;15.21;15.004.0090-A;UN;Escola M. Senhorinha de Oliveira Gomes;L34 - EMERGÊNCIAL;1;1
MED08;15.22;15.004.0108-A;UN;Escola M. Nelzir Pereira Mello;74;2;2
MED08;15.22;15.004.0108-A;UN;Escola M. Simar Machado Sodré;1732;1;1
MED08;15.22;15.004.0108-A;UN;Escola M. Fazendas Reunidas Atlântica;1238;1;1
MED08;15.22;15.004.0108-A;UN;Escola M. Padre José Dilson Dórea;1243;1;1
MED08;15.22;15.004.0108-A;UN;Escola M. Ary Gomes de Marins;1316;2;2
MED08;15.22;15.004.0108-A;UN;Escola M. Francisco de Assis Medeiros Rangel;1357;2;2
MED08;15.22;15.004.0108-A;UN;Creche M. Dona Senhorinha;1580;1;1
MED08;15.22;15.004.0108-A;UN;Escola M. Alberto Jorge;1611;1;1
MED08;15.22;15.004.0108-A;UN;E.M. FAZENDA DA PRAIA;1815;1;1
MED08;15.22;15.004.0108-A;UN;Escola M. Francisco de Assis Medeiros Rangel;1321;1;1
MED08;15.22;15.004.0108-A;UN;Escola M. Francisco de Assis Medeiros Rangel;1217;1;1
MED08;15.22;15.004.0108-A;UN;Creche M. Márcia Lustosa Machado;1178;1;1
MED08;15.22;15.004.0108-A;UN;Escola M. Sebastião Loubach;1287;1;1
MED08;15.22;15.004.0108-A;UN;Escola M. Jovenil Bastos da Silva;1581;1;1
MED08;15.22;15.004.0108-A;UN;Escola M. Paulo Pinheiro;1583;1;1
MED08;15.22;15.004.0108-A;UN;Escola M. Sebastião Loubach;775;1;1
MED08;15.22;15.004.0108-A;UN;Escola M. Paulo Pinheiro;1453;1;1
MED08;15.22;15.004.0108-A;UN;Escola M. Simar Machado Sodré;L28 - EMERGÊNCIAL;1;1
MED08;15.23;15.004.0103-A;UN;CEMADA;1597;1;1
MED08;15.24;15.004.0110-A;UN;;;;0
MED08;15.25;15.004.0170-A;UN;CAMPO GILBERTO CABRAL;;14;14
MED08;15.25;15.004.0170-A;UN;E.M. HERIQUE SARZEDAS;;1;1
MED08;15.25;15.004.0170-A;UN;Escola M. Padre José Dilson Dórea;1243;1;1
MED08;15.25;15.004.0170-A;UN;Estádio Emília Rosa Guimarães;1532;4;4
MED08;15.25;15.004.0170-A;UN;Escola M. Alzir David Pereira;1234;2;2
MED08;15.25;15.004.0170-A;UN;Escola M. Enedina Fidélis Moreira;1011;1;1
MED08;15.25;15.004.0170-A;UN;Escola M. Alzir David Pereira;1172;5;5
MED08;15.25;15.004.0170-A;UN;Escola M. Cláudio Ribeiro;915;2;2
MED08;15.25;15.004.0170-A;UN;Escola M. Senhorinha de Oliveira Gomes;1330;2;2
MED08;15.25;15.004.0170-A;UN;Escola M. Francisco de Assis Medeiros Rangel;1518;1;1
MED08;15.30;15.004.0255-A;UN;Escola M. Rosângela Duarte Faria;1091;1;1
MED08;15.30;15.004.0255-A;UN;Escola M. Nilton Balthazar;L37 - EMERGÊNCIAL;1;1
MED08;15.30;15.004.0255-A;UN;PEDIDO EMERGENCIAL SEM OS;LIMPEZA E TROCA DE FILTRO;12;12
MED08;15.31;15.005.0215-A;UN;;;;0
MED08;15.32;15.005.0253-A;KG;;;;0
MED08;15.33;15.007.0410-A;UN;;;;0
MED08;15.34;15.007.0415-A;UN;;;;0
MED08;15.35;15.007.0420-A;UN;;;;0
MED08;15.36;15.007.0425-A;UN;Escola M. Alzir David Pereira;1004;1;1
MED08;15.41;15.007.0520-A;UN;CEMAEE - Centro M. de Atentimento Edu. Especializado;1517;2;2
MED08;15.41;15.007.0520-A;UN;Escola M. América Abdalla;M18 - EMERGÊNCIAL;1;1
MED08;15.41;15.007.0520-A;UN;Escola M. Rosângela Duarte Faria;L43 - EMERGÊNCIAL;2;2
MED08;15.41;15.007.0520-A;UN;Escola M. Senhorinha de Oliveira Gomes (Desentupimento vaso);L36 - EMERGÊNCIAL;1;1
MED08;15.42;15.007.0521-A;UN;;;;0
MED08;15.43;15.007.0522-A;UN;;;;0
MED08;15.44;15.007.0523-A;UN;;;;0
MED08;15.45;15.007.0524-A;UN;E.M. PROFª AMÉRICA ABDALLA;1783;2;2
MED08;15.46;15.007.0570-A;UN;Escola M. Jerônymo Mendes da Costa;1539;2;2
MED08;15.46;15.007.0570-A;UN;Escola M. Nilton Balthazar;1221;1;1
MED08;15.46;15.007.0570-A;UN;Escola M. Rosângela Duarte Faria;1564;2;2
MED08;15.46;15.007.0570-A;UN;E.M. NADIR DA SILVA SALVADOR;1773;2;2
MED08;15.47;15.007.0572-A;UN;;;;0
MED08;15.48;15.007.0575-A;UN;Escola M. Rosangela Duarte;679;2;2
MED08;15.48;15.007.0575-A;UN;SEMEDE;38;1;1
MED08;15.48;15.007.0575-A;UN;Escola M. Fazenda da Praia;1683;2;2
MED08;15.48;15.007.0575-A;UN;Escola M. Rosângela Duarte Faria;1564;2;2
MED08;15.48;15.007.0575-A;UN;Escola M. Fazenda da Praia;1735;2;2
MED08;15.48;15.007.0575-A;UN;E.M. ARY GOMES DE MARTINS;1780;2;2
MED08;15.48;15.007.0575-A;UN;E.M. ALZIR DAVID PEREIRA;1787;2;2
MED08;15.48;15.007.0575-A;UN;NUGEPE;1765;2;2
MED08;15.48;15.007.0575-A;UN;Escola M. Dom Bosco;1304;2;2
MED08;15.48;15.007.0575-A;UN;Escola M. Henrique Sarzedas;1673;1;1
MED08;15.48;15.007.0575-A;UN;CEMADA;1597;1;1
MED08;15.49;15.007.0600-A;UN;;;;0
MED08;15.50;15.007.0605-A;UN;Escola M. Jovenil Bastos da Silva;1348;1;1
MED08;15.50;15.007.0605-A;UN;Escola M. Jerônymo Mendes da Costa;C04 - EMERGÊNCIAL;1;1
MED08;15.51;15.007.0608-A;UN;;;;0
MED08;15.52;15.007.0609-A;UN;;;;0
MED08;15.53;15.007.0610-A;UN;;;;0
MED08;15.54;15.007.0611-A;UN;E.M ROCHA LEÃO;;1;1
MED08;15.55;15.008.0085-A;M;E.M ROCHA LEÃO;;8;8
MED08;15.55;15.008.0085-A;M;Escola M. Rosangela Duarte;679;25;25
MED08;15.55;15.008.0085-A;M;CEMAEE - Centro M. de Atentimento Edu. Especializado;1517;8;8
MED08;15.55;15.008.0085-A;M;Escola M. Mônica de Andrade Ribeiro;1276;20;20
MED08;15.55;15.008.0085-A;M;Escola M. Rosângela Duarte Faria;1564;50;50
MED08;15.55;15.008.0085-A;M;Escola M. José de Oliveira Martins;1728;40;40
MED08;15.55;15.008.0085-A;M;Escola M. Senhorinha de Oliveira Gomes;1529;20;20
MED08;15.55;15.008.0085-A;M;CEMADA;1825;10;10
MED08;15.55;15.008.0085-A;M;Escola M. Senhorinha de Oliveira Gomes;1901;5;5
MED08;15.55;15.008.0085-A;M;E.M. ARY GOMES DE MARTINS;1780;70;70
MED08;15.55;15.008.0085-A;M;E.M. ALZIR DAVID PEREIRA;1787;70;70
MED08;15.55;15.008.0085-A;M;NUGEPE;1765;70;70
MED08;15.55;15.008.0085-A;M;Escola M. Dom Bosco;1304;70;70
MED08;15.55;15.008.0085-A;M;Escola M. Rosângela Duarte Faria;1506;300;300
MED08;15.55;15.008.0085-A;M;E.M. MARIA TEIXEIRA DE PAULA;1837;15;15
MED08;15.55;15.008.0085-A;M;E.M. NADIR DA SILVA SALVADOR;1773;20;20
MED08;15.55;15.008.0085-A;M;NUGEPE;1042;50;50
MED08;15.55;15.008.0085-A;M;SEMEDE;657;10;10
MED08;15.55;15.008.0085-A;M;E.M. PROFª AMÉRICA ABDALLA;1759;100;100
MED08;15.56;15.008.0090-A;M;Escola M. Rosangela Duarte;679;100;100
MED08;15.56;15.008.0090-A;M;Escola M. Nilton Balthazar;1221;60;60
MED08;15.56;15.008.0090-A;M;Escola M. Fazenda da Praia;1683;50;50
MED08;15.56;15.008.0090-A;M;Escola M. Rosângela Duarte Faria;1564;100;100
MED08;15.56;15.008.0090-A;M;Escola M. Fazenda da Praia;1735;60;60
MED08;15.56;15.008.0090-A;M;Escola M. Rosângela Duarte Faria;1506;45;45
MED08;15.56;15.008.0090-A;M;E.M. NADIR DA SILVA SALVADOR;1773;50;50
MED08;15.56;15.008.0090-A;M;Escola M. Henrique Sarzedas;1673;85;85
MED08;15.56;15.008.0090-A;M;CEMADA;1597;70;70
MED08;15.57;15.008.0095-A;M;FESTÃO PARA FESTAS JUNINAS;;4000;4000
MED08;15.58;15.008.0100-A;M;Escola M. Alzir David Pereira;1004;10;10
MED08;15.59;15.008.0105-A;M;;;;0
MED08;15.60;15.008.0110-A;M;;;;0
MED08;15.61;15.008.0112-A;M;;;;0
MED08;15.62;15.008.0115-A;M;;;;0
MED08;15.65;15.015.0020-A;UN;Escola E.M. José de Oliveira Martins;1728;4;4
MED08;15.65;15.015.0020-A;UN;Escola M. Alzir David Pereira;1234;6;6
MED08;15.65;15.015.0020-A;UN;CEMAEE;1262;6;6
MED08;15.65;15.015.0020-A;UN;Escola M. Alzir David Pereira;1003;4;4
MED08;15.65;15.015.0020-A;UN;Escola M. Inayá Moraes D'Couto;1469;3;3
MED08;15.65;15.015.0020-A;UN;Escola M. Célio Sarzedas;1501;2;2
MED08;15.65;15.015.0020-A;UN;E.M. MARIA TEIXEIRA DE PAULA;1837;2;2
MED08;15.65;15.015.0020-A;UN;Escola M. Mônica de Andrade Ribeiro;1276;4;4
MED08;15.65;15.015.0020-A;UN;Escola M. Solange Viana;1098;1;1
MED08;15.68;15.015.0199-A;UN;PRAÇA DE SKATE;TIMER DIGITAL;1;1
MED08;15.68;15.015.0199-A;UN;E.M ROCHA LEÃO;;2;2
MED08;15.69;15.015.0214-A;UN;CEMAEE;1163;2;2
MED08;15.69;15.015.0214-A;UN;CEMAEE;1262;3;3
MED08;15.69;15.015.0214-A;UN;Creche Dona Cota;1433;2;2
MED08;15.69;15.015.0214-A;UN;Escola M. Inayá Moraes D'Couto;1469;4;4
MED08;15.69;15.015.0214-A;UN;E.M. FAZENDA DA PRAIA;1822;3;3
MED08;15.69;15.015.0214-A;UN;Escola M. Fany Batista Esteves;1298;2;2
MED08;15.69;15.015.0214-A;UN;CEMADA;1826;8;8
MED08;15.69;15.015.0214-A;UN;Escola M. Ary Gomes de Marins;784;3;3
MED08;15.69;15.015.0214-A;UN;Escola M. Solange Viana;1098;4;4
MED08;15.69;15.015.0214-A;UN;Escola M. Simar Machado Sodré;1992;2;2
MED08;15.69;15.015.0214-A;UN;Escola M. João Bento Duarte Neto;834;2;2
MED08;15.69;15.015.0214-A;UN;CIEP Mestre Marçal Municipalizado;1160;4;4
MED08;15.69;15.015.0214-A;UN;Escola M. Ondina Pinto Marcondes;1353;1;1
MED08;15.69;15.015.0214-A;UN;E.M FRANCISCO DE ASSIS;1890;15;15
MED08;15.69;15.015.0214-A;UN;E.M ABDALLA;1263;3;3
MED08;15.69;15.015.0214-A;UN;Escola M. Rosângela Duarte Faria;L43 - EMERGÊNCIAL;2;2
MED08;15.69;15.015.0214-A;UN;CEMADA;C01 - EMERGÊNCIAL;2;2
MED08;15.70;15.015.0250-A;UN;Escola M. Fany Batista Esteves;1298;4;4
MED08;15.70;15.015.0250-A;UN;Escola M. Rosângela Duarte Faria;1506;3;3
MED08;15.70;15.015.0250-A;UN;E.M. ONDINA PINTO MARCONTES;1830;2;2
MED08;15.70;15.015.0250-A;UN;Escola M. Senhorinha de Oliveira Gomes;L33 - EMERGÊNCIAL;2;2
MED08;15.70;15.015.0250-A;UN;Escola M. Senhorinha de Oliveira Gomes (Instalação de Camera);L19 - EMERGÊNCIAL;2;2
MED08;15.71;15.015.0251-A;UN;Escola M. Mônica de Andrade Ribeiro;1276;4;4
MED08;15.71;15.015.0251-A;UN;E.M. SENHORINHA DE OLIVEIRA GOMES - TIA LOLA;1839;2;2
MED08;15.71;15.015.0251-A;UN;Escola M. Rosângela Duarte Faria;L43 - EMERGÊNCIAL;5;5
MED08;15.71;15.015.0251-A;UN;Creche M. Maria Rosa R. Pinheiro (Tia Didi);L10 - EMERGÊNCIAL;2;2
MED08;15.71;15.015.0251-A;UN;CEMADA;L05 - EMERGÊNCIAL;1;1
MED08;15.72;15.015.0255-A;UN;PRAÇA DE SKATE;;5;5
MED08;15.72;15.015.0255-A;UN;Creche Dona Lina;492;10;10
MED08;15.72;15.015.0255-A;UN;E.M. PROFª ROSÂNGELA DUARTE;1761;1;1
MED08;15.72;15.015.0255-A;UN;Escola M. Senhorinha de Oliveira Gomes;1529;4;4
MED08;15.72;15.015.0255-A;UN;CEMADA;1825;8;8
MED08;15.72;15.015.0255-A;UN;E.M. SENHORINHA DE OLIVEIRA GOMES - TIA LOLA;1901;1;1
MED08;15.72;15.015.0255-A;UN;E.M. PREFEITO CLAUDIO RIBEIRO;1829;1;1
MED08;15.72;15.015.0255-A;UN;E.M. JOSÉ DE OLIVEIRA MARTINS;1776;2;2
MED08;15.72;15.015.0255-A;UN;Escola M. Alzir David Pereira;1234;10;10
MED08;15.72;15.015.0255-A;UN;Escola M. Pedro Moreira dos Santos;1360;2;2
MED08;15.72;15.015.0255-A;UN;SUPRIMENTOS;1602;2;2
MED08;15.72;15.015.0255-A;UN;Escola M. Alzir David Pereira;1003;7;7
MED08;15.72;15.015.0255-A;UN;Escola M. Nilton Balthazar;812;1;1
MED08;15.72;15.015.0255-A;UN;Escola M. Inayá Moraes D'Couto;1469;4;4
MED08;15.72;15.015.0255-A;UN;Escola M. Rosângela Duarte Faria;1506;6;6
MED08;15.72;15.015.0255-A;UN;E.M. SENHORINHA DE OLIVEIRA GOMES - TIA LOLA;1839;2;2
MED08;15.72;15.015.0255-A;UN;E.M. FAZENDA DA PRAIA;1822;3;3
MED08;15.72;15.015.0255-A;UN;E.M. NADIR DA SILVA SALVADOR;1773;5;5
MED08;15.72;15.015.0255-A;UN;Escola M. Mônica de Andrade Ribeiro;1276;4;4
MED08;15.72;15.015.0255-A;UN;Escola M. Rosângela Duarte Faria;1561;3;3
MED08;15.72;15.015.0255-A;UN;NUGEPE;1835;2;2
MED08;15.72;15.015.0255-A;UN;Escola M. Henrique Sarzedas;1673;1;1
MED08;15.72;15.015.0255-A;UN;CEMADA;1597;1;1
MED08;15.73;15.019.0010-A;UN;;;;0
MED08;15.74;15.019.0095-A;UN;FESTÃO PARA FESTAS JUNINAS;;500;500
MED08;15.78;15.020.0158-A;UN;Escola M. Dom Bosco;1618;8;8
MED08;15.78;15.020.0158-A;UN;Escola M. Maria da Penha de Oliveira;1297;2;2
MED08;15.78;15.020.0158-A;UN;Escola E.M. José de Oliveira Martins;1728;4;4
MED08;15.78;15.020.0158-A;UN;Escola M. Alzir David Pereira;1234;8;8
MED08;15.78;15.020.0158-A;UN;SUPRIMENTOS;1602;6;6
MED08;15.78;15.020.0158-A;UN;E.M. ARY GOMES DE MARTINS;1780;35;35
MED08;15.78;15.020.0158-A;UN;E.M. ALZIR DAVID PEREIRA;1787;35;35
MED08;15.78;15.020.0158-A;UN;NUGEPE;1765;35;35
MED08;15.78;15.020.0158-A;UN;Escola M. Dom Bosco;1304;35;35
MED08;15.78;15.020.0158-A;UN;Escola M. Célio Sarzedas;1501;4;4
MED08;15.78;15.020.0158-A;UN;E.M. HENRIQUE SARZEDAS;1805;6;6
MED08;15.78;15.020.0158-A;UN;E.M. FAZENDA DA PRAIA;1822;2;2
MED08;15.78;15.020.0158-A;UN;Escola M. Nadir da Silva Salvador;L30 - EMERGÊNCIAL;5;5
MED08;15.79;15.020.0170-A;UN;Escola M. Rosângela Duarte Faria;1382;20;20
MED08;15.79;15.020.0170-A;UN;Creche M. Maria Rosa Ribeiro Pinheiro;1235;6;6
MED08;15.79;15.020.0170-A;UN;CEMAEE - Centro M. de Atentimento Edu. Especializado;1517;4;4
MED08;15.79;15.020.0170-A;UN;Estádio Emília Rosa Guimarães;1536;4;4
MED08;15.79;15.020.0170-A;UN;Escola M. Jerônymo Mendes da Costa;1539;6;6
MED08;15.79;15.020.0170-A;UN;Creche M. Maria Rosa Ribeiro Pinheiro;1228;10;10
MED08;15.79;15.020.0170-A;UN;Escola M. Fany Batista Esteves;1298;35;35
MED08;15.79;15.020.0170-A;UN;Escola M. Inayá Moraes D'Couto;1469;25;25
MED08;15.79;15.020.0170-A;UN;E.M. FAZENDA DA PRAIA;1822;4;4
MED08;15.79;15.020.0170-A;UN;CEMAEE;1262;3;3
MED08;15.79;15.020.0170-A;UN;Escola M. Rosângela Duarte Faria;1561;6;6
MED08;15.79;15.020.0170-A;UN;SEMEDE;657;4;4
MED08;15.80;15.020.0173-A;UN;E.M ROCHA LEÃO;;3;3
MED08;15.80;15.020.0173-A;UN;Escola M. Dom Bosco;1618;16;16
MED08;15.80;15.020.0173-A;UN;Escola M. Francisco de Assis Medeiros Rangel;1216;25;25
MED08;15.80;15.020.0173-A;UN;Estádio Emília Rosa Guimarães;1536;8;8
MED08;15.80;15.020.0173-A;UN;Escola M. Jovenil Bastos da Silva;304;10;10
MED08;15.80;15.020.0173-A;UN;Creche Dona Lina;492;4;4
MED08;15.80;15.020.0173-A;UN;CEMAEE - Centro M. de Atentimento Edu. Especializado;1163;25;25
MED08;15.80;15.020.0173-A;UN;Escola M. Nilton Balthazar;1221;9;9
MED08;15.80;15.020.0173-A;UN;Creche M. Maria Rosa Ribeiro Pinheiro;1228;5;5
MED08;15.80;15.020.0173-A;UN;Escola M. Francisco de Assis Medeiros Rangel;1322;25;25
MED08;15.80;15.020.0173-A;UN;E.M. ONDINA PINTO MARCONTES;1993;6;6
MED08;15.80;15.020.0173-A;UN;Escola M. José Luiz de Lemos;1309;4;4
MED08;15.80;15.020.0173-A;UN;CEMAEE;1262;6;6
MED08;15.80;15.020.0173-A;UN;Escola M. Nadir da Silva Salvador;1381;30;30
MED08;15.80;15.020.0173-A;UN;SUPRIMENTOS;1602;16;16
MED08;15.80;15.020.0173-A;UN;Escola M. Fazendas Reunidas Atlântica;1001;20;20
MED08;15.80;15.020.0173-A;UN;Creche Dona Lina;1210;3;3
MED08;15.80;15.020.0173-A;UN;Escola M. Rosângela Duarte Faria;1506;20;20
MED08;15.80;15.020.0173-A;UN;Creche M. Maria Rosa Ribeiro Pinheiro;1568;13;13
MED08;15.80;15.020.0173-A;UN;Escola M. Nadir da Silva Salvador;1569;12;12
MED08;15.80;15.020.0173-A;UN;Escola M. Senhorinha de Oliveira Gomes;1612;50;50
MED08;15.80;15.020.0173-A;UN;Escola M. Jovenil Bastos da Silva;1616;25;25
MED08;15.80;15.020.0173-A;UN;E.M. HENRIQUE SARZEDAS;1805;14;14
MED08;15.80;15.020.0173-A;UN;E.M. MARIA TEIXEIRA DE PAULA;1811;12;12
MED08;15.80;15.020.0173-A;UN;E.M. ONDINA PINTO MARCONTES;1830;6;6
MED08;15.80;15.020.0173-A;UN;SEMEDE;1952;20;20
MED08;15.80;15.020.0173-A;UN;E.M. MARIA TEIXEIRA DE PAULA;1837;18;18
MED08;15.80;15.020.0173-A;UN;E.M. SENHORINHA DE OLIVEIRA GOMES - TIA LOLA;1839;9;9
MED08;15.80;15.020.0173-A;UN;Escola M. Célio Sarzedas;1427;30;30
MED08;15.80;15.020.0173-A;UN;Escola M. Célio Sarzedas;1501;12;12
MED08;15.80;15.020.0173-A;UN;Escola M. Mônica de Andrade Ribeiro;1276;27;27
MED08;15.80;15.020.0173-A;UN;Escola M. Francisco de Assis Medeiros Rangel;1321;25;25
MED08;15.80;15.020.0173-A;UN;Escola M. Paulo Pinheiro;1425;18;18
MED08;15.80;15.020.0173-A;UN;E.M. FAZENDA DA PRAIA;1822;8;8
MED08;15.80;15.020.0173-A;UN;Escola M. Senhorinha de Oliveira Gomes;1053;8;8
MED08;15.80;15.020.0173-A;UN;Creche Dona Lina;757;12;12
MED08;15.80;15.020.0173-A;UN;CEMADA;1826;4;4
MED08;15.80;15.020.0173-A;UN;CEMAEE - Centro M. de Atentimento Edu. Especializado;731;4;4
MED08;15.80;15.020.0173-A;UN;SEMEDE;657;4;4
MED08;15.80;15.020.0173-A;UN;CIEP Mestre Marçal Municipalizado;1160;10;10
MED08;15.80;15.020.0173-A;UN;E.M. PROFª AMÉRICA ABDALLA;1759;12;12
MED08;15.80;15.020.0173-A;UN;E.M. SENHORINHA DE OLIVEIRA GOMES - TIA LOLA;1828;10;10
MED08;15.80;15.020.0173-A;UN;Escola M. América Abdalla;M18 - EMERGÊNCIAL;10;10
MED08;15.80;15.020.0173-A;UN;Escola M. Nadir da Silva Salvador;L30 - EMERGÊNCIAL;1;1
MED08;15.80;15.020.0173-A;UN;Estádio Amaro Mota;L29 - EMERGÊNCIAL;5;5
MED08;15.80;15.020.0173-A;UN;Escola M. José de Oliveira Martins;L17 - EMERGÊNCIAL;18;18
MED08;15.81;15.028.0005-A;UN;;;;0
MED08;15.82;15.028.0010-A;UN;;;;0
MED08;15.83;15.029.0010-A;UN;;;;0
MED08;15.84;15.029.0011-A;UN;;;;0
MED08;15.85;15.029.0012-A;UN;;;;0
MED08;15.86;15.029.0019-A;UN;;;;0
MED08;15.87;15.029.0020-A;UN;;;;0
MED08;15.88;15.029.0021-A;UN;;;;0
MED08;15.89;15.029.0049-A;UN;Creche M. Maria Rosa Ribeiro Pinheiro;1267;1;1
MED08;15.89;15.029.0049-A;UN;Escola M. Senhorinha de Oliveira Gomes;1475;1;1
MED08;15.89;15.029.0049-A;UN;Creche M. Maria Lina Paixão Fontes Coutinho;1546;1;1
MED08;15.90;15.029.0080-A;UN;E.M. INAYÁ MORÁES D´COUTO;1802;1;1
MED08;15.90;15.029.0080-A;UN;E.M. ENEDINA FIDÉLIS MOREIRA;1882;1;1
MED08;15.90;15.029.0080-A;UN;Escola M. Enedina Fidélis Moreira;1936;1;1
MED08;15.90;15.029.0080-A;UN;Creche M. Maria Rosa Ribeiro Pinheiro;1219;1;1
MED08;15.90;15.029.0080-A;UN;E.M ROCHA LEÃO;;1;1
MED08;15.91;15.030.0030-A;UN;CAMPO GILBERTO CABRAL;;2;2
MED08;15.91;15.030.0030-A;UN;E.M. MARIA TEIXEIRA DE PAULA;1885;4;4
MED08;15.92;15.030.0032-A;UN;Escola M. Fany Batista Esteves;1977;2;2
MED08;15.92;15.030.0032-A;UN;Escola M. Marinete Coelho Souza;1398;1;1
MED08;15.92;15.030.0032-A;UN;Escola M. Fazendas Reunidas Atlântica;1314;4;4
MED08;15.92;15.030.0032-A;UN;Creche M. Dona Senhorinha;1476;3;3
MED08;15.92;15.030.0032-A;UN;Escola M. Jovenil Bastos da Silva;1975;1;1
MED08;15.92;15.030.0032-A;UN;SEMEDE;1875;1;1
MED08;15.92;15.030.0032-A;UN;Estádio Julieta Viana;1343;1;1
MED08;15.92;15.030.0032-A;UN;Escola M. Pedro Moreira dos Santos;1372;1;1
MED08;15.92;15.030.0032-A;UN;João Batista (Retirada de ar na bomba);M12 - EMERGÊNCIAL;1;1
MED08;15.92;15.030.0032-A;UN;C.B.F Centro de Treinamento Gilson Zarour;M04 - EMERGÊNCIAL;1;1
MED08;15.93;15.030.0034-A;UN;CAMPO GILBERTO CABRAL;;1;1
MED08;15.93;15.030.0034-A;UN;Escola M. Marinete Coelho Souza;1400;4;4
MED08;15.93;15.030.0034-A;UN;Escola M. Nadir da Silva Salvador;1397;5;5
MED08;15.93;15.030.0034-A;UN;Escola M. Pedro Moreira dos Santos;1375;1;1
MED08;15.94;15.030.0038-A;UN;;;;0
MED08;15.95;15.030.0040-A;UN;;;;0
MED08;15.96;15.036.0010-A;M;E.M RIO DAS OSTRAS;1808;397;397
MED08;15.97;15.036.0011-A;M;;;;0
MED08;15.98;15.036.0027-A;M;CAMPO GILBERTO CABRAL;;24;24
MED08;15.98;15.036.0027-A;M;E.M. João Batista (Retirada de ar na bomba);M12 - EMERGÊNCIAL;30;30
MED08;15.98;15.036.0027-A;M;Creche M. Maria Rosa R. Pinheiro (Tia Didi)(Retirada de ar na bomba);L41 - EMERGÊNCIAL;6;6
MED08;15.98;15.036.0027-A;M;Escola M. Senhorinha de Oliveira Gomes (Desentupimento vaso);L36 - EMERGÊNCIAL;6;6
MED08;15.98;15.036.0027-A;M;Escola M. Simar Machado Sodré (Desentupimento de vaso);L28 - EMERGÊNCIAL;5;5
MED08;15.98;15.036.0027-A;M;Escola M. Marinete Coelho Souza;L22 - EMERGÊNCIAL;6;6
MED08;15.98;15.036.0027-A;M;E.M. MARIA TEIXEIRA DE PAULA;1885;6;6
MED08;15.99;15.036.0028-A;M;E.M ROCHA LEÃO;;20;20
MED08;15.99;15.036.0028-A;M;Escola M. Padre José Dilson Dórea;1246;14;14
MED08;15.99;15.036.0028-A;M;Escola M. Jovenil Bastos da Silva;1975;1;1
MED08;15.99;15.036.0028-A;M;Escola M. Fazendas Reunidas Atlântica;1314;1;1
MED08;15.99;15.036.0028-A;M;Escola M. Pedro Moreira dos Santos;1372;6;6
MED08;15.99;15.036.0028-A;M;SEMEDE;1875;10;10
MED08;15.99;15.036.0028-A;M;C.B.F Centro de Treinamento Gilson Zarour;M04 - EMERGÊNCIAL;6;6
MED08;15100;15.036.0045-A;M;CAMPO GILBERTO CABRAL;;82;82
MED08;15100;15.036.0045-A;M;Escola M. Pedro Moreira dos Santos;1375;6;6
MED08;15100;15.036.0045-A;M;Escola M. Marinete Coelho Souza;1400;2;2
MED08;15101;15.036.0046-A;M;Escola M. João Bento Duarte Neto;1180;10;10
MED08;15102;15.036.0047-A;M;E.M. PROFª AMÉRICA ABDALLA;1759;15;15
MED08;15103;15.036.0048-A;M;E.M. PROFª AMÉRICA ABDALLA;1759;30;30
MED08;15103;15.036.0048-A;M;Escola M. Padre José Dilson Dórea;292;40;40
MED08;15104;15.036.0053-A;M;;;;0
MED08;16.1;16.001.0050-A;M2;PRAÇA DE SKATE;TELHADO;3.6 x 2.7 x 1;9.72
MED08;16.2;16.001.0060-A;M2;;;;0
MED08;16.3;16.001.0067-A;UN;;;;0
MED08;16.4;16.001.0085-A;M2;;;;0
MED08;16.5;16.001.0086-A;M2;;;;0
MED08;16.6;16.002.0005-A;M2;;;;0
MED08;16.7;16.002.0010-A;M2;PRAÇA DE SKATE;TELHADO;3.6 x 2.7 x 1;9.72
MED08;16.7;16.002.0010-A;M2;CAMPO GILBERTO CABRAL;TELHADO VESTIÁRIO;0.5 x 0.19 x 30;2.85
MED08;16.7;16.002.0010-A;M2;Escola M. João Bento Duarte Neto;1460;3.2 x 1.5 x 1;4.8
MED08;16.7;16.002.0010-A;M2;Escola M. Fazenda da Praia;1622;1.2 x 2 x 1;2.4
MED08;16.7;16.002.0010-A;M2;Creche M. Maria Rosa Ribeiro Pinheiro;1230;1.5 x 2 x 1;3
MED08;16.7;16.002.0010-A;M2;Escola M. Ondina Pinto Marcondes;1041;5 x 0.2 x 1;1
MED08;16.7;16.002.0010-A;M2;Escola M. Henrique Sarzedas;1736;2 x 3 x 1;6
MED08;16.8;16.002.0015-A;M;;;;0
MED08;16.9;16.002.0025-A;M;E.M ROCHA LEÃO;TELHADO;13.18 x 1;13.18
MED08;16.9;16.002.0025-A;M;PRAÇA DE SKATE;TELHADO;6.3 x 1;6.3
MED08;16.9;16.002.0025-A;M;GILBERTO CABRAL;TELHADO;17.83 x 1;17.83
MED08;16.10;16.004.0015-A;M2;;;;0
MED08;16.11;16.005.0006-A;M2;Escola M. Francisco de Assis Medeiros Rangel;1938;27 x 1.8 x 0.1;4.86
MED08;16.11;16.005.0006-A;M2;CAMPO GILBERTO CABRAL;TAPUME;75 x 2 x 1;150
MED08;16.12;16.005.0008-A;M;;;;0
MED08;16.13;16.005.0018-A;M;Escola M. Henrique Sarzedas;1736;15 x 1;15
MED08;16.14;16.005.0027-A;M;;;;0
MED08;16.15;16.005.0075-A;M2;;;;0
MED08;16.16;16.020.0001-A;M2;E.M. HERIQUE SARZEDAS;BALCÃO;1.7 x 0.6 x 1;1.02
MED08;16.16;16.020.0001-A;M2;Escola M. Fazenda da Praia;1622;1 x 0.4 x 1;0.4
MED08;16.17;16.026.0002-A;M2;Escola M. Jerônymo Mendes da Costa;1137;5;5
MED08;16.17;16.026.0002-A;M2;NUGEPE;1835;5;5
MED08;16.17;16.026.0002-A;M2;Escola M. Paulo Pinheiro;1589;5;5
MED08;16.17;16.026.0002-A;M2;Escola M. Pedro Moreira dos Santos;1038;5.76;5.76
MED08;16.17;16.026.0002-A;M2;Creche M. Maria Rosa Ribeiro Pinheiro;727;2.88;2.88
MED08;16.17;16.026.0002-A;M2;Escola M. João Batista Gomes da Cruz;964;3.6;3.6
MED08;16.17;16.026.0002-A;M2;Escola M. Rosângela Duarte Faria;1550;9.72;9.72
MED08;16.17;16.026.0002-A;M2;Escola M. Maria da Penha de Oliveira;1376;10.36;10.36
MED08;16.17;16.026.0002-A;M2;Escola M. Rio das Ostras;988;6.48;6.48
MED08;16.17;16.026.0002-A;M2;Escola M. Nadir da Silva Salvador;1114;0.58;0.58
MED08;16.17;16.026.0002-A;M2;E.M. PROFª AMÉRICA ABDALLA;1759;4.44;4.44
MED08;16.18;16.027.0001-A;M2;;;;0
MED08;16.19;16.034.0003-A;M2;;;;0
MED08;17.1;17.017.0010-A;M2;CEMADA;;523.979 x 0.05;26.19895
MED08;17.1;17.017.0010-A;M2;E.M DONA LINA;;2918.4044 x 0.05;145.92022
MED08;17.1;17.017.0010-A;M2;E.M ERNESTINA JORGE;;1504.4687 x 0.05;75.223435
MED08;17.1;17.017.0010-A;M2;E.M JOSÉ DE OLIVEIRA;;1612.1569 x 0.05;80.607845
MED08;17.1;17.017.0010-A;M2;E.M MARINETE COELHO;;2560.6196 x 0.05;128.03098
MED08;17.1;17.017.0010-A;M2;E.M ALBERTO JORGE;;360 x 0.05;18
MED08;17.1;17.017.0010-A;M2;E.M PAULO PINHEIRO;;657.2 x 0.05;32.86
MED08;17.1;17.017.0010-A;M2;E.M MARIA ROSA;;2812.4079 x 0.05;140.620395
MED08;17.1;17.017.0010-A;M2;E.M NELZIR;;1799.568 x 0.05;89.9784
MED08;17.1;17.017.0010-A;M2;E.M ARI GOMES;;275.58 x 0.05;13.779
MED08;17.1;17.017.0010-A;M2;E.M SOLANGE VIANNA;;2083.5311 x 0.05;104.176555
MED08;17.1;17.017.0010-A;M2;PRAÇA DE SKATE;;95.413 x 0.05;4.77065
MED08;17.1;17.017.0010-A;M2;E.M ROCHA LEÃO;PAREDE;1.7 x 2 x 4;13.6
MED08;17.1;17.017.0010-A;M2;E.M ROCHA LEÃO;PAREDE;1.55 x 0.9 x 2;2.79
MED08;17.1;17.017.0010-A;M2;E.M ROCHA LEÃO;PAREDE;1.45 x 0.9 x 2;2.61
MED08;17.1;17.017.0010-A;M2;E.M. MARIA TEIXEIRA DE PAULA;1837;45;45
MED08;17.2;17.017.0100-A;M2;E.M. DONA LINA;PORTAS E ADUELAS;1.14 x 2.15 x 24;58.824
MED08;17.2;17.017.0100-A;M2;E.M ERNESTINA JORGE;APLICAÇÃO DE VERNIZ;0.7 x 2.15 x 1;1.505
MED08;17.2;17.017.0100-A;M2;E.M ERNESTINA JORGE;APLICAÇÃO DE VERNIZ;2.44 x 1.53 x 1;3.7332
MED08;17.2;17.017.0100-A;M2;E.M ERNESTINA JORGE;APLICAÇÃO DE VERNIZ;0.63 x 0.63 x 1;0.3969
MED08;17.2;17.017.0100-A;M2;E.M ERNESTINA JORGE;APLICAÇÃO DE VERNIZ;2.36 x 1.6 x 1;3.776
MED08;17.2;17.017.0100-A;M2;E.M ERNESTINA JORGE;APLICAÇÃO DE VERNIZ;3.9 x 1.6 x 9;56.16
MED08;17.2;17.017.0100-A;M2;E.M ERNESTINA JORGE;APLICAÇÃO DE VERNIZ;3.02 x 1.6 x 1;4.832
MED08;17.2;17.017.0100-A;M2;E.M ERNESTINA JORGE;APLICAÇÃO DE VERNIZ;0.79 x 2.13 x 2;3.3654
MED08;17.2;17.017.0100-A;M2;E.M ERNESTINA JORGE;APLICAÇÃO DE VERNIZ;0.58 x 1.52 x 4;3.5264
MED08;17.2;17.017.0100-A;M2;E.M ERNESTINA JORGE;APLICAÇÃO DE VERNIZ;1.22 x 1.22 x 3;4.4652
MED08;17.2;17.017.0100-A;M2;E.M ERNESTINA JORGE;APLICAÇÃO DE VERNIZ;1 x 2.15 x 1;2.15
MED08;17.2;17.017.0100-A;M2;E.M JOSÉ DE OLIVEIRA;APLICAÇÃO DE VERNIZ;0.84 x 2.45 x 12;24.696
MED08;17.2;17.017.0100-A;M2;E.M JOSÉ DE OLIVEIRA;APLICAÇÃO DE VERNIZ;0.9 x 2.2 x 2;3.96
MED08;17.2;17.017.0100-A;M2;E.M JOSÉ DE OLIVEIRA;APLICAÇÃO DE VERNIZ;0.66 x 0.66 x 2;0.8712
MED08;17.2;17.017.0100-A;M2;E.M JOSÉ DE OLIVEIRA;APLICAÇÃO DE VERNIZ;0.86 x 1.26 x 1;1.0836
MED08;17.2;17.017.0100-A;M2;E.M JOSÉ DE OLIVEIRA;APLICAÇÃO DE VERNIZ;0.95 x 2.05 x 4;7.79
MED08;17.2;17.017.0100-A;M2;E.M JOSÉ DE OLIVEIRA;APLICAÇÃO DE VERNIZ;1 x 2.2 x 1;2.2
MED08;17.2;17.017.0100-A;M2;E.M JOSÉ DE OLIVEIRA;APLICAÇÃO DE VERNIZ;0.72 x 2.2 x 1;1.584
MED08;17.2;17.017.0100-A;M2;E.M MARINETE COELHO;APLICAÇÃO DE VERNIZ;3 x 0.6 x 2;3.6
MED08;17.2;17.017.0100-A;M2;E.M MARINETE COELHO;APLICAÇÃO DE VERNIZ;2.5 x 1 x 11;27.5
MED08;17.2;17.017.0100-A;M2;E.M MARINETE COELHO;APLICAÇÃO DE VERNIZ;0.9 x 2.15 x 1;1.935
MED08;17.2;17.017.0100-A;M2;E.M MARINETE COELHO;APLICAÇÃO DE VERNIZ;2.4 x 2.15 x 1;5.16
MED08;17.2;17.017.0100-A;M2;E.M MARINETE COELHO;APLICAÇÃO DE VERNIZ;3.3 x 2.15 x 6;42.57
MED08;17.2;17.017.0100-A;M2;E.M MARINETE COELHO;APLICAÇÃO DE VERNIZ;2 x 1 x 3;6
MED08;17.2;17.017.0100-A;M2;E.M MARINETE COELHO;APLICAÇÃO DE VERNIZ;1 x 1 x 2;2
MED08;17.2;17.017.0100-A;M2;E.M MARINETE COELHO;APLICAÇÃO DE VERNIZ;1.45 x 0.8 x 1;1.16
MED08;17.2;17.017.0100-A;M2;E.M MARINETE COELHO;APLICAÇÃO DE VERNIZ;2.5 x 0.6 x 1;1.5
MED08;17.2;17.017.0100-A;M2;E.M MARINETE COELHO;APLICAÇÃO DE VERNIZ;3.15 x 0.68 x 2;4.284
MED08;17.2;17.017.0100-A;M2;E.M MARINETE COELHO;APLICAÇÃO DE VERNIZ;1.55 x 0.65 x 2;2.015
MED08;17.2;17.017.0100-A;M2;E.M MARINETE COELHO;APLICAÇÃO DE VERNIZ;1.3 x 2.15 x 3;8.385
MED08;17.2;17.017.0100-A;M2;E.M MARIA ROSA;APLICAÇÃO DE VERNIZ;0.9 x 2.15 x 2;3.87
MED08;17.2;17.017.0100-A;M2;E.M NELZIR;APLICAÇÃO DE VERNIZ;1.6 x 0.9 x 24;34.56
MED08;17.2;17.017.0100-A;M2;E.M NELZIR;APLICAÇÃO DE VERNIZ;0.7 x 0.7 x 1;0.49
MED08;17.2;17.017.0100-A;M2;E.M NELZIR;APLICAÇÃO DE VERNIZ;0.8 x 2.15 x 2;3.44
MED08;17.2;17.017.0100-A;M2;E.M NELZIR;APLICAÇÃO DE VERNIZ;0.85 x 2.95 x 2;5.015
MED08;17.2;17.017.0100-A;M2;E.M NELZIR;APLICAÇÃO DE VERNIZ;2.95 x 2.15 x 6;38.055
MED08;17.2;17.017.0100-A;M2;E.M SOLANGE VIANNA;APLICAÇÃO DE VERNIZ;2.6 x 1.25 x 3;9.75
MED08;17.2;17.017.0100-A;M2;E.M SOLANGE VIANNA;APLICAÇÃO DE VERNIZ;2.05 x 1.25 x 8;20.5
MED08;17.2;17.017.0100-A;M2;E.M SOLANGE VIANNA;APLICAÇÃO DE VERNIZ;0.65 x 0.65 x 2;0.845
MED08;17.2;17.017.0100-A;M2;E.M SOLANGE VIANNA;APLICAÇÃO DE VERNIZ;1.25 x 1.2 x 3;4.5
MED08;17.2;17.017.0100-A;M2;E.M SOLANGE VIANNA;APLICAÇÃO DE VERNIZ;0.64 x 2.55 x 3;4.896
MED08;17.2;17.017.0100-A;M2;E.M SOLANGE VIANNA;APLICAÇÃO DE VERNIZ;0.7 x 1.2 x 1;0.84
MED08;17.2;17.017.0100-A;M2;PRAÇA DE SKATE;PORTA;0.9 x 2.1 x 2;3.78
MED08;17.2;17.017.0100-A;M2;E.M ROCHA LEÃO;PORTA;0.9 x 2.1 x 2;3.78
MED08;17.2;17.017.0100-A;M2;E.M ROCHA LEÃO;PORTA;0.8 x 2.1 x 2;3.36
MED08;17.2;17.017.0100-A;M2;E.M. JOSÉ DE OLIVEIRA MARTINS;1836;0.8 x 2.1 x 2;3.36
MED08;17.2;17.017.0100-A;M2;CEMADA;1845;0.8 x 2.1 x 4;6.72
MED08;17.2;17.017.0100-A;M2;Escola M. Inayá Moraes D'Couto;1471;0.9 x 2.1 x 2;3.78
MED08;17.2;17.017.0100-A;M2;Escola M. Padre José Dilson Dórea;296;0.8 x 2.1 x 4;6.72
MED08;17.2;17.017.0100-A;M2;Escola M. Rosângela Duarte Faria;1091;0.9 x 2.1 x 2;3.78
MED08;17.2;17.017.0100-A;M2;Escola M. Padre José Dilson Dórea;1571;0.9 x 2.1 x 4;7.56
MED08;17.2;17.017.0100-A;M2;E.M. FAZENDA DA PRAIA;1816;0.9 x 2.1 x 4;7.56
MED08;17.2;17.017.0100-A;M2;Escola M. Fazendas Reunidas Atlântica;1313;0.7 x 2.1 x 2;2.94
MED08;17.2;17.017.0100-A;M2;Creche Dona Lina;1208;0.9 x 2.1 x 1;1.89
MED08;17.2;17.017.0100-A;M2;Escola M. Neli Aparecida Tâmara Luiz;1275;0.9 x 2.1 x 1;1.89
MED08;17.3;17.017.0110-A;M2;E.M. DONA LINA;PORTAS E ADUELAS;1.14 x 2.15 x 24;58.824
MED08;17.3;17.017.0110-A;M2;E.M ERNESTINA JORGE;APLICAÇÃO DE VERNIZ;0.7 x 2.15 x 1;1.505
MED08;17.3;17.017.0110-A;M2;E.M ERNESTINA JORGE;APLICAÇÃO DE VERNIZ;2.44 x 1.53 x 1;3.7332
MED08;17.3;17.017.0110-A;M2;E.M ERNESTINA JORGE;APLICAÇÃO DE VERNIZ;0.63 x 0.63 x 1;0.3969
MED08;17.3;17.017.0110-A;M2;E.M ERNESTINA JORGE;APLICAÇÃO DE VERNIZ;2.36 x 1.6 x 1;3.776
MED08;17.3;17.017.0110-A;M2;E.M ERNESTINA JORGE;APLICAÇÃO DE VERNIZ;3.9 x 1.6 x 9;56.16
MED08;17.3;17.017.0110-A;M2;E.M ERNESTINA JORGE;APLICAÇÃO DE VERNIZ;3.02 x 1.6 x 1;4.832
MED08;17.3;17.017.0110-A;M2;E.M ERNESTINA JORGE;APLICAÇÃO DE VERNIZ;0.79 x 2.13 x 2;3.3654
MED08;17.3;17.017.0110-A;M2;E.M ERNESTINA JORGE;APLICAÇÃO DE VERNIZ;0.58 x 1.52 x 4;3.5264
MED08;17.3;17.017.0110-A;M2;E.M ERNESTINA JORGE;APLICAÇÃO DE VERNIZ;1.22 x 1.22 x 3;4.4652
MED08;17.3;17.017.0110-A;M2;E.M ERNESTINA JORGE;APLICAÇÃO DE VERNIZ;1 x 2.15 x 1;2.15
MED08;17.3;17.017.0110-A;M2;E.M JOSÉ DE OLIVEIRA;APLICAÇÃO DE VERNIZ;0.84 x 2.45 x 12;24.696
MED08;17.3;17.017.0110-A;M2;E.M JOSÉ DE OLIVEIRA;APLICAÇÃO DE VERNIZ;0.9 x 2.2 x 2;3.96
MED08;17.3;17.017.0110-A;M2;E.M JOSÉ DE OLIVEIRA;APLICAÇÃO DE VERNIZ;0.66 x 0.66 x 2;0.8712
MED08;17.3;17.017.0110-A;M2;E.M JOSÉ DE OLIVEIRA;APLICAÇÃO DE VERNIZ;0.86 x 1.26 x 1;1.0836
MED08;17.3;17.017.0110-A;M2;E.M JOSÉ DE OLIVEIRA;APLICAÇÃO DE VERNIZ;0.95 x 2.05 x 4;7.79
MED08;17.3;17.017.0110-A;M2;E.M JOSÉ DE OLIVEIRA;APLICAÇÃO DE VERNIZ;1 x 2.2 x 1;2.2
MED08;17.3;17.017.0110-A;M2;E.M JOSÉ DE OLIVEIRA;APLICAÇÃO DE VERNIZ;0.72 x 2.2 x 1;1.584
MED08;17.3;17.017.0110-A;M2;E.M MARINETE COELHO;APLICAÇÃO DE VERNIZ;3 x 0.6 x 2;3.6
MED08;17.3;17.017.0110-A;M2;E.M MARINETE COELHO;APLICAÇÃO DE VERNIZ;2.5 x 1 x 11;27.5
MED08;17.3;17.017.0110-A;M2;E.M MARINETE COELHO;APLICAÇÃO DE VERNIZ;0.9 x 2.15 x 1;1.935
MED08;17.3;17.017.0110-A;M2;E.M MARINETE COELHO;APLICAÇÃO DE VERNIZ;2.4 x 2.15 x 1;5.16
MED08;17.3;17.017.0110-A;M2;E.M MARINETE COELHO;APLICAÇÃO DE VERNIZ;3.3 x 2.15 x 6;42.57
MED08;17.3;17.017.0110-A;M2;E.M MARINETE COELHO;APLICAÇÃO DE VERNIZ;2 x 1 x 3;6
MED08;17.3;17.017.0110-A;M2;E.M MARINETE COELHO;APLICAÇÃO DE VERNIZ;1 x 1 x 2;2
MED08;17.3;17.017.0110-A;M2;E.M MARINETE COELHO;APLICAÇÃO DE VERNIZ;1.45 x 0.8 x 1;1.16
MED08;17.3;17.017.0110-A;M2;E.M MARINETE COELHO;APLICAÇÃO DE VERNIZ;2.5 x 0.6 x 1;1.5
MED08;17.3;17.017.0110-A;M2;E.M MARINETE COELHO;APLICAÇÃO DE VERNIZ;3.15 x 0.68 x 2;4.284
MED08;17.3;17.017.0110-A;M2;E.M MARINETE COELHO;APLICAÇÃO DE VERNIZ;1.55 x 0.65 x 2;2.015
MED08;17.3;17.017.0110-A;M2;E.M MARINETE COELHO;APLICAÇÃO DE VERNIZ;1.3 x 2.15 x 3;8.385
MED08;17.3;17.017.0110-A;M2;E.M MARIA ROSA;APLICAÇÃO DE VERNIZ;0.9 x 2.15 x 2;3.87
MED08;17.3;17.017.0110-A;M2;E.M NELZIR;APLICAÇÃO DE VERNIZ;1.6 x 0.9 x 24;34.56
MED08;17.3;17.017.0110-A;M2;E.M NELZIR;APLICAÇÃO DE VERNIZ;0.7 x 0.7 x 1;0.49
MED08;17.3;17.017.0110-A;M2;E.M NELZIR;APLICAÇÃO DE VERNIZ;0.8 x 2.15 x 2;3.44
MED08;17.3;17.017.0110-A;M2;E.M NELZIR;APLICAÇÃO DE VERNIZ;0.85 x 2.95 x 2;5.015
MED08;17.3;17.017.0110-A;M2;E.M NELZIR;APLICAÇÃO DE VERNIZ;2.95 x 2.15 x 6;38.055
MED08;17.3;17.017.0110-A;M2;E.M SOLANGE VIANNA;APLICAÇÃO DE VERNIZ;2.6 x 1.25 x 3;9.75
MED08;17.3;17.017.0110-A;M2;E.M SOLANGE VIANNA;APLICAÇÃO DE VERNIZ;2.05 x 1.25 x 8;20.5
MED08;17.3;17.017.0110-A;M2;E.M SOLANGE VIANNA;APLICAÇÃO DE VERNIZ;0.65 x 0.65 x 2;0.845
MED08;17.3;17.017.0110-A;M2;E.M SOLANGE VIANNA;APLICAÇÃO DE VERNIZ;1.25 x 1.2 x 3;4.5
MED08;17.3;17.017.0110-A;M2;E.M SOLANGE VIANNA;APLICAÇÃO DE VERNIZ;0.64 x 2.55 x 3;4.896
MED08;17.3;17.017.0110-A;M2;E.M SOLANGE VIANNA;APLICAÇÃO DE VERNIZ;0.7 x 1.2 x 1;0.84
MED08;17.3;17.017.0110-A;M2;PRAÇA DE SKATE;PORTA;0.9 x 2.1 x 2;3.78
MED08;17.3;17.017.0110-A;M2;E.M ROCHA LEÃO;PORTA;0.9 x 2.1 x 2;3.78
MED08;17.3;17.017.0110-A;M2;E.M ROCHA LEÃO;PORTA;0.8 x 2.1 x 2;3.36
MED08;17.3;17.017.0110-A;M2;E.M. JOSÉ DE OLIVEIRA MARTINS;1836;0.8 x 2.1 x 2;3.36
MED08;17.3;17.017.0110-A;M2;CEMADA;1845;0.8 x 2.1 x 4;6.72
MED08;17.3;17.017.0110-A;M2;Escola M. Inayá Moraes D'Couto;1471;0.9 x 2.1 x 2;3.78
MED08;17.3;17.017.0110-A;M2;Escola M. Padre José Dilson Dórea;296;0.8 x 2.1 x 4;6.72
MED08;17.3;17.017.0110-A;M2;Escola M. Rosângela Duarte Faria;1091;0.9 x 2.1 x 2;3.78
MED08;17.3;17.017.0110-A;M2;Escola M. Padre José Dilson Dórea;1571;0.9 x 2.1 x 4;7.56
MED08;17.3;17.017.0110-A;M2;E.M. FAZENDA DA PRAIA;1816;0.9 x 2.1 x 4;7.56
MED08;17.3;17.017.0110-A;M2;Escola M. Fazendas Reunidas Atlântica;1313;0.7 x 2.1 x 4;5.88
MED08;17.3;17.017.0110-A;M2;Creche Dona Lina;1208;0.9 x 2.1 x 2;3.78
MED08;17.3;17.017.0110-A;M2;Escola M. Neli Aparecida Tâmara Luiz;1275;0.9 x 2.1 x 2;3.78
MED08;17.4;17.017.0320-A;M2;CEMADA;PORTÃO;0.9 x 2 x 2;3.6
MED08;17.4;17.017.0320-A;M2;E.M DONA LINA;GRADIL;4.3 x 0.9 x 2;7.74
MED08;17.4;17.017.0320-A;M2;E.M DONA LINA;GRADIL;4.3 x 0.9 x 2;7.74
MED08;17.4;17.017.0320-A;M2;E.M DONA LINA;GRADIL;4.3 x 0.9 x 2;7.74
MED08;17.4;17.017.0320-A;M2;E.M DONA LINA;GRADIL;1.39 x 0.9 x 2;2.502
MED08;17.4;17.017.0320-A;M2;E.M DONA LINA;GRADIL;1.29 x 0.9 x 2;2.322
MED08;17.4;17.017.0320-A;M2;E.M DONA LINA;GRADIL;19.5 x 0.9 x 2;35.1
MED08;17.4;17.017.0320-A;M2;E.M DONA LINA;GRADIL;1.39 x 0.9 x 2;2.502
MED08;17.4;17.017.0320-A;M2;E.M DONA LINA;GRADIL;1.39 x 0.9 x 2;2.502
MED08;17.4;17.017.0320-A;M2;E.M DONA LINA;GRADIL;1.39 x 0.9 x 2;2.502
MED08;17.4;17.017.0320-A;M2;E.M DONA LINA;GRADIL;12.9 x 0.9 x 1;11.61
MED08;17.4;17.017.0320-A;M2;E.M DONA LINA;GRADIL;1.39 x 0.9 x 1;1.251
MED08;17.4;17.017.0320-A;M2;E.M DONA LINA;GRADIL;4.93 x 0.9 x 1;4.437
MED08;17.4;17.017.0320-A;M2;E.M DONA LINA;GRADIL;4.93 x 0.9 x 1;4.437
MED08;17.4;17.017.0320-A;M2;E.M DONA LINA;GRADIL;1.39 x 0.9 x 1;1.251
MED08;17.4;17.017.0320-A;M2;E.M DONA LINA;GRADIL;1.39 x 0.9 x 1;1.251
MED08;17.4;17.017.0320-A;M2;E.M DONA LINA;GRADIL;4.93 x 0.9 x 1;4.437
MED08;17.4;17.017.0320-A;M2;E.M DONA LINA;GRADIL;4.89 x 0.9 x 1;4.401
MED08;17.4;17.017.0320-A;M2;E.M DONA LINA;GRADIL;1.39 x 0.9 x 1;1.251
MED08;17.4;17.017.0320-A;M2;E.M DONA LINA;GRADIL;1.4 x 2.17 x 8;24.304
MED08;17.4;17.017.0320-A;M2;E.M DONA LINA;GRADIL;4.9 x 2.66 x 8;104.272
MED08;17.4;17.017.0320-A;M2;E.M DONA LINA;GRADIL;3.6 x 1.98 x 4;28.512
MED08;17.4;17.017.0320-A;M2;E.M DONA LINA;GRADIL;3.6 x 1.57 x 2;11.304
MED08;17.4;17.017.0320-A;M2;E.M DONA LINA;GRADIL;2.43 x 0.9 x 2;4.374
MED08;17.4;17.017.0320-A;M2;E.M DONA LINA;GRADIL;1.59 x 2.19 x 4;13.9284
MED08;17.4;17.017.0320-A;M2;E.M DONA LINA;GRADIL;2.1 x 1.22 x 4;10.248
MED08;17.4;17.017.0320-A;M2;E.M DONA LINA;GRADIL;6.2 x 3 x 2;37.2
MED08;17.4;17.017.0320-A;M2;E.M ERNESTINA JORGE;GRADIL;0.73 x 0.9 x 2;1.314
MED08;17.4;17.017.0320-A;M2;E.M ERNESTINA JORGE;GRADIL;0.72 x 1.7 x 2;2.448
MED08;17.4;17.017.0320-A;M2;E.M ERNESTINA JORGE;GRADIL;0.96 x 2.15 x 10;20.64
MED08;17.4;17.017.0320-A;M2;E.M ERNESTINA JORGE;GRADIL;0.5 x 0.69 x 4;1.38
MED08;17.4;17.017.0320-A;M2;E.M ERNESTINA JORGE;GRADIL;0.5 x 0.42 x 4;0.84
MED08;17.4;17.017.0320-A;M2;E.M ERNESTINA JORGE;GRADIL;1.58 x 1.6 x 2;5.056
MED08;17.4;17.017.0320-A;M2;E.M ERNESTINA JORGE;GRADIL;2.36 x 1.64 x 2;7.7408
MED08;17.4;17.017.0320-A;M2;E.M ERNESTINA JORGE;GRADIL;3.9 x 1.64 x 18;115.128
MED08;17.4;17.017.0320-A;M2;E.M ERNESTINA JORGE;GRADIL;2.91 x 0.72 x 1;2.0952
MED08;17.4;17.017.0320-A;M2;E.M ERNESTINA JORGE;GRADIL;1.37 x 2.15 x 4;11.782
MED08;17.4;17.017.0320-A;M2;E.M ERNESTINA JORGE;GRADIL;0.74 x 2.13 x 4;6.3048
MED08;17.4;17.017.0320-A;M2;E.M ERNESTINA JORGE;GRADIL;1.55 x 1.3 x 4;8.06
MED08;17.4;17.017.0320-A;M2;E.M ERNESTINA JORGE;GRADIL;35 x 2.2 x 1;77
MED08;17.4;17.017.0320-A;M2;E.M ERNESTINA JORGE;GRADIL;59.92 x 2.2 x 1;131.824
MED08;17.4;17.017.0320-A;M2;E.M ERNESTINA JORGE;GRADIL;5.58 x 2 x 2;22.32
MED08;17.4;17.017.0320-A;M2;E.M ERNESTINA JORGE;GRADIL;2.2 x 2.5 x 2;11
MED08;17.4;17.017.0320-A;M2;E.M ERNESTINA JORGE;GRADIL;2 x 2.55 x 2;10.2
MED08;17.4;17.017.0320-A;M2;E.M ERNESTINA JORGE;ESTRUTURA COBERTURA;2 x 3 x 4;24
MED08;17.4;17.017.0320-A;M2;E.M JOSÉ DE OLIVEIRA;GRADIL;2.16 x 3.08 x 4;26.6112
MED08;17.4;17.017.0320-A;M2;E.M JOSÉ DE OLIVEIRA;GRADIL;2.55 x 1.1 x 4;11.22
MED08;17.4;17.017.0320-A;M2;E.M JOSÉ DE OLIVEIRA;GRADIL;1.08 x 0.7 x 1;0.756
MED08;17.4;17.017.0320-A;M2;E.M JOSÉ DE OLIVEIRA;GRADIL;0.55 x 0.63 x 2;0.693
MED08;17.4;17.017.0320-A;M2;E.M JOSÉ DE OLIVEIRA;GRADIL;1 x 2.1 x 2;4.2
MED08;17.4;17.017.0320-A;M2;E.M JOSÉ DE OLIVEIRA;GRADIL;0.95 x 3 x 2;5.7
MED08;17.4;17.017.0320-A;M2;E.M MARINETE COELHO;GRADIL;1.1 x 1.6 x 2;3.52
MED08;17.4;17.017.0320-A;M2;E.M MARINETE COELHO;GRADIL;0.85 x 1.75 x 1;1.4875
MED08;17.4;17.017.0320-A;M2;E.M MARINETE COELHO;GRADIL;0.8 x 0.5 x 2;0.8
MED08;17.4;17.017.0320-A;M2;E.M MARINETE COELHO;GRADIL;1.7 x 1 x 2;3.4
MED08;17.4;17.017.0320-A;M2;E.M PAULO PINHEIRO;PORTÕES;3.1 x 1.95 x 2;12.09
MED08;17.4;17.017.0320-A;M2;E.M PAULO PINHEIRO;PORTÕES;3.1 x 1.95 x 2;12.09
MED08;17.4;17.017.0320-A;M2;E.M PAULO PINHEIRO;PORTÕES;3.1 x 1.95 x 2;12.09
MED08;17.4;17.017.0320-A;M2;E.M PAULO PINHEIRO;PORTÕES;3.1 x 1.65 x 2;10.23
MED08;17.4;17.017.0320-A;M2;E.M PAULO PINHEIRO;PORTÕES;3 x 1.7 x 2;10.2
MED08;17.4;17.017.0320-A;M2;E.M PAULO PINHEIRO;ESTRUTURA;5 x 1.5 x 2;15
MED08;17.4;17.017.0320-A;M2;E.M PAULO PINHEIRO;ESTRUTURA;5 x 1.5 x 2;15
MED08;17.4;17.017.0320-A;M2;E.M PAULO PINHEIRO;ESTRUTURA;5 x 1.5 x 2;15
MED08;17.4;17.017.0320-A;M2;E.M PAULO PINHEIRO;ESTRUTURA;4 x 1.5 x 2;12
MED08;17.4;17.017.0320-A;M2;E.M PAULO PINHEIRO;ESTRUTURA;3 x 1.5 x 2;9
MED08;17.4;17.017.0320-A;M2;E.M MARIA ROSA;GRADIL;0.6 x 0.6 x 8;2.88
MED08;17.4;17.017.0320-A;M2;E.M MARIA ROSA;GRADIL;2 x 1.5 x 2;6
MED08;17.4;17.017.0320-A;M2;E.M MARIA ROSA;GRADIL;9.7 x 0.07 x 1;0.679
MED08;17.4;17.017.0320-A;M2;E.M NELZIR;PORTÃO LATERAL;4.4 x 1.9 x 2;16.72
MED08;17.4;17.017.0320-A;M2;E.M NELZIR;ESTRUTURA COBERTURA;5 x 2.4 x 1;12
MED08;17.4;17.017.0320-A;M2;E.M NELZIR;ESTRUTURA COBERTURA;1.5 x 1.35 x 42;85.05
MED08;17.4;17.017.0320-A;M2;E.M NELZIR;ESTRUTURA COBERTURA;2 x 2.9 x 4;23.2
MED08;17.4;17.017.0320-A;M2;E.M NELZIR;ESTRUTURA COBERTURA;1 x 0.8 x 2;1.6
MED08;17.4;17.017.0320-A;M2;E.M NELZIR;ESTRUTURA COBERTURA;0.8 x 2.15 x 10;17.2
MED08;17.4;17.017.0320-A;M2;E.M NELZIR;ESTRUTURA COBERTURA;1 x 2.1 x 2;4.2
MED08;17.4;17.017.0320-A;M2;E.M NELZIR;ESTRUTURA COBERTURA;0.6 x 0.6 x 4;1.44
MED08;17.4;17.017.0320-A;M2;E.M NELZIR;ESTRUTURA COBERTURA;1.25 x 1.7 x 2;4.25
MED08;17.4;17.017.0320-A;M2;E.M ARI GOMES;GRADIL;100 x 3.4 x 1;340
MED08;17.4;17.017.0320-A;M2;E.M ARI GOMES;TRAVES GOL;30 x 0.25 x 1;7.5
MED08;17.4;17.017.0320-A;M2;E.M ARI GOMES;ESTRUTURA;9.05 x 1 x 1;9.05
MED08;17.4;17.017.0320-A;M2;E.M ARI GOMES;TRAVES BASQUETE;5.05 x 0.5 x 2;5.05
MED08;17.4;17.017.0320-A;M2;E.M SOLANGE VIANNA;GRADIL;1.4 x 2.7 x 6;22.68
MED08;17.4;17.017.0320-A;M2;E.M SOLANGE VIANNA;GRADIL;1.4 x 2.2 x 16;49.28
MED08;17.4;17.017.0320-A;M2;E.M SOLANGE VIANNA;GRADIL;1.7 x 2.3 x 2;7.82
MED08;17.4;17.017.0320-A;M2;E.M SOLANGE VIANNA;GRADIL;1 x 0.75 x 4;3
MED08;17.4;17.017.0320-A;M2;E.M SOLANGE VIANNA;GRADIL;1.37 x 1.35 x 6;11.097
MED08;17.4;17.017.0320-A;M2;E.M SOLANGE VIANNA;GRADIL;3.05 x 2.35 x 2;14.335
MED08;17.4;17.017.0320-A;M2;E.M SOLANGE VIANNA;GRADIL;1.2 x 2 x 2;4.8
MED08;17.4;17.017.0320-A;M2;E.M SOLANGE VIANNA;GRADIL;0.52 x 0.6 x 4;1.248
MED08;17.4;17.017.0320-A;M2;E.M SOLANGE VIANNA;GRADIL;1 x 2.7 x 6;16.2
MED08;17.4;17.017.0320-A;M2;E.M SOLANGE VIANNA;GRADIL;0.83 x 1.95 x 4;6.474
MED08;17.4;17.017.0320-A;M2;E.M SOLANGE VIANNA;GRADIL;1.3 x 0.8 x 2;2.08
MED08;17.4;17.017.0320-A;M2;E.M SOLANGE VIANNA;GRADIL;1.1 x 2.2 x 2;4.84
MED08;17.4;17.017.0320-A;M2;E.M SOLANGE VIANNA;GRADIL;1.4 x 0.82 x 2;2.296
MED08;17.4;17.017.0320-A;M2;E.M SOLANGE VIANNA;GRADIL;1.95 x 2.1 x 2;8.19
MED08;17.4;17.017.0320-A;M2;PRAÇA DE SKATE;GRADIL;2.3 x 0.2 x 97;44.62
MED08;17.4;17.017.0320-A;M2;E.M ROCHA LEÃO;;9.7 x 2 x 2;38.8
MED08;17.4;17.017.0320-A;M2;E.M ROCHA LEÃO;;0.94 x 7 x 2;13.16
MED08;17.4;17.017.0320-A;M2;E.M ROCHA LEÃO;;20 x 1 x 2;40
MED08;17.4;17.017.0320-A;M2;E.M ROCHA LEÃO;JANELAS E BÁSCULAS;1.7 x 1.4 x 2;4.76
MED08;17.4;17.017.0320-A;M2;E.M ROCHA LEÃO;JANELAS E BÁSCULAS;0.9 x 0.63 x 4;2.268
MED08;17.4;17.017.0320-A;M2;E.M ROCHA LEÃO;PORTA;0.9 x 2.1 x 2;3.78
MED08;17.4;17.017.0320-A;M2;E.M ROCHA LEÃO;PAREDE;1.7 x 2 x 4;13.6
MED08;17.4;17.017.0320-A;M2;E.M ROCHA LEÃO;PAREDE;1.55 x 0.9 x 2;2.79
MED08;17.4;17.017.0320-A;M2;E.M ROCHA LEÃO;PAREDE;1.45 x 0.9 x 2;2.61
MED08;17.4;17.017.0320-A;M2;E.M ROCHA LEÃO;PAREDE;2.45 x 3 x 7;51.45
MED08;17.4;17.017.0320-A;M2;E.M ROCHA LEÃO;PAREDE;2.45 x 1 x 13;31.85
MED08;17.4;17.017.0320-A;M2;E.M ROCHA LEÃO;PAREDE;3.15 x 1 x 7;22.05
MED08;17.4;17.017.0320-A;M2;E.M ROCHA LEÃO;PAREDE;54.6 x 0.46 x 1;25.12
MED08;17.4;17.017.0320-A;M2;E.M ROCHA LEÃO;PAREDE;27.5 x 0.2 x 1;5.5
MED08;17.4;17.017.0320-A;M2;E.M ROCHA LEÃO;PAREDE;0.5 x 0.55 x 2;0.55
MED08;17.4;17.017.0320-A;M2;E.M ROCHA LEÃO;PAREDE;0.6 x 0.46 x 2;0.55
MED08;17.4;17.017.0320-A;M2;E.M. MARIA TEIXEIRA DE PAULA;1837;45;45
MED08;17.4;17.017.0320-A;M2;Escola M. Ondina Pinto Marcondes;1041;4 x 2.2 x 2;17.6
MED08;17.5;17.018.0031-A;M2;CEMADA;PAREDES EXTERNAS;21.3 x 1.55 x 1;33.015
MED08;17.5;17.018.0031-A;M2;CEMADA;PAREDES EXTERNAS;19.6 x 3 x 1;58.8
MED08;17.5;17.018.0031-A;M2;CEMADA;PAREDES EXTERNAS;25.6 x 3.8 x 1;97.28
MED08;17.5;17.018.0031-A;M2;CEMADA;PAREDES EXTERNAS;31.6 x 3 x 1;94.8
MED08;17.5;17.018.0031-A;M2;CEMADA;PAREDES EXTERNAS;37.9 x 1.66 x 1;62.914
MED08;17.5;17.018.0031-A;M2;CEMADA;PAREDES EXTERNAS;13 x 4.6 x 1;59.8
MED08;17.5;17.018.0031-A;M2;CEMADA;PAREDES EXTERNAS;16.7 x 3 x 1;50.1
MED08;17.5;17.018.0031-A;M2;CEMADA;MURO FUNDOS;15.6 x 1.55 x 1;24.18
MED08;17.5;17.018.0031-A;M2;CEMADA;MURO FRONTAL;27.8 x 1.55 x 1;43.09
MED08;17.5;17.018.0031-A;M2;E.M DONA LINA;MURO INTERNO E EXTERNO;135.6 x 2.2 x 1;298.32
MED08;17.5;17.018.0031-A;M2;E.M DONA LINA;MURO INTERNO E EXTERNO;36 x 2.2 x 1;79.2
MED08;17.5;17.018.0031-A;M2;E.M DONA LINA;MURO INTERNO E EXTERNO;2.16 x 2 x 1;4.32
MED08;17.5;17.018.0031-A;M2;E.M DONA LINA;PAREDES EXTERNAS;1.54 x 2.65 x 4;16.324
MED08;17.5;17.018.0031-A;M2;E.M DONA LINA;PAREDES EXTERNAS;1.32 x 1.63 x 4;8.6064
MED08;17.5;17.018.0031-A;M2;E.M DONA LINA;PAREDES EXTERNAS;4.91 x 2.33 x 8;91.5224
MED08;17.5;17.018.0031-A;M2;E.M DONA LINA;PAREDES EXTERNAS;3.6 x 4.4 x 6;95.04
MED08;17.5;17.018.0031-A;M2;E.M DONA LINA;PAREDES EXTERNAS;12.8 x 2.95 x 4;151.04
MED08;17.5;17.018.0031-A;M2;E.M DONA LINA;PAREDES EXTERNAS;5.29 x 2.62 x 1;13.8598
MED08;17.5;17.018.0031-A;M2;E.M DONA LINA;PAREDES EXTERNAS;7.04 x 3.62 x 1;25.4848
MED08;17.5;17.018.0031-A;M2;E.M DONA LINA;PAREDES EXTERNAS;5 x 0.72 x 8;28.8
MED08;17.5;17.018.0031-A;M2;E.M DONA LINA;PAREDES EXTERNAS;6.13 x 1.2 x 1;7.356
MED08;17.5;17.018.0031-A;M2;E.M DONA LINA;PAREDES EXTERNAS;1.93 x 2.4 x 2;9.264
MED08;17.5;17.018.0031-A;M2;E.M DONA LINA;BANCO VARANDAS;4.91 x 1 x 2;9.82
MED08;17.5;17.018.0031-A;M2;E.M DONA LINA;TETO VARANDAS;13 x 2.06 x 4;107.12
MED08;17.5;17.018.0031-A;M2;E.M DONA LINA;MURO INTERNO E EXTERNO;211 x 2.2 x 1;464.2
MED08;17.5;17.018.0031-A;M2;E.M DONA LINA;MURO INTERNO E EXTERNO;86 x 0.62 x 1;53.32
MED08;17.5;17.018.0031-A;M2;E.M DONA LINA;MURO INTERNO E EXTERNO;2.4 x 2.2 x 1;5.28
MED08;17.5;17.018.0031-A;M2;E.M DONA LINA;MURO INTERNO E EXTERNO;12.5 x 2.17 x 1;27.125
MED08;17.5;17.018.0031-A;M2;E.M DONA LINA;MURO INTERNO E EXTERNO;3.88 x 4.4 x 1;17.072
MED08;17.5;17.018.0031-A;M2;E.M DONA LINA;MURO INTERNO E EXTERNO;28.8 x 4.4 x 1;126.72
MED08;17.5;17.018.0031-A;M2;E.M DONA LINA;MURO INTERNO E EXTERNO;3.88 x 4.4 x 1;17.072
MED08;17.5;17.018.0031-A;M2;E.M DONA LINA;MURO INTERNO E EXTERNO;10.03 x 2.17 x 1;21.7651
MED08;17.5;17.018.0031-A;M2;E.M DONA LINA;MURO INTERNO E EXTERNO;17 x 4.4 x 1;74.8
MED08;17.5;17.018.0031-A;M2;E.M DONA LINA;MURO INTERNO E EXTERNO;18.2 x 4.4 x 1;80.08
MED08;17.5;17.018.0031-A;M2;E.M DONA LINA;MURO INTERNO E EXTERNO;18.8 x 4.4 x 1;82.72
MED08;17.5;17.018.0031-A;M2;E.M DONA LINA;MURO INTERNO E EXTERNO;18.2 x 4.4 x 1;80.08
MED08;17.5;17.018.0031-A;M2;E.M DONA LINA;PAREDES EXTERNAS;1.41 x 4.4 x 1;6.204
MED08;17.5;17.018.0031-A;M2;E.M DONA LINA;PAREDES EXTERNAS;3.74 x 4.4 x 1;16.456
MED08;17.5;17.018.0031-A;M2;E.M DONA LINA;PAREDES EXTERNAS;2.11 x 2.7 x 1;5.697
MED08;17.5;17.018.0031-A;M2;E.M DONA LINA;PAREDES EXTERNAS;4.4 x 1.04 x 1;4.576
MED08;17.5;17.018.0031-A;M2;E.M DONA LINA;TETO ENTRADA DA UNIDADE;6 x 2.87 x 1;17.22
MED08;17.5;17.018.0031-A;M2;E.M DONA LINA;PAREDES EXTERNAS;2.37 x 1.85 x 2;8.769
MED08;17.5;17.018.0031-A;M2;E.M DONA LINA;PAREDES EXTERNAS;5 x 1.85 x 4;37
MED08;17.5;17.018.0031-A;M2;E.M DONA LINA;PAREDES EXTERNAS;4.9 x 0.74 x 2;7.252
MED08;17.5;17.018.0031-A;M2;E.M DONA LINA;PAREDES EXTERNAS;1.39 x 0.74 x 2;2.0572
MED08;17.5;17.018.0031-A;M2;E.M DONA LINA;PAREDES EXTERNAS;5.3 x 3 x 1;15.9
MED08;17.5;17.018.0031-A;M2;E.M DONA LINA;PAREDES EXTERNAS;0.84 x 2.67 x 4;8.9712
MED08;17.5;17.018.0031-A;M2;E.M DONA LINA;TETO;12.8 x 2.13 x 2;54.528
MED08;17.5;17.018.0031-A;M2;E.M DONA LINA;TETO RECEPÇÃO;6.41 x 4.25 x 1;27.2425
MED08;17.5;17.018.0031-A;M2;E.M DONA LINA;PAREDES EXTERNAS;1.85 x 3 x 2;11.1
MED08;17.5;17.018.0031-A;M2;E.M DONA LINA;PAREDES EXTERNAS;1.5 x 3 x 2;9
MED08;17.5;17.018.0031-A;M2;E.M DONA LINA;PAREDES EXTERNAS;12.8 x 3 x 2;76.8
MED08;17.5;17.018.0031-A;M2;E.M DONA LINA;SALAS DE AULA;17.94 x 2.85 x 1;51.129
MED08;17.5;17.018.0031-A;M2;E.M DONA LINA;SALAS DE AULA;18.94 x 2.85 x 1;53.979
MED08;17.5;17.018.0031-A;M2;E.M DONA LINA;SALAS DE AULA;18.94 x 2.85 x 1;53.979
MED08;17.5;17.018.0031-A;M2;E.M DONA LINA;SALAS DE AULA;18.29 x 2.85 x 1;52.1265
MED08;17.5;17.018.0031-A;M2;E.M DONA LINA;SALAS DE AULA;18.03 x 2.85 x 1;51.3855
MED08;17.5;17.018.0031-A;M2;E.M DONA LINA;SALAS DE AULA;18.75 x 2.85 x 1;53.4375
MED08;17.5;17.018.0031-A;M2;E.M DONA LINA;SALAS DE AULA;21.02 x 2.85 x 1;59.907
MED08;17.5;17.018.0031-A;M2;E.M DONA LINA;SALAS DE AULA;20.9 x 2.85 x 1;59.565
MED08;17.5;17.018.0031-A;M2;E.M DONA LINA;SALAS DE AULA;20.85 x 2.85 x 1;59.4225
MED08;17.5;17.018.0031-A;M2;E.M DONA LINA;SALAS DE AULA;20.76 x 2.85 x 1;59.166
MED08;17.5;17.018.0031-A;M2;E.M DONA LINA;SALAS DE AULA;20.78 x 2.85 x 1;59.223
MED08;17.5;17.018.0031-A;M2;E.M ERNESTINA JORGE;QUADRA;70 x 0.65 x 1;45.5
MED08;17.5;17.018.0031-A;M2;E.M ERNESTINA JORGE;QUADRA;40.8 x 1.95 x 1;79.56
MED08;17.5;17.018.0031-A;M2;E.M ERNESTINA JORGE;QUADRA;12 x 6 x 1;72
MED08;17.5;17.018.0031-A;M2;E.M ERNESTINA JORGE;QUADRA;27.5 x 3.52 x 1;96.8
MED08;17.5;17.018.0031-A;M2;E.M ERNESTINA JORGE;QUADRA;8.6 x 1.05 x 1;9.03
MED08;17.5;17.018.0031-A;M2;E.M ERNESTINA JORGE;BASE BANDEIRA;4.86 x 0.4 x 1;1.944
MED08;17.5;17.018.0031-A;M2;E.M ERNESTINA JORGE;MURO;172.2 x 2.25 x 1;387.45
MED08;17.5;17.018.0031-A;M2;E.M ERNESTINA JORGE;PAREDES EXTERNAS;33.5 x 2 x 1;67
MED08;17.5;17.018.0031-A;M2;E.M ERNESTINA JORGE;PAREDES EXTERNAS;29.2 x 0.84 x 1;24.528
MED08;17.5;17.018.0031-A;M2;E.M ERNESTINA JORGE;PAREDES EXTERNAS;35.9 x 0.84 x 1;30.156
MED08;17.5;17.018.0031-A;M2;E.M ERNESTINA JORGE;PAREDES EXTERNAS;2.6 x 3.13 x 1;8.138
MED08;17.5;17.018.0031-A;M2;E.M ERNESTINA JORGE;PAREDES EXTERNAS;58 x 2.9 x 1;168.2
MED08;17.5;17.018.0031-A;M2;E.M ERNESTINA JORGE;PAREDES EXTERNAS;5.2 x 2.07 x 1;10.764
MED08;17.5;17.018.0031-A;M2;E.M ERNESTINA JORGE;PAREDES EXTERNAS;8 x 2.07 x 1;16.56
MED08;17.5;17.018.0031-A;M2;E.M ERNESTINA JORGE;PAREDES EXTERNAS;4.5 x 2.9 x 1;13.05
MED08;17.5;17.018.0031-A;M2;E.M ERNESTINA JORGE;PAREDES EXTERNAS;2.6 x 2.96 x 1;7.696
MED08;17.5;17.018.0031-A;M2;E.M ERNESTINA JORGE;PAREDES EXTERNAS;38 x 0.55 x 1;20.9
MED08;17.5;17.018.0031-A;M2;E.M ERNESTINA JORGE;PAREDES EXTERNAS;8.4 x 1.4 x 1;11.76
MED08;17.5;17.018.0031-A;M2;E.M ERNESTINA JORGE;ABRIGO DO GÁS;5.16 x 2.35 x 1;12.126
MED08;17.5;17.018.0031-A;M2;E.M ERNESTINA JORGE;CASA DE BOMBA;0.3 x 0.87 x 1;0.261
MED08;17.5;17.018.0031-A;M2;E.M ERNESTINA JORGE;CASA DE BOMBA;0.84 x 1.14 x 1;0.9576
MED08;17.5;17.018.0031-A;M2;E.M ERNESTINA JORGE;CASA DE BOMBA;0.55 x 0.3 x 2;0.33
MED08;17.5;17.018.0031-A;M2;E.M ERNESTINA JORGE;CASA DE BOMBA;1.04 x 0.84 x 1;0.8736
MED08;17.5;17.018.0031-A;M2;E.M ERNESTINA JORGE;REFEITÓRIO;13.2 x 2.8 x 1;36.96
MED08;17.5;17.018.0031-A;M2;E.M ERNESTINA JORGE;REFEITÓRIO;2.65 x 1.45 x 1;3.8425
MED08;17.5;17.018.0031-A;M2;E.M ERNESTINA JORGE;REFEITÓRIO;1.4 x 1.45 x 1;2.03
MED08;17.5;17.018.0031-A;M2;E.M ERNESTINA JORGE;PAREDES EXTERNAS;16.7 x 3.04 x 1;50.768
MED08;17.5;17.018.0031-A;M2;E.M ERNESTINA JORGE;PAREDES EXTERNAS;18.4 x 3.4 x 1;62.56
MED08;17.5;17.018.0031-A;M2;E.M ERNESTINA JORGE;SALA DE AULA;12.1 x 2.8 x 1;33.88
MED08;17.5;17.018.0031-A;M2;E.M ERNESTINA JORGE;SALA DE AULA;11.48 x 2.8 x 1;32.144
MED08;17.5;17.018.0031-A;M2;E.M ERNESTINA JORGE;SALA DE AULA;17.8 x 2.8 x 1;49.84
MED08;17.5;17.018.0031-A;M2;E.M ERNESTINA JORGE;SALA DE AULA;17.8 x 2.8 x 1;49.84
MED08;17.5;17.018.0031-A;M2;E.M ERNESTINA JORGE;SALA DE AULA;12.45 x 2.8 x 1;34.86
MED08;17.5;17.018.0031-A;M2;E.M ERNESTINA JORGE;SALA DE AULA;13.12 x 2.8 x 1;36.736
MED08;17.5;17.018.0031-A;M2;E.M ERNESTINA JORGE;DIREÇÃO;9.08 x 2.8 x 1;25.424
MED08;17.5;17.018.0031-A;M2;E.M JOSÉ DE OLIVEIRA;MURO INTERNO E EXTERNO;336.8 x 2 x 1;673.6
MED08;17.5;17.018.0031-A;M2;E.M JOSÉ DE OLIVEIRA;PAREDES EXTERNAS;79.9 x 3.3 x 1;263.67
MED08;17.5;17.018.0031-A;M2;E.M JOSÉ DE OLIVEIRA;BASE DAS BANDEIRAS;0.47 x 0.8 x 1;0.376
MED08;17.5;17.018.0031-A;M2;E.M JOSÉ DE OLIVEIRA;BASE DAS BANDEIRAS;0.27 x 0.88 x 4;0.9504
MED08;17.5;17.018.0031-A;M2;E.M JOSÉ DE OLIVEIRA;SALAS DE AULA;17.8 x 3 x 4;213.6
MED08;17.5;17.018.0031-A;M2;E.M JOSÉ DE OLIVEIRA;SALAS DE AULA;16 x 3 x 1;48
MED08;17.5;17.018.0031-A;M2;E.M JOSÉ DE OLIVEIRA;PAREDES INTERNAS;53.45 x 3.15 x 1;168.3675
MED08;17.5;17.018.0031-A;M2;E.M JOSÉ DE OLIVEIRA;PAREDES INTERNAS;16.7 x 0.6 x 1;10.02
MED08;17.5;17.018.0031-A;M2;E.M JOSÉ DE OLIVEIRA;PAREDES INTERNAS;18.3 x 0.6 x 1;10.98
MED08;17.5;17.018.0031-A;M2;E.M JOSÉ DE OLIVEIRA;PLATIBANDA;38.2 x 1.6 x 1;61.12
MED08;17.5;17.018.0031-A;M2;E.M JOSÉ DE OLIVEIRA;SECRETARIA;24 x 3.2 x 1;76.8
MED08;17.5;17.018.0031-A;M2;E.M JOSÉ DE OLIVEIRA;DIREÇÃO;11.11 x 3.2 x 1;35.552
MED08;17.5;17.018.0031-A;M2;E.M JOSÉ DE OLIVEIRA;SALA PROFESSORES;13.15 x 3.5 x 1;46.025
MED08;17.5;17.018.0031-A;M2;E.M JOSÉ DE OLIVEIRA;VASOS DE PLANTAS;1.8 x 0.43 x 4;3.096
MED08;17.5;17.018.0031-A;M2;E.M MARINETE COELHO;MURO INTERNO E EXTERNO;73 x 1.8 x 2;262.8
MED08;17.5;17.018.0031-A;M2;E.M MARINETE COELHO;MURO INTERNO E EXTERNO;61.1 x 2 x 1;122.2
MED08;17.5;17.018.0031-A;M2;E.M MARINETE COELHO;MURO INTERNO E EXTERNO;69 x 2.5 x 2;345
MED08;17.5;17.018.0031-A;M2;E.M MARINETE COELHO;MURO INTERNO E EXTERNO;55.4 x 2.05 x 2;227.14
MED08;17.5;17.018.0031-A;M2;E.M MARINETE COELHO;MURO INTERNO E EXTERNO;3 x 2 x 1;6
MED08;17.5;17.018.0031-A;M2;E.M MARINETE COELHO;PAREDES EXTERNAS;66.6 x 3.4 x 1;226.44
MED08;17.5;17.018.0031-A;M2;E.M MARINETE COELHO;PAREDES EXTERNAS;12.7 x 4.5 x 1;57.15
MED08;17.5;17.018.0031-A;M2;E.M MARINETE COELHO;PAREDES EXTERNAS;54.9 x 3.6 x 1;197.64
MED08;17.5;17.018.0031-A;M2;E.M MARINETE COELHO;MURETA DA QUADRA;51.54 x 0.65 x 4;134.004
MED08;17.5;17.018.0031-A;M2;E.M MARINETE COELHO;SETOR DOS MOTORISTAS;32 x 3.2 x 1;102.4
MED08;17.5;17.018.0031-A;M2;E.M MARINETE COELHO;SETOR DOS MOTORISTAS;20.4 x 3.2 x 1;65.28
MED08;17.5;17.018.0031-A;M2;E.M MARINETE COELHO;TETO;7.1 x 3.1 x 1;22.01
MED08;17.5;17.018.0031-A;M2;E.M MARINETE COELHO;MURETA JARDIM;14.2 x 0.7 x 1;9.94
MED08;17.5;17.018.0031-A;M2;E.M MARINETE COELHO;PAREDES INTERNAS;54.8 x 2.75 x 1;150.7
MED08;17.5;17.018.0031-A;M2;E.M MARINETE COELHO;PAREDES INTERNAS;19.5 x 2.75 x 1;53.625
MED08;17.5;17.018.0031-A;M2;E.M MARINETE COELHO;SALAS DE AULA;22.8 x 2.72 x 1;62.016
MED08;17.5;17.018.0031-A;M2;E.M MARINETE COELHO;SALAS DE AULA;22.4 x 2.72 x 1;60.928
MED08;17.5;17.018.0031-A;M2;E.M MARINETE COELHO;SALAS DE AULA;22.9 x 2.72 x 1;62.288
MED08;17.5;17.018.0031-A;M2;E.M MARINETE COELHO;SALAS DE AULA;21.6 x 2.72 x 1;58.752
MED08;17.5;17.018.0031-A;M2;E.M MARINETE COELHO;SALAS DE AULA;22.8 x 2.72 x 1;62.016
MED08;17.5;17.018.0031-A;M2;E.M MARINETE COELHO;SALAS DE AULA;22.8 x 2.72 x 1;62.016
MED08;17.5;17.018.0031-A;M2;E.M MARINETE COELHO;SALA DOS PROFESSORES;17.16 x 2.72 x 1;46.6752
MED08;17.5;17.018.0031-A;M2;E.M MARINETE COELHO;SALA DOS PROFESSORES;3.48 x 2.62 x 1;9.1176
MED08;17.5;17.018.0031-A;M2;E.M MARINETE COELHO;DIREÇÃO;11.2 x 2.72 x 1;30.464
MED08;17.5;17.018.0031-A;M2;E.M MARINETE COELHO;DIREÇÃO;8.8 x 2.72 x 1;23.936
MED08;17.5;17.018.0031-A;M2;E.M MARINETE COELHO;SECRETARIA;11.69 x 2.72 x 1;31.7968
MED08;17.5;17.018.0031-A;M2;E.M MARINETE COELHO;ABRIGO DO GÁS;3.75 x 2 x 1;7.5
MED08;17.5;17.018.0031-A;M2;E.M MARINETE COELHO;CASA DA BOMBA;8.05 x 2.7 x 1;21.735
MED08;17.5;17.018.0031-A;M2;E.M MARINETE COELHO;CASA DA BOMBA;3 x 0.87 x 1;2.61
MED08;17.5;17.018.0031-A;M2;E.M MARINETE COELHO;CISTERNA;17.5 x 0.7 x 1;12.25
MED08;17.5;17.018.0031-A;M2;E.M MARINETE COELHO;CISTERNA;5.35 x 3.4 x 1;18.19
MED08;17.5;17.018.0031-A;M2;E.M MARINETE COELHO;BASE;3 x 2 x 1;6
MED08;17.5;17.018.0031-A;M2;E.M ALBERTO JORGE;MURO PINTURA INTERNA;180 x 2 x 1;360
MED08;17.5;17.018.0031-A;M2;E.M PAULO PINHEIRO;MURO;95.2 x 2.12 x 2;403.648
MED08;17.5;17.018.0031-A;M2;E.M PAULO PINHEIRO;MURO;59.8 x 2.12 x 2;253.552
MED08;17.5;17.018.0031-A;M2;E.M MARIA ROSA;PAREDES EXTERNAS;32.92 x 1.5 x 1;49.38
MED08;17.5;17.018.0031-A;M2;E.M MARIA ROSA;PAREDES EXTERNAS;4.21 x 0.5 x 1;2.105
MED08;17.5;17.018.0031-A;M2;E.M MARIA ROSA;PAREDES EXTERNAS;32.2 x 1.75 x 1;56.35
MED08;17.5;17.018.0031-A;M2;E.M MARIA ROSA;REFEITÓRIO;38.2 x 1.75 x 1;66.85
MED08;17.5;17.018.0031-A;M2;E.M MARIA ROSA;TETO;4.2 x 11.79 x 1;49.518
MED08;17.5;17.018.0031-A;M2;E.M MARIA ROSA;TETO;1.19 x 2.06 x 1;2.4514
MED08;17.5;17.018.0031-A;M2;E.M MARIA ROSA;RECEPÇÃO;11.5 x 1.75 x 1;20.125
MED08;17.5;17.018.0031-A;M2;E.M MARIA ROSA;TETO;4.35 x 2.8 x 1;12.18
MED08;17.5;17.018.0031-A;M2;E.M MARIA ROSA;MURO INTERNO E EXTERNO;13.1 x 2.3 x 1;30.13
MED08;17.5;17.018.0031-A;M2;E.M MARIA ROSA;MURO INTERNO E EXTERNO;76.1 x 2.1 x 2;319.62
MED08;17.5;17.018.0031-A;M2;E.M MARIA ROSA;MURO INTERNO E EXTERNO;50.6 x 2.6 x 2;263.12
MED08;17.5;17.018.0031-A;M2;E.M MARIA ROSA;MURO INTERNO E EXTERNO;38.2 x 3 x 1;114.6
MED08;17.5;17.018.0031-A;M2;E.M MARIA ROSA;PAREDES EXTERNAS;5.9 x 2.6 x 2;30.68
MED08;17.5;17.018.0031-A;M2;E.M MARIA ROSA;PAREDES EXTERNAS;5.7 x 3 x 1;17.1
MED08;17.5;17.018.0031-A;M2;E.M MARIA ROSA;PAREDES EXTERNAS;5.7 x 2.06 x 2;23.484
MED08;17.5;17.018.0031-A;M2;E.M MARIA ROSA;PAREDES EXTERNAS;4.1 x 0.3 x 1;1.23
MED08;17.5;17.018.0031-A;M2;E.M MARIA ROSA;PAREDES EXTERNAS;24.1 x 3 x 1;72.3
MED08;17.5;17.018.0031-A;M2;E.M MARIA ROSA;PAREDES EXTERNAS;2.05 x 2 x 1;4.1
MED08;17.5;17.018.0031-A;M2;E.M MARIA ROSA;PAREDES EXTERNAS;5.3 x 3 x 1;15.9
MED08;17.5;17.018.0031-A;M2;E.M MARIA ROSA;PAREDES EXTERNAS;9.8 x 4 x 1;39.2
MED08;17.5;17.018.0031-A;M2;E.M MARIA ROSA;PAREDES EXTERNAS;0.84 x 1.72 x 12;17.3376
MED08;17.5;17.018.0031-A;M2;E.M MARIA ROSA;PAREDES EXTERNAS;28.7 x 0.3 x 1;8.61
MED08;17.5;17.018.0031-A;M2;E.M MARIA ROSA;PAREDES EXTERNAS;6.2 x 2.3 x 2;28.52
MED08;17.5;17.018.0031-A;M2;E.M MARIA ROSA;PAREDES EXTERNAS;94.1 x 3 x 1;282.3
MED08;17.5;17.018.0031-A;M2;E.M MARIA ROSA;PAREDES EXTERNAS;9.7 x 4 x 1;38.8
MED08;17.5;17.018.0031-A;M2;E.M MARIA ROSA;PAREDES EXTERNAS;12.2 x 3 x 1;36.6
MED08;17.5;17.018.0031-A;M2;E.M MARIA ROSA;PAREDES EXTERNAS;6.8 x 0.3 x 1;2.04
MED08;17.5;17.018.0031-A;M2;E.M MARIA ROSA;PAREDES EXTERNAS;21.3 x 0.9 x 1;19.17
MED08;17.5;17.018.0031-A;M2;E.M MARIA ROSA;PAREDES EXTERNAS;21.3 x 3 x 1;63.9
MED08;17.5;17.018.0031-A;M2;E.M MARIA ROSA;CASA DA BOMBA;1.36 x 2.44 x 1;3.3184
MED08;17.5;17.018.0031-A;M2;E.M MARIA ROSA;CASA DA BOMBA;0.78 x 1.19 x 1;0.9282
MED08;17.5;17.018.0031-A;M2;E.M MARIA ROSA;CISTERNA;2.2 x 0.46 x 1;1.012
MED08;17.5;17.018.0031-A;M2;E.M MARIA ROSA;CISTERNA;1.15 x 1.68 x 1;1.932
MED08;17.5;17.018.0031-A;M2;E.M MARIA ROSA;TETOS;2.42 x 7.03 x 1;17.0126
MED08;17.5;17.018.0031-A;M2;E.M MARIA ROSA;TETOS;23.16 x 2.2 x 1;50.952
MED08;17.5;17.018.0031-A;M2;E.M MARIA ROSA;TETOS;0.5 x 2.08 x 7;7.28
MED08;17.5;17.018.0031-A;M2;E.M MARIA ROSA;TETOS;15.8 x 2.47 x 1;39.026
MED08;17.5;17.018.0031-A;M2;E.M MARIA ROSA;TETOS;6.18 x 5.07 x 1;31.3326
MED08;17.5;17.018.0031-A;M2;E.M MARIA ROSA;TETOS;16.3 x 1.17 x 1;19.071
MED08;17.5;17.018.0031-A;M2;E.M MARIA ROSA;TETOS;2.47 x 1.15 x 1;2.8405
MED08;17.5;17.018.0031-A;M2;E.M MARIA ROSA;TETOS;5.95 x 2 x 1;11.9
MED08;17.5;17.018.0031-A;M2;E.M MARIA ROSA;SALAS DE AULA;23.43 x 1.93 x 1;45.2199
MED08;17.5;17.018.0031-A;M2;E.M MARIA ROSA;SALAS DE AULA;23.43 x 1.93 x 1;45.2199
MED08;17.5;17.018.0031-A;M2;E.M MARIA ROSA;SALAS DE AULA;23.43 x 1.93 x 1;45.2199
MED08;17.5;17.018.0031-A;M2;E.M MARIA ROSA;SALAS DE AULA;19.97 x 1.93 x 1;38.5421
MED08;17.5;17.018.0031-A;M2;E.M MARIA ROSA;SALAS DE AULA;23.58 x 1.93 x 1;45.5094
MED08;17.5;17.018.0031-A;M2;E.M MARIA ROSA;SALAS DE AULA;22.4 x 1.75 x 1;39.2
MED08;17.5;17.018.0031-A;M2;E.M MARIA ROSA;SALAS DE AULA;21.1 x 1.75 x 1;36.925
MED08;17.5;17.018.0031-A;M2;E.M MARIA ROSA;SALAS DE AULA;21.09 x 1.75 x 1;36.9075
MED08;17.5;17.018.0031-A;M2;E.M MARIA ROSA;SALAS DE AULA;20.24 x 1.75 x 1;35.42
MED08;17.5;17.018.0031-A;M2;E.M MARIA ROSA;SALAS DE AULA;21.09 x 1.75 x 1;36.9075
MED08;17.5;17.018.0031-A;M2;E.M MARIA ROSA;TETO;5.93 x 7.25 x 1;42.9925
MED08;17.5;17.018.0031-A;M2;E.M MARIA ROSA;TETO;5.2 x 6.57 x 1;34.164
MED08;17.5;17.018.0031-A;M2;E.M MARIA ROSA;TETO;7.09 x 6.4 x 3;136.128
MED08;17.5;17.018.0031-A;M2;E.M MARIA ROSA;TETO;5.2 x 7.1 x 1;36.92
MED08;17.5;17.018.0031-A;M2;E.M MARIA ROSA;TETO;5.3 x 6.4 x 1;33.92
MED08;17.5;17.018.0031-A;M2;E.M MARIA ROSA;TETO;6.52 x 6.41 x 1;41.7932
MED08;17.5;17.018.0031-A;M2;E.M MARIA ROSA;TETO;5.29 x 8.4 x 1;44.436
MED08;17.5;17.018.0031-A;M2;E.M MARIA ROSA;WC MASC. ALUNOS;2.47 x 5.25 x 1;12.9675
MED08;17.5;17.018.0031-A;M2;E.M MARIA ROSA;WC MASC. ALUNOS;5.52 x 5.86 x 1;32.3472
MED08;17.5;17.018.0031-A;M2;E.M MARIA ROSA;SECRETARIA;13.1 x 2.79 x 1;36.549
MED08;17.5;17.018.0031-A;M2;E.M MARIA ROSA;SECRETARIA;4.05 x 2.52 x 1;10.206
MED08;17.5;17.018.0031-A;M2;E.M MARIA ROSA;SALA RECURSOS;9.86 x 2.86 x 1;28.1996
MED08;17.5;17.018.0031-A;M2;E.M MARIA ROSA;SALA RECURSOS;3.19 x 1.74 x 1;5.5506
MED08;17.5;17.018.0031-A;M2;E.M MARIA ROSA;SALA DOS PROFESSORES;10.8 x 2.78 x 1;30.024
MED08;17.5;17.018.0031-A;M2;E.M MARIA ROSA;SALA DOS PROFESSORES;2.19 x 3.12 x 1;6.8328
MED08;17.5;17.018.0031-A;M2;E.M NELZIR;MURO INTERNO E EXTERNO;210 x 2 x 1;420
MED08;17.5;17.018.0031-A;M2;E.M NELZIR;MURO INTERNO E EXTERNO;100 x 2.8 x 1;280
MED08;17.5;17.018.0031-A;M2;E.M NELZIR;MEIO FIO QUADRA DE AREIA;81.8 x 0.3 x 2;49.08
MED08;17.5;17.018.0031-A;M2;E.M NELZIR;PAREDES EXTERNAS;86.2 x 3 x 1;258.6
MED08;17.5;17.018.0031-A;M2;E.M NELZIR;PAREDES INTERNAS;66.7 x 3 x 1;200.1
MED08;17.5;17.018.0031-A;M2;E.M NELZIR;PAREDES INTERNAS;33 x 0.9 x 2;59.4
MED08;17.5;17.018.0031-A;M2;E.M NELZIR;SALAS DE AULA;17.5 x 3 x 4;210
MED08;17.5;17.018.0031-A;M2;E.M NELZIR;SALAS DE AULA;15.8 x 3 x 1;47.4
MED08;17.5;17.018.0031-A;M2;E.M NELZIR;SALAS DE AULA;15.6 x 3 x 1;46.8
MED08;17.5;17.018.0031-A;M2;E.M NELZIR;ABRIGO DE GÁS;11.6 x 1.95 x 1;22.62
MED08;17.5;17.018.0031-A;M2;E.M NELZIR;CASA DE BOMBA;3.8 x 0.76 x 1;2.888
MED08;17.5;17.018.0031-A;M2;E.M NELZIR;MURETA INTERNA;29.4 x 0.55 x 1;16.17
MED08;17.5;17.018.0031-A;M2;E.M NELZIR;MURETA INTERNA;36.6 x 0.55 x 1;20.13
MED08;17.5;17.018.0031-A;M2;E.M NELZIR;DIREÇÃO;11.52 x 3 x 1;34.56
MED08;17.5;17.018.0031-A;M2;E.M NELZIR;SECRETARIA;24 x 3 x 1;72
MED08;17.5;17.018.0031-A;M2;E.M NELZIR;SALA DOS PROFESSORES;19.94 x 3 x 1;59.82
MED08;17.5;17.018.0031-A;M2;E.M ARI GOMES;MURETA;2 x 1.4 x 1;2.8
MED08;17.5;17.018.0031-A;M2;E.M ARI GOMES;MURETA;2.8 x 1.3 x 1;3.64
MED08;17.5;17.018.0031-A;M2;E.M ARI GOMES;ARQUIBANCADA;20 x 2 x 1;40
MED08;17.5;17.018.0031-A;M2;E.M ARI GOMES;ARQUIBANCADA;20 x 0.78 x 1;15.6
MED08;17.5;17.018.0031-A;M2;E.M ARI GOMES;ARQUIBANCADA;20 x 0.38 x 1;7.6
MED08;17.5;17.018.0031-A;M2;E.M ARI GOMES;ARQUIBANCADA;20 x 0.18 x 1;3.6
MED08;17.5;17.018.0031-A;M2;E.M ARI GOMES;ARQUIBANCADA;20 x 0.59 x 1;11.8
MED08;17.5;17.018.0031-A;M2;E.M ARI GOMES;ARQUIBANCADA;20 x 0.58 x 1;11.6
MED08;17.5;17.018.0031-A;M2;E.M ARI GOMES;ARQUIBANCADA;20 x 0.8 x 1;16
MED08;17.5;17.018.0031-A;M2;E.M ARI GOMES;RAMPA;20 x 1.7 x 1;34
MED08;17.5;17.018.0031-A;M2;E.M ARI GOMES;RAMPA;20 x 1.98 x 1;39.6
MED08;17.5;17.018.0031-A;M2;E.M ARI GOMES;RAMPA;18 x 2.23 x 1;40.14
MED08;17.5;17.018.0031-A;M2;E.M ARI GOMES;RAMPA;3.2 x 1.75 x 1;5.6
MED08;17.5;17.018.0031-A;M2;E.M ARI GOMES;RAMPA;20 x 2.18 x 1;43.6
MED08;17.5;17.018.0031-A;M2;E.M SOLANGE VIANNA;PARQUINHO;1.25 x 1.75 x 1;2.1875
MED08;17.5;17.018.0031-A;M2;E.M SOLANGE VIANNA;PARQUINHO;0.75 x 0.95 x 1;0.7125
MED08;17.5;17.018.0031-A;M2;E.M SOLANGE VIANNA;PARQUINHO;0.3 x 0.85 x 4;1.02
MED08;17.5;17.018.0031-A;M2;E.M SOLANGE VIANNA;PARQUINHO;0.65 x 1.04 x 1;0.676
MED08;17.5;17.018.0031-A;M2;E.M SOLANGE VIANNA;PARQUINHO;1.22 x 2.2 x 1;2.684
MED08;17.5;17.018.0031-A;M2;E.M SOLANGE VIANNA;PARQUINHO;0.7 x 0.6 x 2;0.84
MED08;17.5;17.018.0031-A;M2;E.M SOLANGE VIANNA;PARQUINHO;0.3 x 0.7 x 2;0.42
MED08;17.5;17.018.0031-A;M2;E.M SOLANGE VIANNA;PARQUINHO;0.75 x 0.9 x 1;0.675
MED08;17.5;17.018.0031-A;M2;E.M SOLANGE VIANNA;PARQUINHO;0.95 x 2.2 x 1;2.09
MED08;17.5;17.018.0031-A;M2;E.M SOLANGE VIANNA;PARQUINHO;0.43 x 0.4 x 4;0.688
MED08;17.5;17.018.0031-A;M2;E.M SOLANGE VIANNA;PARQUINHO;0.66 x 0.95 x 1;0.627
MED08;17.5;17.018.0031-A;M2;E.M SOLANGE VIANNA;PARQUINHO;2 x 1.24 x 2;4.96
MED08;17.5;17.018.0031-A;M2;E.M SOLANGE VIANNA;PARQUINHO;0.7 x 0.8 x 4;2.24
MED08;17.5;17.018.0031-A;M2;E.M SOLANGE VIANNA;PARQUINHO;0.7 x 0.85 x 3;1.785
MED08;17.5;17.018.0031-A;M2;E.M SOLANGE VIANNA;PARQUINHO;0.65 x 0.6 x 5;1.95
MED08;17.5;17.018.0031-A;M2;E.M SOLANGE VIANNA;PARQUINHO;0.7 x 0.85 x 2;1.19
MED08;17.5;17.018.0031-A;M2;E.M SOLANGE VIANNA;PARQUINHO;2.2 x 0.75 x 1;1.65
MED08;17.5;17.018.0031-A;M2;E.M SOLANGE VIANNA;PARQUINHO;0.7 x 0.85 x 1;0.595
MED08;17.5;17.018.0031-A;M2;E.M SOLANGE VIANNA;PARQUINHO;1.3 x 1.3 x 6;10.14
MED08;17.5;17.018.0031-A;M2;E.M SOLANGE VIANNA;PARQUINHO;1.5 x 0.8 x 4;4.8
MED08;17.5;17.018.0031-A;M2;E.M SOLANGE VIANNA;MURO EXTERNO E INTERNO;107 x 2.15 x 1;230.05
MED08;17.5;17.018.0031-A;M2;E.M SOLANGE VIANNA;MURO EXTERNO E INTERNO;96 x 3.4 x 1;326.4
MED08;17.5;17.018.0031-A;M2;E.M SOLANGE VIANNA;BASE BANDEIRAS;2 x 0.6 x 1;1.2
MED08;17.5;17.018.0031-A;M2;E.M SOLANGE VIANNA;TETO BANHEIROS;4 x 3 x 1;12
MED08;17.5;17.018.0031-A;M2;E.M SOLANGE VIANNA;TETO BANHEIROS;5 x 5 x 2;50
MED08;17.5;17.018.0031-A;M2;E.M SOLANGE VIANNA;ABRIGO DO GÁS;4.6 x 2 x 1;9.2
MED08;17.5;17.018.0031-A;M2;E.M SOLANGE VIANNA;ABRIGO DO GÁS;4.6 x 0.45 x 1;2.07
MED08;17.5;17.018.0031-A;M2;E.M SOLANGE VIANNA;MURETA;9.2 x 0.8 x 1;7.36
MED08;17.5;17.018.0031-A;M2;E.M SOLANGE VIANNA;MURETA;11.5 x 0.4 x 1;4.6
MED08;17.5;17.018.0031-A;M2;E.M SOLANGE VIANNA;MURETA;10 x 0.33 x 1;3.3
MED08;17.5;17.018.0031-A;M2;E.M SOLANGE VIANNA;MURETA;7.6 x 0.68 x 1;5.168
MED08;17.5;17.018.0031-A;M2;E.M SOLANGE VIANNA;PAREDES EXTERNAS;12.7 x 6.4 x 1;81.28
MED08;17.5;17.018.0031-A;M2;E.M SOLANGE VIANNA;PAREDES EXTERNAS;108.2 x 3.7 x 1;400.34
MED08;17.5;17.018.0031-A;M2;E.M SOLANGE VIANNA;PAREDES EXTERNAS;64.8 x 2.75 x 1;178.2
MED08;17.5;17.018.0031-A;M2;E.M SOLANGE VIANNA;PLATIBANDA;38.9 x 2 x 1;77.8
MED08;17.5;17.018.0031-A;M2;E.M SOLANGE VIANNA;MEIO FIO;14.7 x 0.15 x 1;2.205
MED08;17.5;17.018.0031-A;M2;E.M SOLANGE VIANNA;MEIO FIO;36.6 x 0.2 x 1;7.32
MED08;17.5;17.018.0031-A;M2;E.M SOLANGE VIANNA;SALAS DE AULA;17.58 x 2.7 x 1;47.466
MED08;17.5;17.018.0031-A;M2;E.M SOLANGE VIANNA;SALAS DE AULA;22.6 x 2.7 x 1;61.02
MED08;17.5;17.018.0031-A;M2;E.M SOLANGE VIANNA;SALAS DE AULA;14 x 2.7 x 1;37.8
MED08;17.5;17.018.0031-A;M2;E.M SOLANGE VIANNA;SALAS DE AULA;19.52 x 2.7 x 1;52.704
MED08;17.5;17.018.0031-A;M2;E.M SOLANGE VIANNA;SALAS DE AULA;23.24 x 2.7 x 1;62.748
MED08;17.5;17.018.0031-A;M2;E.M SOLANGE VIANNA;SALAS DE AULA;12.78 x 2.7 x 1;34.506
MED08;17.5;17.018.0031-A;M2;E.M SOLANGE VIANNA;SALAS DE AULA;18.6 x 2.7 x 1;50.22
MED08;17.5;17.018.0031-A;M2;E.M SOLANGE VIANNA;DIREÇÃO;11.26 x 2.7 x 1;30.402
MED08;17.5;17.018.0031-A;M2;E.M SOLANGE VIANNA;DIREÇÃO;2.02 x 3.61 x 1;7.2922
MED08;17.5;17.018.0031-A;M2;E.M SOLANGE VIANNA;TETOS;5.58 x 3.2 x 1;17.856
MED08;17.5;17.018.0031-A;M2;E.M SOLANGE VIANNA;TETOS;7.04 x 5.53 x 1;38.9312
MED08;17.5;17.018.0031-A;M2;E.M SOLANGE VIANNA;TETOS;5 x 3 x 1;15
MED08;17.5;17.018.0031-A;M2;E.M SOLANGE VIANNA;TETOS;5.04 x 5.72 x 1;28.8288
MED08;17.5;17.018.0031-A;M2;E.M SOLANGE VIANNA;TETOS;5.52 x 7.1 x 1;39.192
MED08;17.5;17.018.0031-A;M2;E.M SOLANGE VIANNA;;3.3 x 3.1 x 1;10.23
MED08;17.5;17.018.0031-A;M2;E.M SOLANGE VIANNA;;5.59 x 3.71 x 1;20.7389
MED08;17.5;17.018.0031-A;M2;E.M SOLANGE VIANNA;TETO CIRCULAÇÃO;13.8 x 3.05 x 1;42.09
MED08;17.5;17.018.0031-A;M2;E.M SOLANGE VIANNA;TETO CIRCULAÇÃO;14.1 x 2.48 x 1;34.968
MED08;17.5;17.018.0031-A;M2;E.M SOLANGE VIANNA;TETO CIRCULAÇÃO;5.7 x 1.95 x 1;11.115
MED08;17.5;17.018.0031-A;M2;PRAÇA DE SKATE;PAREDES;27.2 x 1.65 x 1;44.88
MED08;17.5;17.018.0031-A;M2;PRAÇA DE SKATE;PAREDES;12.4 x 0.57 x 1;7.068
MED08;17.5;17.018.0031-A;M2;PRAÇA DE SKATE;PAREDES;10.4 x 1.1 x 1;11.44
MED08;17.5;17.018.0031-A;M2;PRAÇA DE SKATE;PAREDES;14.5 x 1.05 x 1;15.225
MED08;17.5;17.018.0031-A;M2;PRAÇA DE SKATE;PAREDES;12.8 x 0.75 x 1;9.6
MED08;17.5;17.018.0031-A;M2;PRAÇA DE SKATE;PAREDES;6 x 0.4 x 1;2.4
MED08;17.5;17.018.0031-A;M2;PRAÇA DE SKATE;RAMPA DE MANOBRA;6 x 0.8 x 1;4.8
MED08;17.5;17.018.0031-A;M2;E.M ROCHA LEÃO;;10.35 x 4.68 x 1;48.438
MED08;17.5;17.018.0031-A;M2;E.M ROCHA LEÃO;;17.7 x 1.4 x 1;24.78
MED08;17.5;17.018.0031-A;M2;E.M ROCHA LEÃO;;0.5 x 1.98 x 5;4.95
MED08;17.5;17.018.0031-A;M2;E.M ROCHA LEÃO;;7.81 x 2.1 x 1;16.401
MED08;17.5;17.018.0031-A;M2;E.M ROCHA LEÃO;;5.69 x 3.2 x 1;18.208
MED08;17.6;17.018.0185-A;M2;E.M ROCHA LEÃO;PAREDE;5.1 x 1.2 x 2;12.24
MED08;17.6;17.018.0185-A;M2;E.M ROCHA LEÃO;MURETA;8.7 x 0.2 x 1;1.74
MED08;17.6;17.018.0185-A;M2;E.M ROCHA LEÃO;MURETA;8.9 x 0.6 x 1;5.34
MED08;17.7;17.035.0020-A;M2;PRAÇA DO SKATE;TOTEM;1.2 x 3.5 x 1;4.2
MED08;17.8;17.035.0030-A;M2;E.M ROCHA LEÃO;;3 x 6 x 1 x 1;18
MED08;17.8;17.035.0030-A;M2;E.M ROCHA LEÃO;;2 x 1.2 x 1 x 1;2.4
MED08;17.8;17.035.0030-A;M2;PRAÇA DO SKATE;TOTEM;1.2 x 3.5 x 1 x 2;8.4
MED08;17.9;17.040.0021-A;M2;CEMADA;FAIXA;155.4 x 0.07 x 1;10.878
MED08;17.9;17.040.0021-A;M2;E.M ERNESTINA JORGE;FAIXA;172.2 x 0.07 x 1;12.054
MED08;17.9;17.040.0021-A;M2;E.M ERNESTINA JORGE;FAIXA;33.5 x 0.07 x 1;2.345
MED08;17.9;17.040.0021-A;M2;E.M ERNESTINA JORGE;FAIXA;58 x 0.07 x 1;4.06
MED08;17.9;17.040.0021-A;M2;E.M ERNESTINA JORGE;FAIXA;5.2 x 0.07 x 1;0.364
MED08;17.9;17.040.0021-A;M2;E.M ERNESTINA JORGE;FAIXA;4.5 x 0.07 x 1;0.315
MED08;17.9;17.040.0021-A;M2;E.M ERNESTINA JORGE;FAIXA;2.6 x 0.07 x 1;0.182
MED08;17.9;17.040.0021-A;M2;E.M ERNESTINA JORGE;FAIXA;35.1 x 0.07 x 1;2.457
MED08;17.9;17.040.0021-A;M2;E.M JOSÉ DE OLIVEIRA;FAIXA;336.8 x 0.07 x 1;23.576
MED08;17.9;17.040.0021-A;M2;E.M JOSÉ DE OLIVEIRA;FAIXA;79.9 x 0.07 x 1;5.593
MED08;17.9;17.040.0021-A;M2;E.M JOSÉ DE OLIVEIRA;FAIXA;53.95 x 0.07 x 1;3.7765
MED08;17.9;17.040.0021-A;M2;E.M MARINETE COELHO;FAIXA;73 x 0.07 x 2;10.22
MED08;17.9;17.040.0021-A;M2;E.M MARINETE COELHO;FAIXA;61.1 x 0.07 x 1;4.277
MED08;17.9;17.040.0021-A;M2;E.M MARINETE COELHO;FAIXA;69 x 0.07 x 2;9.66
MED08;17.9;17.040.0021-A;M2;E.M MARINETE COELHO;FAIXA;55.4 x 0.07 x 2;7.756
MED08;17.9;17.040.0021-A;M2;E.M MARINETE COELHO;FAIXA;32 x 0.07 x 1;2.24
MED08;17.9;17.040.0021-A;M2;E.M MARINETE COELHO;FAIXA;66.6 x 0.07 x 1;4.662
MED08;17.9;17.040.0021-A;M2;E.M MARINETE COELHO;FAIXA;12.7 x 0.07 x 1;0.889
MED08;17.9;17.040.0021-A;M2;E.M MARINETE COELHO;FAIXA;54.9 x 0.07 x 1;3.843
MED08;17.9;17.040.0021-A;M2;E.M MARINETE COELHO;FAIXA;54.8 x 0.07 x 1;3.836
MED08;17.9;17.040.0021-A;M2;E.M MARINETE COELHO;FAIXA;19.5 x 0.07 x 1;1.365
MED08;17.9;17.040.0021-A;M2;E.M PAULO PINHEIRO;FAIXA;310 x 0.07 x 1;21.7
MED08;17.9;17.040.0021-A;M2;E.M MARIA ROSA;FAIXA;304.7 x 0.07 x 1;21.329
MED08;17.9;17.040.0021-A;M2;E.M MARIA ROSA;FAIXA;94.1 x 0.07 x 1;6.587
MED08;17.9;17.040.0021-A;M2;E.M MARIA ROSA;FAIXA;9.7 x 0.07 x 1;0.679
MED08;17.9;17.040.0021-A;M2;E.M MARIA ROSA;FAIXA;21.3 x 0.07 x 1;1.491
MED08;17.9;17.040.0021-A;M2;E.M ARI GOMES;MARCAÇÃO DA QUADRA;30 x 20 x 0.1;60
MED08;17.9;17.040.0021-A;M2;E.M SOLANGE VIANNA;FAIXA;107 x 0.07 x 1;7.49
MED08;17.9;17.040.0021-A;M2;E.M SOLANGE VIANNA;FAIXA;96 x 0.07 x 1;6.72
MED08;17.9;17.040.0021-A;M2;E.M SOLANGE VIANNA;FAIXA;8 x 0.07 x 1;0.56
MED08;17.9;17.040.0021-A;M2;E.M SOLANGE VIANNA;FAIXA;108.2 x 0.07 x 1;7.574
MED08;17.9;17.040.0021-A;M2;E.M SOLANGE VIANNA;FAIXA;64.8 x 0.07 x 1;4.536
MED08;17.9;17.040.0021-A;M2;E.M ALBERTO JORGE;FAIXA MURO PINTURA INTERNA;180 x 0.07 x 1;12.6
MED08;17.10;17.040.0024-A;M2;CEMADA;MEIO FIO;37.1 x 0.25 x 1;9.275
MED08;17.10;17.040.0024-A;M2;E.M ERNESTINA JORGE;PISO;8 x 2.8 x 1;22.4
MED08;17.10;17.040.0024-A;M2;E.M ERNESTINA JORGE;PISO;27.4 x 3.86 x 1;105.764
MED08;17.10;17.040.0024-A;M2;E.M ERNESTINA JORGE;PISO;11.5 x 7.8 x 1;89.7
MED08;17.10;17.040.0024-A;M2;E.M ERNESTINA JORGE;PISO;17.9 x 1.2 x 1;21.48
MED08;17.10;17.040.0024-A;M2;E.M ERNESTINA JORGE;PISO;11.5 x 2.13 x 1;24.495
MED08;17.10;17.040.0024-A;M2;E.M ERNESTINA JORGE;PISO;14.8 x 1.18 x 1;17.464
MED08;17.10;17.040.0024-A;M2;E.M ERNESTINA JORGE;PISO;6.03 x 2.77 x 1;16.7031
MED08;17.10;17.040.0024-A;M2;E.M ERNESTINA JORGE;PISO;15.9 x 3 x 1;47.7
MED08;17.10;17.040.0024-A;M2;E.M ARI GOMES;QUADRA;30 x 20 x 1;600
MED08;17.10;17.040.0024-A;M2;E.M SOLANGE VIANNA;PISO;4.7 x 5.7 x 1;26.79
MED08;17.10;17.040.0024-A;M2;E.M SOLANGE VIANNA;PISO;4.7 x 10.9 x 1;51.23
MED08;17.10;17.040.0024-A;M2;E.M SOLANGE VIANNA;PISO;3.6 x 2.5 x 1;9
MED08;17.10;17.040.0024-A;M2;E.M SOLANGE VIANNA;PISO;2.4 x 16.1 x 1;38.64
MED08;17.10;17.040.0024-A;M2;E.M SOLANGE VIANNA;PISO;1.7 x 4.3 x 1;7.31
MED08;17.10;17.040.0024-A;M2;PRAÇA DE SKATE;PISO;16.7 x 2.3 x 1;38.41
MED08;17.10;17.040.0024-A;M2;PRAÇA DE SKATE;PISO;9.5 x 4.1 x 1;38.95
MED08;17.10;17.040.0024-A;M2;PRAÇA DE SKATE;PISO;3 x 10.4 x 1;31.2
MED08;17.10;17.040.0024-A;M2;PRAÇA DE SKATE;PISO;2.4 x 5.1 x 1;12.24
MED08;17.10;17.040.0024-A;M2;PRAÇA DE SKATE;PISO;4.1 x 4.5 x 1;18.45
MED08;17.10;17.040.0024-A;M2;PRAÇA DE SKATE;PISO;1.6 x 17.5 x 1;28
MED08;17.10;17.040.0024-A;M2;PRAÇA DE SKATE;PISO;1.5 x 7.1 x 1;10.65
MED08;17.10;17.040.0024-A;M2;PRAÇA DE SKATE;PISO;12.3 x 3.3 x 1;40.59
MED08;17.10;17.040.0024-A;M2;PRAÇA DE SKATE;PISO;8.9 x 3.7 x 1;32.93
MED08;17.10;17.040.0024-A;M2;PRAÇA DE SKATE;PISO;4.6 x 13.5 x 1;62.1
MED08;17.10;17.040.0024-A;M2;PRAÇA DE SKATE;PISO;13.1 x 4.6 x 1;60.26
MED08;17.10;17.040.0024-A;M2;PRAÇA DE SKATE;PISO;23.4 x 3.4 x 1;79.56
MED08;17.10;17.040.0024-A;M2;PRAÇA DE SKATE;PISO;22.4 x 2.8 x 1;62.72
MED08;17.10;17.040.0024-A;M2;PRAÇA DE SKATE;PISO;26.3 x 2.8 x 1;73.64
MED08;17.10;17.040.0024-A;M2;PRAÇA DE SKATE;PISO;0.9 x 1.9 x 1;1.71
MED08;17.10;17.040.0024-A;M2;PRAÇA DE SKATE;PISO;6.7 x 5.1 x 1;34.17
MED08;17.10;17.040.0024-A;M2;PRAÇA DE SKATE;PISO;4.1 x 1.4 x 1;5.74
MED08;17.10;17.040.0024-A;M2;PRAÇA DE SKATE;PISO;2.9 x 4.1 x 1;11.89
MED08;17.10;17.040.0024-A;M2;PRAÇA DE SKATE;PISO;5.3 x 9.4 x 1;49.82
MED08;17.10;17.040.0024-A;M2;PRAÇA DE SKATE;PISO;3 x 2.5 x 1;7.5
MED08;17.10;17.040.0024-A;M2;PRAÇA DE SKATE;PISO;13 x 3 x 1;39
MED08;17.10;17.040.0024-A;M2;PRAÇA DE SKATE;PISO;10.7 x 3.5 x 1;37.45
MED08;17.10;17.040.0024-A;M2;PRAÇA DE SKATE;PISO;6 x 0.25 x 1;1.5
MED08;18.1;18.002.0010-A;UN;Estádio Emília Rosa Guimarães;1538;1;1
MED08;18.1;18.002.0010-A;UN;Escola M. Mônica de Andrade Ribeiro;1988;1;1
MED08;18.2;18.002.0030-A;UN;;;;0
MED08;18.3;18.002.0055-A;UN;;;;0
MED08;18.4;18.002.0065-A;UN;;;;0
MED08;18.5;18.002.0080-A;UN;Escola M. Francisco de Assis Medeiros Rangel;1321;1;1
MED08;18.5;18.002.0080-A;UN;E.M. FAZENDA DA PRAIA;1815;1;1
MED08;18.6;18.003.0003-A;UN;Escola M. Nelzir Pereira Mello;74;1;1
MED08;18.6;18.003.0003-A;UN;Creche M. Dona Senhorinha;1580;1;1
MED08;18.6;18.003.0003-A;UN;Escola M. Alberto Jorge;1611;1;1
MED08;18.6;18.003.0003-A;UN;Escola M. Simar Machado Sodré;1732;1;1
MED08;18.6;18.003.0003-A;UN;Escola M. Rosângela Duarte Faria;1596;1;1
MED08;18.6;18.003.0003-A;UN;Creche Dona Lina;1211;1;1
MED08;18.6;18.003.0003-A;UN;CIEP Mestre Marçal Municipalizado;1291;1;1
MED08;18.7;18.003.0015-A;UN;E.M. MARIA TEIXEIRA DE PAULA;1887;6;6
MED08;18.8;18.005.0010-A;UN;;;;0
MED08;18.9;18.005.0012-A;UN;;;;0
MED08;18.10;18.005.0013-A;UN;;;;0
MED08;18.11;18.005.0018-A;UN;Escola M. Nelzir Pereira Mello;74;2;2
MED08;18.11;18.005.0018-A;UN;Escola M. Fazendas Reunidas Atlântica;1238;2;2
MED08;18.11;18.005.0018-A;UN;Escola M. Padre José Dilson Dórea;1243;4;4
MED08;18.11;18.005.0018-A;UN;Escola M. Ary Gomes de Marins;1316;1;1
MED08;18.11;18.005.0018-A;UN;Escola M. Francisco de Assis Medeiros Rangel;1357;4;4
MED08;18.11;18.005.0018-A;UN;Creche M. Dona Senhorinha;1580;3;3
MED08;18.11;18.005.0018-A;UN;Escola M. Alberto Jorge;1611;1;1
MED08;18.11;18.005.0018-A;UN;Escola M. Dom Bosco;1618;2;2
MED08;18.11;18.005.0018-A;UN;Escola M. Simar Machado Sodré;1732;1;1
MED08;18.11;18.005.0018-A;UN;E.M. FAZENDA DA PRAIA;1815;1;1
MED08;18.11;18.005.0018-A;UN;Estádio Emília Rosa Guimarães;1532;10;10
MED08;18.11;18.005.0018-A;UN;E.M. MARIA TEIXEIRA DE PAULA;1870;4;4
MED08;18.11;18.005.0018-A;UN;Escola M. Rosângela Duarte Faria;1596;3;3
MED08;18.11;18.005.0018-A;UN;E.M. MARIA TEIXEIRA DE PAULA;1887;4;4
MED08;18.11;18.005.0018-A;UN;Escola M. João Bento Duarte Neto;1980;1;1
MED08;18.11;18.005.0018-A;UN;Escola M. Francisco de Assis Medeiros Rangel;1217;3;3
MED08;18.11;18.005.0018-A;UN;Escola M. João Bento Duarte Neto;1447;2;2
MED08;18.11;18.005.0018-A;UN;Escola M. Nilton Balthazar;1223;6;6
MED08;18.11;18.005.0018-A;UN;Escola M. Fazendas Reunidas Atlântica;1314;1;1
MED08;18.12;18.006.0025-A;UN;;;;0
MED08;18.13;18.006.0050-A;UN;;;;0
MED08;18.14;18.007.0042-A;UN;;;;0
MED08;18.16;18.007.0080-A;UN;E.M. HERIQUE SARZEDAS;;1;1
MED08;18.16;18.007.0080-A;UN;CEMAEE - Centro M. de Atentimento Edu. Especializado;1517;1;1
MED08;18.16;18.007.0080-A;UN;Creche M. Maria Rosa Ribeiro Pinheiro;1228;1;1
MED08;18.16;18.007.0080-A;UN;Escola M. Mônica de Andrade Ribeiro;1272;1;1
MED08;18.16;18.007.0080-A;UN;Escola M. Ary Gomes de Marins;1620;1;1
MED08;18.17;18.008.0005-A;UN;;;;0
MED08;18.18;18.008.0007-A;UN;;;;0
MED08;18.19;18.009.0058-A;UN;Escola M. Ary Gomes de Marins;1316;2;2
MED08;18.19;18.009.0058-A;UN;Escola M. Francisco de Assis Medeiros Rangel;1357;5;5
MED08;18.19;18.009.0058-A;UN;Escola M. Ondina Pinto Marcondes;945;1;1
MED08;18.19;18.009.0058-A;UN;Escola M. Inayá Moraes D'Couto;1056;1;1
MED08;18.19;18.009.0058-A;UN;Escola M. Fazendas Reunidas Atlântica;1071;1;1
MED08;18.19;18.009.0058-A;UN;Creche Dona Lina;1203;2;2
MED08;18.19;18.009.0058-A;UN;Creche Dona Lina;1207;1;1
MED08;18.19;18.009.0058-A;UN;Escola M. Jerônymo Mendes da Costa;1268;4;4
MED08;18.19;18.009.0058-A;UN;Escola M. Pedro Moreira dos Santos;1301;1;1
MED08;18.19;18.009.0058-A;UN;CIEP Mestre Marçal Municipalizado;1305;2;2
MED08;18.19;18.009.0058-A;UN;Escola M. Pedro Moreira dos Santos;1308;1;1
MED08;18.19;18.009.0058-A;UN;Escola M. Alzir David Pereira;1431;3;3
MED08;18.19;18.009.0058-A;UN;Escola M. Simar Machado Sodré;1511;1;1
MED08;18.19;18.009.0058-A;UN;Escola M. Simar Machado Sodré;1731;2;2
MED08;18.19;18.009.0058-A;UN;E.M. NILTON BALTHAZAR;1925;1;1
MED08;18.19;18.009.0058-A;UN;E.M. JOÃO BENTO DUARTE NETO;1807;1;1
MED08;18.19;18.009.0058-A;UN;E.M. RIO DAS OSTRAS;1745;1;1
MED08;18.19;18.009.0058-A;UN;Escola M. José de Oliveira Martins;954;2;2
MED08;18.19;18.009.0058-A;UN;Escola M. Mônica de Andrade Ribeiro;1515;2;2
MED08;18.19;18.009.0058-A;UN;Escola M. Nadir da Silva Salvador;1318;2;2
MED08;18.19;18.009.0058-A;UN;Escola M. Pedro Moreira dos Santos;1579;2;2
MED08;18.19;18.009.0058-A;UN;Escola M. Rosângela Duarte Faria;1596;1;1
MED08;18.19;18.009.0058-A;UN;E.M. ONDINA PINTO MARCONTES;1883;2;2
MED08;18.19;18.009.0058-A;UN;E.M. MARIA TEIXEIRA DE PAULA;1837;2;2
MED08;18.19;18.009.0058-A;UN;Escola M. Senhorinha de Oliveira Gomes;1053;1;1
MED08;18.19;18.009.0058-A;UN;Escola M. Fazendas Reunidas Atlântica;655;2;2
MED08;18.19;18.009.0058-A;UN;Escola M. Senhorinha de Oliveira Gomes;1330;2;2
MED08;18.19;18.009.0058-A;UN;Escola M. Nadir da Silva Salvador;1397;1;1
MED08;18.19;18.009.0058-A;UN;Escola M. Fazendas Reunidas Atlântica;1314;1;1
MED08;18.19;18.009.0058-A;UN;CEMAEE - Centro M. de Atendimento Edu. Especializado;M16 - EMERGÊNCIAL;1;1
MED08;18.20;18.009.0074-A;UN;Escola M. Nilton Balthazar;1221;2;2
MED08;18.20;18.009.0074-A;UN;Creche Dona Lina;1212;1;1
MED08;18.20;18.009.0074-A;UN;Escola M. Simar Machado Sodré;1615;1;1
MED08;18.20;18.009.0074-A;UN;Escola M. Paulo Pinheiro;516;3;3
MED08;18.20;18.009.0074-A;UN;Creche Dona Lina;1207;4;4
MED08;18.20;18.009.0074-A;UN;Escola M. Alberto Jorge;1452;1;1
MED08;18.20;18.009.0074-A;UN;E.M. ONDINA PINTO MARCONTES;1880;1;1
MED08;18.20;18.009.0074-A;UN;Escola M. América Abdalla;1978;1;1
MED08;18.20;18.009.0074-A;UN;E.M. ERNESTINA JORGE PEREIRA;1847;2;2
MED08;18.20;18.009.0074-A;UN;E.M. ONDINA PINTO MARCONTES;1993;1;1
MED08;18.20;18.009.0074-A;UN;Escola M. José Luiz de Lemos;1309;1;1
MED08;18.20;18.009.0074-A;UN;Escola M. Elson Pinheiro;1437;1;1
MED08;18.20;18.009.0074-A;UN;Escola M. José de Oliveira Martins;1507;1;1
MED08;18.20;18.009.0074-A;UN;E.M. FRANCISCO DE ASSIS MEDEIROS RANGEL;1741;1;1
MED08;18.20;18.009.0074-A;UN;Creche M. Maria Rosa Ribeiro Pinheiro;1568;1;1
MED08;18.20;18.009.0074-A;UN;Escola M. Cláudio Ribeiro;915;1;1
MED08;18.20;18.009.0074-A;UN;Creche M. Maria Rosa Ribeiro Pinheiro;1227;1;1
MED08;18.20;18.009.0074-A;UN;Escola M. Jerônymo Mendes da Costa;1137;1;1
MED08;18.20;18.009.0074-A;UN;Escola M. Paulo Pinheiro;1589;1;1
MED08;18.21;18.009.0076-A;UN;Escola M. Nelzir Pereira Mello;74;2;2
MED08;18.21;18.009.0076-A;UN;Escola M. Fazendas Reunidas Atlântica;1238;2;2
MED08;18.21;18.009.0076-A;UN;Escola M. Alberto Jorge;1611;1;1
MED08;18.21;18.009.0076-A;UN;Escola M. Fany Batista Esteves;969;1;1
MED08;18.21;18.009.0076-A;UN;Escola M. Paulo Pinheiro;1284;1;1
MED08;18.21;18.009.0076-A;UN;Escola M. Sebastião Loubach;1439;1;1
MED08;18.21;18.009.0076-A;UN;Escola M. Rosângela Duarte Faria;1548;1;1
MED08;18.21;18.009.0076-A;UN;Escola M. Jovenil Bastos da Silva;1623;1;1
MED08;18.21;18.009.0076-A;UN;Escola M. Fazendas Reunidas Atlântica;1071;1;1
MED08;18.21;18.009.0076-A;UN;Escola M. Nadir da Silva Salvador;1088;1;1
MED08;18.21;18.009.0076-A;UN;SEMEDE;1156;1;1
MED08;18.21;18.009.0076-A;UN;E.M. MARIA TEIXEIRA DE PAULA;1821;1;1
MED08;18.21;18.009.0076-A;UN;CRECHE MUNICIPAL MARIA ROSA R. PINHEIRO - TIA DIDI;1792;1;1
MED08;18.21;18.009.0076-A;UN;CIEP Mestre Marçal Municipalizado;1584;1;1
MED08;18.21;18.009.0076-A;UN;E.M. RIO DAS OSTRAS;1745;1;1
MED08;18.21;18.009.0076-A;UN;Estádio Emília Rosa Guimarães;1532;2;2
MED08;18.21;18.009.0076-A;UN;Escola M. José Luiz de Lemos;1607;1;1
MED08;18.21;18.009.0076-A;UN;E.M. MARIA TEIXEIRA DE PAULA;1870;4;4
MED08;18.21;18.009.0076-A;UN;Escola M. Sebastião Loubach;1393;1;1
MED08;18.21;18.009.0076-A;UN;Escola M. Paulo Pinheiro;1095;2;2
MED08;18.21;18.009.0076-A;UN;Creche M. Maria Rosa Ribeiro Pinheiro;1227;1;1
MED08;18.21;18.009.0076-A;UN;CEMADA;1826;2;2
MED08;18.21;18.009.0076-A;UN;Escola M. Jerônymo Mendes da Costa;1137;1;1
MED08;18.21;18.009.0076-A;UN;Escola M. Senhorinha de Oliveira Gomes;L33 - EMERGÊNCIAL;1;1
MED08;18.21;18.009.0076-A;UN;Escola M. Senhorinha de Oliveira Gomes;L34 - EMERGÊNCIAL;1;1
MED08;18.21;18.009.0076-A;UN;Escola M. Simar Machado Sodré;L11 - EMERGÊNCIAL;1;1
MED08;18.22;18.011.0003-A;UN;;;;0
MED08;18.23;18.012.0090-A;UN;Escola M. Nadir da Silva Salvador;1155;1;1
MED08;18.23;18.012.0090-A;UN;Creche M. Maria Rosa Ribeiro Pinheiro;1311;1;1
MED08;18.23;18.012.0090-A;UN;Escola M. Jerônymo Mendes da Costa;1430;1;1
MED08;18.23;18.012.0090-A;UN;Escola M. Sebastião Loubach;1436;1;1
MED08;18.23;18.012.0090-A;UN;Escola M. Alzir David Pereira;1599;2;2
MED08;18.23;18.012.0090-A;UN;Escola M. Ary Gomes de Marins;1657;1;1
MED08;18.23;18.012.0090-A;UN;Escola M. Nilton Balthazar;1658;1;1
MED08;18.23;18.012.0090-A;UN;IMERO;1659;1;1
MED08;18.23;18.012.0090-A;UN;Escola M. Mônica de Andrade Ribeiro;956;1;1
MED08;18.23;18.012.0090-A;UN;Escola M. Rio das Ostras;1651;1;1
MED08;18.23;18.012.0090-A;UN;Escola M. Fany Batista Esteves;1977;2;2
MED08;18.23;18.012.0090-A;UN;Escola M. Célio Sarzedas;1445;1;1
MED08;18.23;18.012.0090-A;UN;Escola M. Fazendas Reunidas Atlântica;1314;1;1
MED08;18.23;18.012.0090-A;UN;Escola M. José Luiz de Lemos;1960;2;2
MED08;18.23;18.012.0090-A;UN;Escola M. Alzir David Pereira;1325;1;1
MED08;18.23;18.012.0090-A;UN;Escola M. Alzir David Pereira;M03 - EMERGÊNCIAL;5;5
MED08;18.24;18.013.0106-A;UN;Escola M. Rosângela Duarte Faria;1094;1;1
MED08;18.24;18.013.0106-A;UN;Escola M. Francisco de Assis Medeiros Rangel;1321;1;1
MED08;18.24;18.013.0106-A;UN;Escola M. Jovenil Bastos da Silva;1623;2;2
MED08;18.24;18.013.0106-A;UN;Escola M. Nilton Balthazar;1514;1;1
MED08;18.24;18.013.0106-A;UN;Escola M. Nilton Balthazar;1223;2;2
MED08;18.24;18.013.0106-A;UN;Creche M. Valdira Flausino Rodrigues;1167;3;3
MED08;18.24;18.013.0106-A;UN;Escola M. Fany Batista Esteves;M19 - EMERGÊNCIAL;1;1
MED08;18.24;18.013.0106-A;UN;Escola M. Nadir da Silva Salvador;L04 - EMERGÊNCIAL;1;1
MED08;18.24;18.013.0106-A;UN;Escola M. Nadir da Silva Salvador;L03 - EMERGÊNCIAL;2;2
MED08;18.25;18.013.0109-A;UN;;;;0
MED08;18.26;18.013.0111-A;UN;;;;0
MED08;18.27;18.013.0127-A;UN;Escola M. Nelzir Pereira Mello;74;2;2
MED08;18.27;18.013.0127-A;UN;Escola M. Padre José Dilson Dórea;1243;1;1
MED08;18.27;18.013.0127-A;UN;Creche M. Dona Senhorinha;1580;2;2
MED08;18.27;18.013.0127-A;UN;Escola M. Simar Machado Sodré;1732;1;1
MED08;18.27;18.013.0127-A;UN;Escola M. Rosângela Duarte Faria;1094;1;1
MED08;18.27;18.013.0127-A;UN;Escola M. Francisco de Assis Medeiros Rangel;1321;1;1
MED08;18.27;18.013.0127-A;UN;Escola M. Sebastião Loubach;966;1;1
MED08;18.27;18.013.0127-A;UN;Escola M. Fany Batista Esteves;969;3;3
MED08;18.27;18.013.0127-A;UN;CEMAEE - Centro M. de Atentimento Edu. Especializado;1164;1;1
MED08;18.27;18.013.0127-A;UN;Creche Dona Lina;1212;2;2
MED08;18.27;18.013.0127-A;UN;Escola M. Paulo Pinheiro;1284;1;1
MED08;18.27;18.013.0127-A;UN;Escola M. Sebastião Loubach;1439;1;1
MED08;18.27;18.013.0127-A;UN;Escola M. Rosângela Duarte Faria;1548;2;2
MED08;18.27;18.013.0127-A;UN;Escola M. Simar Machado Sodré;1615;1;1
MED08;18.27;18.013.0127-A;UN;Escola M. Jovenil Bastos da Silva;1623;1;1
MED08;18.27;18.013.0127-A;UN;E.M. FAZENDA DA PRAIA;1815;1;1
MED08;18.27;18.013.0127-A;UN;E.M. PADRE JOSÉ DILSON DÓREA;1832;4;4
MED08;18.27;18.013.0127-A;UN;Escola M. Paulo Pinheiro;516;2;2
MED08;18.27;18.013.0127-A;UN;Estádio Emília Rosa Guimarães;1532;1;1
MED08;18.27;18.013.0127-A;UN;E.M. MARIA TEIXEIRA DE PAULA;1870;4;4
MED08;18.27;18.013.0127-A;UN;E.M. INAYÁ MORÁES D´COUTO;1804;1;1
MED08;18.27;18.013.0127-A;UN;Escola M. Rosângela Duarte Faria;1596;4;4
MED08;18.27;18.013.0127-A;UN;Escola M. Sebastião Loubach;1393;1;1
MED08;18.27;18.013.0127-A;UN;Escola M. Alzir David Pereira;1234;1;1
MED08;18.27;18.013.0127-A;UN;Escola M. Alzir David Pereira;1172;1;1
MED08;18.27;18.013.0127-A;UN;Escola M. Nilton Balthazar;1514;1;1
MED08;18.27;18.013.0127-A;UN;Creche M. Maria Rosa Ribeiro Pinheiro;1568;1;1
MED08;18.27;18.013.0127-A;UN;Escola M. Nilton Balthazar;1223;3;3
MED08;18.27;18.013.0127-A;UN;Creche Dona Lina;757;1;1
MED08;18.27;18.013.0127-A;UN;Escola M. Paulo Pinheiro;1095;2;2
MED08;18.27;18.013.0127-A;UN;Creche M. Maria Rosa Ribeiro Pinheiro;1227;1;1
MED08;18.27;18.013.0127-A;UN;Escola M. Senhorinha de Oliveira Gomes;1330;2;2
MED08;18.27;18.013.0127-A;UN;Creche Dona Lina;616;1;1
MED08;18.27;18.013.0127-A;UN;Escola M. Jerônymo Mendes da Costa;1137;1;1
MED08;18.27;18.013.0127-A;UN;Escola M. Padre José Dilson Dórea;886;4;4
MED08;18.27;18.013.0127-A;UN;E.M. PROFª AMÉRICA ABDALLA;1759;4;4
MED08;18.27;18.013.0127-A;UN;Escola M. Mônica de Andrade Ribeiro;L42 - EMERGÊNCIAL;1;1
MED08;18.27;18.013.0127-A;UN;Escola M. Padre José Dilson Dórea;L23 - EMERGÊNCIAL;1;1
MED08;18.27;18.013.0127-A;UN;Escola M. Nadir da Silva Salvador;L04 - EMERGÊNCIAL;3;3
MED08;18.27;18.013.0127-A;UN;Escola M. Nadir da Silva Salvador;L03 - EMERGÊNCIAL;5;5
MED08;18.28;18.013.0133-A;UN;Escola M. Simar Machado Sodré;1615;1;1
MED08;18.28;18.013.0133-A;UN;Escola M. Jovenil Bastos da Silva;1623;2;2
MED08;18.28;18.013.0133-A;UN;E.M. FAZENDA DA PRAIA;1815;4;4
MED08;18.28;18.013.0133-A;UN;Escola M. Fazendas Reunidas Atlântica;1071;1;1
MED08;18.28;18.013.0133-A;UN;CEMAEE - Centro M. de Atendimento Edu. Especializado;1455;2;2
MED08;18.28;18.013.0133-A;UN;Escola M. Inayá Moraes D'Couto;1247;1;1
MED08;18.28;18.013.0133-A;UN;Escola M. Nilton Balthazar;1996;4;4
MED08;18.28;18.013.0133-A;UN;Escola M. Paulo Pinheiro;1290;2;2
MED08;18.28;18.013.0133-A;UN;Escola M. Senhorinha de Oliveira Gomes;1053;2;2
MED08;18.28;18.013.0133-A;UN;Escola M. Nilton Balthazar;1223;4;4
MED08;18.28;18.013.0133-A;UN;Escola M. Paulo Pinheiro;1095;2;2
MED08;18.28;18.013.0133-A;UN;Escola M. Padre José Dilson Dórea;1728;4;4
MED08;18.28;18.013.0133-A;UN;E.M. PROFª AMÉRICA ABDALLA;1759;4;4
MED08;18.29;18.013.0156-A;UN;CAMPO GILBERTO CABRAL;;6;6
MED08;18.29;18.013.0156-A;UN;E.M. HERIQUE SARZEDAS;;1;1
MED08;18.30;18.016.0040-A;UN;;;;0
MED08;18.31;18.016.0045-A;M;;;;0
MED08;18.32;18.016.0050-A;M;;;;0
MED08;18.33;18.016.0106-A;UN;;;;0
MED08;18.34;18.017.0020-A;UN;Escola M. Nelzir Pereira Mello;74;1;1
MED08;18.34;18.017.0020-A;UN;Escola M. Rosângela Duarte Faria;1092;1;1
MED08;18.34;18.017.0020-A;UN;Escola M. Paulo Pinheiro;516;1;1
MED08;18.34;18.017.0020-A;UN;Escola M. Jerônymo Mendes da Costa;1268;2;2
MED08;18.34;18.017.0020-A;UN;Escola M. Pedro Moreira dos Santos;1301;1;1
MED08;18.34;18.017.0020-A;UN;Escola M. Pedro Moreira dos Santos;1308;1;1
MED08;18.34;18.017.0020-A;UN;Escola M. Simar Machado Sodré;1511;1;1
MED08;18.34;18.017.0020-A;UN;E.M. NILTON BALTHAZAR;1925;1;1
MED08;18.34;18.017.0020-A;UN;Escola M. Mônica de Andrade Ribeiro;1515;2;2
MED08;18.34;18.017.0020-A;UN;Escola M. Nadir da Silva Salvador;1318;1;1
MED08;18.34;18.017.0020-A;UN;Escola M. Pedro Moreira dos Santos;1579;1;1
MED08;18.34;18.017.0020-A;UN;Escola M. Rosângela Duarte Faria;1596;1;1
MED08;18.34;18.017.0020-A;UN;Escola M. Solange Viana;1096;1;1
MED08;18.34;18.017.0020-A;UN;Escola M. Inayá Moraes D'Couto;1359;2;2
MED08;18.34;18.017.0020-A;UN;Escola M. Sebastião Loubach;1393;1;1
MED08;18.34;18.017.0020-A;UN;Escola M. Ernestina Jorge Pereira;1573;1;1
MED08;18.34;18.017.0020-A;UN;Escola M. Inayá Moraes D'Couto;1591;1;1
MED08;18.34;18.017.0020-A;UN;E.M. PROFª AMÉRICA ABDALLA;1760;1;1
MED08;18.34;18.017.0020-A;UN;E.M. RIO DAS OSTRAS;1808;1;1
MED08;18.34;18.017.0020-A;UN;E.M. ONDINA PINTO MARCONTES;1883;1;1
MED08;18.34;18.017.0020-A;UN;Escola M. Senhorinha de Oliveira Gomes;1100;1;1
MED08;18.34;18.017.0020-A;UN;Escola M. Enedina Fidélis Moreira;1149;1;1
MED08;18.34;18.017.0020-A;UN;Creche M. Valdira Flausino Rodrigues;1270;1;1
MED08;18.34;18.017.0020-A;UN;Escola M. Sebastião Loubach;1345;1;1
MED08;18.34;18.017.0020-A;UN;Escola M. Fany Batista Esteves;1456;1;1
MED08;18.34;18.017.0020-A;UN;Escola M. Inayá Moraes D'Couto;1591;1;1
MED08;18.34;18.017.0020-A;UN;E.M. MARINETE COELHO DE SOUZA;1795;2;2
MED08;18.34;18.017.0020-A;UN;Escola M. Senhorinha de Oliveira Gomes;1053;1;1
MED08;18.34;18.017.0020-A;UN;Escola M. Fazendas Reunidas Atlântica;655;1;1
MED08;18.34;18.017.0020-A;UN;Escola M. Senhorinha de Oliveira Gomes;1330;1;1
MED08;18.34;18.017.0020-A;UN;Escola M. Marinete Coelho Souza;L18 - EMERGÊNCIAL;1;1
MED08;18.35;18.019.0010-A;UN;Escola M. Nelzir Pereira Mello;74;1;1
MED08;18.35;18.019.0010-A;UN;Escola M. Fazendas Reunidas Atlântica;1238;1;1
MED08;18.35;18.019.0010-A;UN;Escola M. Padre José Dilson Dórea;1243;1;1
MED08;18.35;18.019.0010-A;UN;Escola M. Ary Gomes de Marins;1316;2;2
MED08;18.35;18.019.0010-A;UN;Escola M. Francisco de Assis Medeiros Rangel;1357;2;2
MED08;18.35;18.019.0010-A;UN;Creche M. Dona Senhorinha;1580;1;1
MED08;18.35;18.019.0010-A;UN;Escola M. Alberto Jorge;1611;1;1
MED08;18.35;18.019.0010-A;UN;Escola M. Simar Machado Sodré;1732;1;1
MED08;18.35;18.019.0010-A;UN;Escola M. Francisco de Assis Medeiros Rangel;1321;2;2
MED08;18.35;18.019.0010-A;UN;Escola M. Sebastião Loubach;1439;1;1
MED08;18.35;18.019.0010-A;UN;Escola M. Simar Machado Sodré;1615;1;1
MED08;18.35;18.019.0010-A;UN;E.M. FAZENDA DA PRAIA;1815;1;1
MED08;18.35;18.019.0010-A;UN;Escola M. Ondina Pinto Marcondes;945;1;1
MED08;18.35;18.019.0010-A;UN;CIEP Mestre Marçal Municipalizado;1584;1;1
MED08;18.35;18.019.0010-A;UN;Escola M. José de Oliveira Martins;954;1;1
MED08;18.35;18.019.0010-A;UN;Estádio Emília Rosa Guimarães;1532;10;10
MED08;18.35;18.019.0010-A;UN;Escola M. Fazendas Reunidas Atlântica;1072;2;2
MED08;18.35;18.019.0010-A;UN;Escola M. Jovenil Bastos da Silva;1147;2;2
MED08;18.35;18.019.0010-A;UN;CIEP Mestre Marçal Municipalizado;1218;1;1
MED08;18.35;18.019.0010-A;UN;Escola M. José Luiz de Lemos;1435;1;1
MED08;18.35;18.019.0010-A;UN;CEMAEE - Centro M. de Atendimento Edu. Especializado;1455;2;2
MED08;18.35;18.019.0010-A;UN;Escola M. Neli Aparecida Tâmara Luiz;1617;4;4
MED08;18.35;18.019.0010-A;UN;SEMEDE;1750;1;1
MED08;18.35;18.019.0010-A;UN;E.M. INAYÁ MORÁES D´COUTO;1884;1;1
MED08;18.35;18.019.0010-A;UN;E.M. MARIA TEIXEIRA DE PAULA;1887;2;2
MED08;18.35;18.019.0010-A;UN;E.M. INAYÁ MORÁES D´COUTO;1937;3;3
MED08;18.35;18.019.0010-A;UN;Escola M. João Bento Duarte Neto;1980;1;1
MED08;18.35;18.019.0010-A;UN;Escola M. Inayá Moraes D'Couto;1247;1;1
MED08;18.35;18.019.0010-A;UN;Escola M. Nilton Balthazar;1514;5;5
MED08;18.35;18.019.0010-A;UN;Escola M. Inayá Moraes D'Couto;1469;1;1
MED08;18.35;18.019.0010-A;UN;Escola M. José de Oliveira Martins;287;1;1
MED08;18.35;18.019.0010-A;UN;Escola M. Nilton Balthazar;1223;8;8
MED08;18.35;18.019.0010-A;UN;E.M. VER. PEDRO MOREIRA DOS SANTOS;1763;1;1
MED08;18.35;18.019.0010-A;UN;Escola M. Pedro Moreira dos Santos;M15 - EMERGÊNCIAL;1;1
MED08;18.35;18.019.0010-A;UN;Escola M. Pedro Moreira dos Santos;M17 - EMERGÊNCIAL;1;1
MED08;18.36;18.021.0030-A;UN;;;;0
MED08;18.37;18.021.0035-A;UN;;;;0
MED08;18.38;18.021.0042-A;UN;;;;0
MED08;18.40;18.027.0045-A;UN;;;;0
MED08;18.41;18.027.0097-A;UN;E.M ROCHA LEÃO;;1;1
MED08;18.41;18.027.0097-A;UN;Escola E.M. José de Oliveira Martins;1728;1;1
MED08;18.41;18.027.0097-A;UN;Escola M. Fany Batista Esteves;1383;4;4
MED08;18.41;18.027.0097-A;UN;E.M. PADRE JOSÉ DILSON DÓREA;1874;14;14
MED08;18.41;18.027.0097-A;UN;NUGEPE;1879;6;6
MED08;18.41;18.027.0097-A;UN;Escola M. Fany Batista Esteves;1729;3;3
MED08;18.41;18.027.0097-A;UN;E.M. ARY GOMES DE MARTINS;1780;4;4
MED08;18.41;18.027.0097-A;UN;E.M. ALZIR DAVID PEREIRA;1787;4;4
MED08;18.41;18.027.0097-A;UN;NUGEPE;1765;4;4
MED08;18.41;18.027.0097-A;UN;Escola M. Dom Bosco;1304;4;4
MED08;18.41;18.027.0097-A;UN;Escola M. Célio Sarzedas;1501;12;12
MED08;18.41;18.027.0097-A;UN;E.M. HENRIQUE SARZEDAS;1805;2;2
MED08;18.41;18.027.0097-A;UN;Escola M. Senhorinha de Oliveira Gomes;1053;2;2
MED08;18.41;18.027.0097-A;UN;NUGEPE;1042;8;8
MED08;18.43;18.027.0303-A;UN;CEMAEE;1262;4;4
MED08;18.43;18.027.0303-A;UN;SUPRIMENTOS;1602;2;2
MED08;18.43;18.027.0303-A;UN;Escola M. Fazendas Reunidas Atlântica;1001;5;5
MED08;18.43;18.027.0303-A;UN;Escola M. Célio Sarzedas;1427;15;15
MED08;18.43;18.027.0303-A;UN;Escola M. Inayá Moraes D'Couto;1469;5;5
MED08;18.43;18.027.0303-A;UN;E.M. HENRIQUE SARZEDAS;1805;2;2
MED08;18.43;18.027.0303-A;UN;E.M. MARIA TEIXEIRA DE PAULA;1811;4;4
MED08;18.43;18.027.0303-A;UN;E.M. MARIA TEIXEIRA DE PAULA;1837;19;19
MED08;18.43;18.027.0303-A;UN;Escola M. Paulo Pinheiro;1425;15;15
MED08;18.43;18.027.0303-A;UN;Escola M. Fany Batista Esteves;1298;10;10
MED08;18.43;18.027.0303-A;UN;Escola M. Mônica de Andrade Ribeiro;1276;6;6
MED08;18.43;18.027.0303-A;UN;Escola M. Rosângela Duarte Faria;1561;4;4
MED08;18.43;18.027.0303-A;UN;SEMEDE;657;2;2
MED08;18.43;18.027.0303-A;UN;E.M. PROFª AMÉRICA ABDALLA;1759;10;10
MED08;18.44;18.027.0305-A;UN;;;;0
MED08;18.46;18.027.0445-A;UN;;;;0
MED08;18.48;18.029.0012-A;UN;Escola M. Nilton Balthazar;1221;2;2
MED08;18.48;18.029.0012-A;UN;Escola M. Inayá Moraes D'Couto;1050;1;1
MED08;18.48;18.029.0012-A;UN;Escola M. Fany Batista Esteves;1977;1;1
MED08;18.48;18.029.0012-A;UN;Escola M. Inayá Moraes D'Couto;1070;1;1
MED08;18.49;18.082.0020-A;M;CAMPO GILBERTO CABRAL;;1.79 x 3;5.37
MED08;18.49;18.082.0020-A;M;E.M. HERIQUE SARZEDAS;;1.6 x 1;1.6
MED08;18.49;18.082.0020-A;M;E.M. HERIQUE SARZEDAS;;1.85 x 1;1.85
MED08;18.49;18.082.0020-A;M;E.M. HERIQUE SARZEDAS;;0.2 x 1;0.2
MED08;18.49;18.082.0020-A;M;E.M. HERIQUE SARZEDAS;;0.5 x 1;0.5
MED08;18.49;18.082.0020-A;M;E.M. HERIQUE SARZEDAS;;0.9 x 1;0.9
MED08;18.49;18.082.0020-A;M;E.M. HERIQUE SARZEDAS;;0.8 x 1;0.8
MED08;18.51;18.200.0001-A;PAR;;;;0
MED08;18.52;18.200.0002-A;PAR;;;;0
MED08;18.53;18.200.0004-A;PAR;;;;0
MED08;18.54;18.200.0005-A;PAR;;;;0
MED08;18.55;18.200.0015-A;PAR;;;;0
MED08;18.56;18.200.0020-A;UN;;;;0
MED09;A.2;20069;H;;;1 x 88 x 1;88
MED09;A.4;20155;H;;;1 x 176 x 1;176
MED09;A.5;20143;H;;;1 x 176 x 1;176
MED09;A.7;20146;H;;;1 x 176 x 1;176
MED09;A.9;20008;H;;;1 x 176 x 1;176
MED09;A.12;19.004.0001-C;H;CAMINHÃO;1;176 x 1;176
MED09;A.12;19.004.0001-C;H;KOMBI;1;176 x 1;176
MED09;A.15;19.004.0040-C;H;;;4 x 176 x 1;704
MED09;A.16;19.004.0046-C;H;;;3 x 176 x 1;528
MED09;1.1;20039;H;;;3 x 176 x 1;528
MED09;1.2;20060;H;;;6 x 176 x 1;1056
MED09;1.3;20115;H;;;6 x 176 x 1;1056
MED09;1.4;20131;H;;;1 x 176 x 1;176
MED09;1.5;20132;H;;;18 x 176 x 1;3168
MED09;3.1;03.001.0001-B;M3;Creche M. Maria Rosa Ribeiro Pinheiro;L110;20 x 0.3 x 0.15 x 1;0.9
MED09;3.1;03.001.0001-B;M3;Escola M. Jovenil Bastos da Silva;962;0.4 x 0.4 x 0.4 x 10;0.64
MED09;3.1;03.001.0001-B;M3;Escola M. Fany Batista Esteves;1458;1 x 1 x 0.3 x 1;0.3
MED09;3.1;03.001.0001-B;M3;E.M. SENHORINHA DE OLIVEIRA GOMES - TIA LOLA;1762;2.5 x 2 x 0.3 x 2;3
MED09;3.1;03.001.0001-B;M3;E.M. RIO DAS OSTRAS;1888;3.6 x 0.9 x 0.3 x 1;0.972
MED09;3.1;03.001.0001-B;M3;CAMPO GILBERTO CABRAL;;9.42 x 30.3 x 0.4 x 1;114.1704
MED09;3.1;03.001.0001-B;M3;CAMPO GILBERTO CABRAL;;8.75 x 23.9 x 0.4 x 1;83.65
MED09;3.1;03.001.0001-B;M3;CAMPO GILBERTO CABRAL;;6.85 x 55.85 x 0.4 x 1;153.029
MED09;3.2;03.010.0024-A;M3;;;;0
MED09;3.3;03.009.0080-A;M3;;;;0
MED09;3.4;03.011.0015-B;M3;;;;0
MED09;4.2;04.005.0120-A;T X KM;NUGEPE;;1 x 200 x 10 x 1;2000
MED09;4.2;04.005.0120-A;T X KM;E.M MARIA GORETTI;REF. ITEM 5.6;404.17 x 1.5 x 10 x 1;6062.55
MED09;4.2;04.005.0120-A;T X KM;E.M MARIA GORETTI;REF. ITEM 5.7;76.6 x 1.5 x 10 x 1;1149
MED09;4.2;04.005.0120-A;T X KM;E.M MARIA GORETTI;REF. ITEM 5.16;59.82 x 1.5 x 10 x 1;897.3
MED09;4.3;04.006.0013-B;T;;;0.1 x 4;0
MED09;4.4;04.006.0008-B;T;;;;0
MED09;4.6;04.020.0122-A;M2XKM;;;0 + 0 + 0;0
MED09;4.7;04.021.0010-A;M2;;;0 + 0 + 0;0
MED09;5.1;05.001.0001-A;M3;Escola M. A. Carlos Maurício Franco;382;1 x 1 x 0.3;0.3
MED09;5.1;05.001.0001-A;M3;Escola M. Jovenil Bastos da Silva;962;1.7 x 1 x 0.4;0.68
MED09;5.1;05.001.0001-A;M3;Escola M. Fany Batista Esteves;1458;1 x 1 x 0.3;0.3
MED09;5.2;05.001.0002-B;M3;CAMPO GILBERTO CABRAL;BANCO DE RESERVA;7.7 x 3.1 x 0.2 x 2;9.55
MED09;5.3;05.001.0008-A;M2;;;;0
MED09;5.4;05.001.0009-A;M2;;;;0
MED09;5.5;05.001.0011-A;M2;Escola M. Nilton Balthazar;1226;1.7 x 1.2;2.04
MED09;5.5;05.001.0011-A;M2;NUGEPE;1800;2 x 2;4
MED09;5.5;05.001.0011-A;M2;E.M. RIO DAS OSTRAS;1888;3.6 x 0.9;3.24
MED09;5.5;05.001.0011-A;M2;Escola M. Nilton Balthazar;2072;2 x 2;4
MED09;5.6;05.001.0014-A;M2;E.M MARIA GORETTI;COZINHA;37.5;37.5
MED09;5.6;05.001.0014-A;M2;E.M MARIA GORETTI;DESPENSA;22.32;22.32
MED09;5.6;05.001.0014-A;M2;E.M MARIA GORETTI;ÁREA LATERAL DA COZINHA;38.61;38.61
MED09;5.6;05.001.0014-A;M2;E.M MARIA GORETTI;BANHEIRO FEM.;84.71;84.71
MED09;5.6;05.001.0014-A;M2;E.M MARIA GORETTI;BANHEIRO MASC.;84.71;84.71
MED09;5.6;05.001.0014-A;M2;E.M MARIA GORETTI;BANHEIRO FEM.;71.82;71.82
MED09;5.6;05.001.0014-A;M2;E.M MARIA GORETTI;BANHEIRO MASC.;64.5;64.5
MED09;5.7;05.001.0015-A;M2;Escola M. Simar Machado Sodré;773;7 x 5.03;35.21
MED09;5.7;05.001.0015-A;M2;Escola M. Simar Machado Sodré;773;2 x 1.12;2.24
MED09;5.7;05.001.0015-A;M2;Escola M. Nadir da Silva Salvador;1586;5 x 2;10
MED09;5.7;05.001.0015-A;M2;E.M MARIA GORETTI;1º PAV. PISO TRECHO 01;12.3;12.3
MED09;5.7;05.001.0015-A;M2;E.M MARIA GORETTI;1º PAV. PISO TRECHO 02;26;26
MED09;5.7;05.001.0015-A;M2;E.M MARIA GORETTI;2º PAV. PISO TRECHO 01;12.3;12.3
MED09;5.7;05.001.0015-A;M2;E.M MARIA GORETTI;2º PAV. PISO TRECHO 02;26;26
MED09;5.8;05.001.0021-A;M2;;;;0
MED09;5.9;05.001.0023-A;M3;NUGEPE;VÃO PARA PORTA;0.8 x 2.1 x 0.2 x 3;1.008
MED09;5.10;05.001.0024-A;M3;;;0.2 x 2.9;0
MED09;5.12;05.001.0040-A;M2;Escola M. A. Carlos Maurício Franco;382;20;20
MED09;5.13;05.001.0041-A;M2;;;;0
MED09;5.14;05.001.0043-A;M2;;;;0
MED09;5.16;05.001.0055-A;M2;Escola M. Nelzir Pereira Mello;781;2.5 x 1.2 x 1;3
MED09;5.16;05.001.0055-A;M2;Escola M. Henrique Sarzedas;636;3 x 5 x 1;15
MED09;5.16;05.001.0055-A;M2;E.M MARIA GORETTI;COZINHA;37.5;37.5
MED09;5.16;05.001.0055-A;M2;E.M MARIA GORETTI;DESPENSA;22.32;22.32
MED09;5.17;05.001.0063-A;M2;Escola M. Padre José Dilson Dórea;1245;29 x 65 x 0.2;377
MED09;5.17;05.001.0063-A;M2;Creche Dona Lina;1598;5 x 10 x 1;50
MED09;5.17;05.001.0063-A;M2;Escola M. Henrique Sarzedas;1633;30 x 22 x 0.2;132
MED09;5.17;05.001.0063-A;M2;Creche M. Maria Rosa Ribeiro Pinheiro;L110;18 x 0.2 x 1;3.6
MED09;5.18;05.001.0071-A;M;;;;0
MED09;5.19;05.001.0074-A;M2;E.M. NADIR DA SILVA SALVADOR;1932;150 x 1;150
MED09;5.20;05.001.0134-A;UN;Escola M. Pedro Moreira dos Santos;535;1;1
MED09;5.20;05.001.0134-A;UN;Escola M. Jerônymo Mendes da Costa;1173;2;2
MED09;5.20;05.001.0134-A;UN;E.M. CIEP BRIZOLÃO MESTRE MARÇAL MUNIC.;1923;6;6
MED09;5.20;05.001.0134-A;UN;Escola M. Simar Machado Sodré;2201;1;1
MED09;5.23;05.001.0144-A;UN;;;;0
MED09;5.24;05.001.0145-A;UN;;;;0
MED09;5.25;05.001.0146-A;M;Escola M. Padre José Dilson Dórea;EMERGENCIAL;1;1
MED09;5.29;05.005.0012-B;M2;;;0 + 0 + 0;0
MED09;5.30;05.006.0001-B;M2XMES;CIEP BRIZOLÃO MESTRE MARÇAL;;15 x 3;45
MED09;5.30;05.006.0001-B;M2XMES;GILBERTO CABRAL;;15 x 3;45
MED09;5.30;05.006.0001-B;M2XMES;E.M PADRE JOSÉ DILSON DÓREA;;10 x 3;30
MED09;5.30;05.006.0001-B;M2XMES;ROCHA LEÃO;;15 x 3;45
MED09;5.30;05.006.0001-B;M2XMES;CRECHE DONA LINA;;10 x 3;30
MED09;5.30;05.006.0001-B;M2XMES;CRECHE MARIA ROSA;;10 x 3;30
MED09;5.31;05.008.0001-A;M2;CIEP BRIZOLÃO MESTRE MARÇAL;;15 x 3;45
MED09;5.31;05.008.0001-A;M2;GILBERTO CABRAL;;15 x 3;45
MED09;5.31;05.008.0001-A;M2;E.M PADRE JOSÉ DILSON DÓREA;;10 x 3;30
MED09;5.31;05.008.0001-A;M2;ROCHA LEÃO;;15 x 3;45
MED09;5.31;05.008.0001-A;M2;CRECHE DONA LINA;;10 x 3;30
MED09;5.31;05.008.0001-A;M2;CRECHE MARIA ROSA;;10 x 3;30
MED09;6.1;06.001.0242-A;M;;;;0
MED09;6.2;06.001.0243-A;M;;;;0
MED09;6.10;06.272.0002-A;M;;;;0
MED09;6.11;06.272.0003-A;M;;;;0
MED09;6.14;06.272.0021-A;UN;;;;0
MED09;6.15;06.272.0022-A;UN;CEMADA;M40;3;3
MED09;6.16;06.272.0026-A;UN;;;;0
MED09;6.17;06.272.0027-A;UN;;;;0
MED09;6.18;06.272.0029-A;UN;;;;0
MED09;6.19;06.272.0030-A;UN;;;;0
MED09;6.20;06.272.0032-A;UN;;;;0
MED09;6.21;06.272.0035-A;UN;;;;0
MED09;6.22;06.272.0038-A;UN;;;;0
MED09;6.23;06.272.0039-A;UN;E.M. MONICA DE ANDRADE RIBEIRO;EMERGENCIAL;1;1
MED09;8.5;08.020.0022-A;M2;;;;0
MED09;8.6;08.027.0037-A;M;CAMPO GILBERTO CABRAL;MURETA NO ENTORNO DO CAMPO;179.7 x 1;179.7
MED09;9.3;09.015.0040-A;M2;PRAÇA DE SKATE;REPARO DO ALAMBRADO;115 x 2.3 x 0.2;52.9
MED09;9.4;09.015.0050-A;M2;;;;0
MED09;9.5;09.015.0200-A;M2;PRAÇA DE SKATE;TROCADA TELA DO ALAMBRADO;125 x 2.3 x 1;287.5
MED09;9.5;09.015.0200-A;M2;E.M ROCHA LEÃO;REPARO NE TELA DO ALAMBRADO;97.8 x 3.5 x 0.2;68.46
MED09;11.1;11.003.0002-A;M3;Escola M. A. Carlos Maurício Franco;382;1 x 1 x 0.3 x 1;0.3
MED09;11.1;11.003.0002-A;M3;Escola M. Jovenil Bastos da Silva;962;0.4 x 0.4 x 0.4 x 10;0.64
MED09;11.1;11.003.0002-A;M3;Escola M. Fany Batista Esteves;1458;1 x 1 x 0.3 x 1;0.3
MED09;11.1;11.003.0002-A;M3;Escola M. Henrique Sarzedas;1738;1.6 x 0.6 x 0.3 x 1;0.288
MED09;11.1;11.003.0002-A;M3;E.M. SENHORINHA DE OLIVEIRA GOMES - TIA LOLA;1762;2 x 2.5 x 0.3 x 2;3
MED09;11.1;11.003.0002-A;M3;E.M. RIO DAS OSTRAS;1888;3.6 x 0.9 x 0.3 x 1;0.972
MED09;11.1;11.003.0002-A;M3;ESF ROCHA LEÃO;BASE DE CONCRETO P/ MASTROS;2.2 x 0.7 x 0.5 x 1;0.77
MED09;11.2;11.004.0022-B;M2;CAMPO GILBERTO CABRAL;BALDRAME;80 x 0.3 x 2 x 1;48
MED09;11.2;11.004.0022-B;M2;CAMPO GILBERTO CABRAL;CINTA;80 x 0.3 x 2 x 1;48
MED09;11.2;11.004.0022-B;M2;CAMPO GILBERTO CABRAL;PILARES;2.7 x 0.3 x 4 x 8;25.92
MED09;11.2;11.004.0022-B;M2;CAMPO GILBERTO CABRAL;PILARES;1.2 x 0.3 x 4 x 28;40.32
MED09;11.2;11.004.0022-B;M2;CAMPO GILBERTO CABRAL;BALDRAME WC PNE;15.34 x 0.3 x 2 x 1;9.2
MED09;11.2;11.004.0022-B;M2;CAMPO GILBERTO CABRAL;CINTA WC PNE;15.34 x 0.3 x 2 x 1;9.2
MED09;11.2;11.004.0022-B;M2;CAMPO GILBERTO CABRAL;PILARES WC PNE;2.7 x 0.3 x 4 x 4;12.96
MED09;11.2;11.004.0022-B;M2;CAMPO GILBERTO CABRAL;LAJE WC PNE;4.17 x 0.3 x 1 x 1;1.25
MED09;11.2;11.004.0022-B;M2;CAMPO GILBERTO CABRAL;PISO WC PNE;4.17 x 0.3 x 1 x 1;1.25
MED09;11.2;11.004.0022-B;M2;CAMPO GILBERTO CABRAL;PISO ENTRADA DO QUIOSQUE;4.92 x 0.3 x 1 x 1;1.48
MED09;11.2;11.004.0022-B;M2;CEMAEE;1833;3 x 0.3 x 1 x 3;2.7
MED09;11.2;11.004.0022-B;M2;Escola M. Simar Machado Sodré;2238;3 x 0.3 x 1 x 3;2.7
MED09;11.3;11.013.0075-A;M3;SALDO DA MEDIÇÃO ANTERIOR;;89.28;89.28
MED09;11.3;11.013.0075-A;M3;Escola M. Pedro Moreira dos Santos;1654;0.4 x 0.4 x 0.1 x 1;0.016
MED09;11.3;11.013.0075-A;M3;Escola M. Alzir David Pereira;1974;0.9 x 0.9 x 0.1 x 1;0.081
MED09;11.6;11.023.0002-A;KG;;;0 + 0 + 0 + 0;0
MED09;11.7;11.025.0006-A;M3;;;0.15;0
MED09;11.8;11.025.0012-A;M3;;;0.15;0
MED09;11.9;11.030.0080-A;M2;Escola M. Henrique Sarzedas;1738;1.6 x 0.6 x 1;0.96
MED09;11.10;11.050.0001-B;M3XMES;;;;0
MED09;11.11;11.055.0001-B;M3;;;;0
MED09;12.1;12.002.0015-A;M2;;;;0
MED09;12.2;12.003.0075-B;M2;Escola M. Mônica de Andrade Ribeiro;1513;0.6 x 0.4 x 1;0.24
MED09;12.2;12.003.0075-B;M2;Escola M. Henrique Sarzedas;1738;1 x 1.6 x 1;1.6
MED09;12.2;12.003.0075-B;M2;NUGEPE;FECHAMENTO DE VÃO DE PORTA;0.8 x 2.1 x 2;3.36
MED09;12.3;12.005.0030-A;M2;Escola M. Henrique Sarzedas;1738;0.4 x 0.8 x 1;0.32
MED09;12.4;12.016.0004-A;M2;E.M. FAZENDA DA PRAIA;1824;0.6 x 0.4 x 1;0.24
MED09;12.5;12.016.0010-A;M2;NUGEPE;PAREDES;3.55 x 3.5 x 2;24.85
MED09;12.5;12.016.0010-A;M2;NUGEPE;PAREDES;3.7 x 3.9 x 2;28.86
MED09;12.5;12.016.0010-A;M2;NUGEPE;PAREDES;1.5 x 2.2 x 2;6.6
MED09;12.5;12.016.0010-A;M2;NUGEPE;PAREDES;2.84 x 1.84 x 1;5.23
MED09;12.5;12.016.0010-A;M2;NUGEPE;PAREDES;2.82 x 2.52 x 1;7.11
MED09;12.5;12.016.0010-A;M2;NUGEPE;PAREDES;1.83 x 2.52 x 2;9.22
MED09;12.5;12.016.0010-A;M2;NUGEPE;PAREDES;1.83 x 0.5 x 2;1.83
MED09;12.5;12.016.0010-A;M2;NUGEPE;PAREDES;1.88 x 2.9 x 1;5.45
MED09;12.5;12.016.0010-A;M2;NUGEPE;PAREDES;2.96 x 2.56 x 1;7.58
MED09;12.5;12.016.0010-A;M2;NUGEPE;PAREDES;2.96 x 2.56 x 1;7.58
MED09;12.5;12.016.0010-A;M2;NUGEPE;PAREDES;2.88 x 2.56 x 1;7.37
MED09;12.6;12.016.0024-A;M2;;;;0
MED09;13.1;13.001.0010-B;M2;Escola M. Mônica de Andrade Ribeiro;1513;0.6 x 0.4 x 2;0.48
MED09;13.1;13.001.0010-B;M2;Escola M. Henrique Sarzedas;1738;2.8 x 1.2 x 2;6.72
MED09;13.1;13.001.0010-B;M2;Escola M. Simar Machado;2212;0.3 x 0.3 x 1;0.09
MED09;13.1;13.001.0010-B;M2;CAMPO GILBERTO CABRAL;COZINHA;15 x 2.8 x 1;42
MED09;13.1;13.001.0010-B;M2;CAMPO GILBERTO CABRAL;ADMINISTRAÇÃO;16.7 x 2.8 x 1;46.76
MED09;13.1;13.001.0010-B;M2;CAMPO GILBERTO CABRAL;ALMOXARIFADO;14.7 x 2.8 x 1;41.16
MED09;13.1;13.001.0010-B;M2;CAMPO GILBERTO CABRAL;VARANDA;22.2 x 2.8 x 1;62.16
MED09;13.1;13.001.0010-B;M2;CAMPO GILBERTO CABRAL;RECEPÇÃO;28.7 x 2.8 x 1;80.36
MED09;13.1;13.001.0010-B;M2;CAMPO GILBERTO CABRAL;DEPÓSITO;10.3 x 2.8 x 1;28.84
MED09;13.1;13.001.0010-B;M2;CAMPO GILBERTO CABRAL;HALL VESTIÁRIO;10.1 x 2.8 x 1;28.28
MED09;13.1;13.001.0010-B;M2;CAMPO GILBERTO CABRAL;VARANDA VESTIÁRIO;22.6 x 2.8 x 1;63.28
MED09;13.1;13.001.0010-B;M2;CAMPO GILBERTO CABRAL;PAREDES EXTERNAS ADM;37.6 x 2.8 x 1;105.28
MED09;13.1;13.001.0010-B;M2;CAMPO GILBERTO CABRAL;PAREDES EXTERNAS QUIOSQUE;22.4 x 2.8 x 1;62.72
MED09;13.1;13.001.0010-B;M2;CAMPO GILBERTO CABRAL;PAREDES EXTERNAS VESTIÁRIO;34.78 x 2.8 x 1;97.38
MED09;13.2;13.001.0026-A;M2;Escola M. Mônica de Andrade Ribeiro;1513;0.6 x 0.4 x 2;0.48
MED09;13.2;13.001.0026-A;M2;Escola M. Henrique Sarzedas;1738;2.8 x 1.2 x 2;6.72
MED09;13.2;13.001.0026-A;M2;Escola M. Simar Machado;2212;0.3 x 0.3 x 1;0.09
MED09;13.2;13.001.0026-A;M2;CAMPO GILBERTO CABRAL;COZINHA;15 x 2.8 x 1;42
MED09;13.2;13.001.0026-A;M2;CAMPO GILBERTO CABRAL;ADMINISTRAÇÃO;16.7 x 2.8 x 1;46.76
MED09;13.2;13.001.0026-A;M2;CAMPO GILBERTO CABRAL;ALMOXARIFADO;14.7 x 2.8 x 1;41.16
MED09;13.2;13.001.0026-A;M2;CAMPO GILBERTO CABRAL;VARANDA;22.2 x 2.8 x 1;62.16
MED09;13.2;13.001.0026-A;M2;CAMPO GILBERTO CABRAL;RECEPÇÃO;28.7 x 2.8 x 1;80.36
MED09;13.2;13.001.0026-A;M2;CAMPO GILBERTO CABRAL;DEPÓSITO;10.3 x 2.8 x 1;28.84
MED09;13.2;13.001.0026-A;M2;CAMPO GILBERTO CABRAL;HALL VESTIÁRIO;10.1 x 2.8 x 1;28.28
MED09;13.2;13.001.0026-A;M2;CAMPO GILBERTO CABRAL;VARANDA VESTIÁRIO;22.6 x 2.8 x 1;63.28
MED09;13.2;13.001.0026-A;M2;CAMPO GILBERTO CABRAL;PAREDES EXTERNAS ADM;37.6 x 2.8 x 1;105.28
MED09;13.2;13.001.0026-A;M2;CAMPO GILBERTO CABRAL;PAREDES EXTERNAS QUIOSQUE;22.4 x 2.8 x 1;62.72
MED09;13.2;13.001.0026-A;M2;CAMPO GILBERTO CABRAL;PAREDES EXTERNAS VESTIÁRIO;34.78 x 2.8 x 1;97.38
MED09;13.3;13.003.0005-A;M2;;;;0
MED09;13.4;13.022.0040-A;M2;Escola M. Simar Machado Sodré;773;2 x 1.12 x 1;2.24
MED09;13.4;13.022.0040-A;M2;Escola M. Nilton Balthazar;1226;1.7 x 1.2 x 1;2.04
MED09;13.4;13.022.0040-A;M2;Escola M. Henrique Sarzedas;1738;4 x 2.5 x 4;40
MED09;13.4;13.022.0040-A;M2;NUGEPE;1800;2 x 2 x 1;4
MED09;13.4;13.022.0040-A;M2;Escola M. Nilton Balthazar;2072;2 x 2 x 1;4
MED09;13.5;13.030.0290-A;M2;CAMPO GILBERTO CABRAL;WC PNE;7.72 x 2.95 x 2;45.55
MED09;13.6;13.175.0010-A;M2;E.M. NADIR DA SILVA SALVADOR;1932;150 x 1;150
MED09;13.6;13.175.0010-A;M2;NUGEPE;;6.05 x 2;12.1
MED09;13.6;13.175.0010-A;M2;NUGEPE;;3.2 x 2;6.4
MED09;13.7;13.180.0015-B;M2;CIEP BRIZOLÃO MESTRE MARÇAL;WC;3.2 x 3.13;10.02
MED09;13.8;13.196.0050-A;M2;;;;0
MED09;13.9;13.196.0151-A;M2;NUGEPE;PLACA CIMENTÍCIA;1.81 x 2.84 x 3;15.42
MED09;13.9;13.196.0151-A;M2;NUGEPE;PLACA CIMENTÍCIA;2.82 x 2.52 x 3;21.32
MED09;13.9;13.196.0151-A;M2;NUGEPE;PLACA CIMENTÍCIA;1.88 x 2.9 x 3;16.36
MED09;13.9;13.196.0151-A;M2;NUGEPE;PLACA CIMENTÍCIA;2.96 x 2.56 x 3;22.73
MED09;13.9;13.196.0151-A;M2;NUGEPE;PLACA CIMENTÍCIA;2.88 x 2.56 x 3;22.12
MED09;13.9;13.196.0151-A;M2;E.M TIA LOLA;FECHAMENTO DE COBOGÓ;3 x 4.5 x 3;40.5
MED09;13.10;13.301.0125-B;M2;;;;0
MED09;13.11;13.330.0053-A;M2;Escola M. Simar Machado Sodré;773;7 x 5.03 x 1;35.21
MED09;13.11;13.330.0053-A;M2;Escola M. Nadir da Silva Salvador;1586;5 x 2 x 1;10
MED09;13.11;13.330.0053-A;M2;Escola M. Henrique Sarzedas;1738;6.4 x 1.8 x 1;11.52
MED09;13.11;13.330.0053-A;M2;E.M. RIO DAS OSTRAS;1888;3.6 x 0.9 x 1;3.24
MED09;13.11;13.330.0053-A;M2;CIEP BRIZOLÃO MESTRE MARÇAL;AUDITÓRIO;0.6 x 0.6 x 4;1.44
MED09;13.11;13.330.0053-A;M2;CAMPO GILBERTO CABRAL;WC PNE;4.17 x 3.8 x 1;15.85
MED09;13.12;13.330.0076-A;M2;;;;0
MED09;13.13;13.330.0101-A;M;CIEP BRIZOLÃO MESTRE MARÇAL;AUDITÓRIO;0.6 x 5;3
MED09;13.15;13.331.0052-A;M;;;;0
MED09;13.16;13.365.0150-A;M;Escola M. Henrique Sarzedas;1738;4.2;4.2
MED09;13.17;13.365.0170-A;M;Escola M. Henrique Sarzedas;1738;0.6;0.6
MED09;13.18;13.390.0020-A;M2;;;;0
MED09;14.1;14.002.0010-A;M2;;;;0
MED09;14.2;14.002.0013-A;M2;Escola M. Jerônymo Mendes da Costa;1173;1 x 2.1 x 2;4.2
MED09;14.2;14.002.0013-A;M2;Escola M. Pedro Moreira dos Santos;1654;1 x 1 x 1;1
MED09;14.3;14.002.0071-A;M2;;;;0
MED09;14.4;14.002.0132-A;M2;Escola M. Nadir da Silva Salvador;808;10 x 0.9 x 1;9
MED09;14.4;14.002.0132-A;M2;Escola M. José de Oliveira Martins;L53;1 x 1 x 1;1
MED09;14.4;14.002.0132-A;M2;CAMPO GILBERTO CABRAL;;55.72 x 1.53 x 1;85.2516
MED09;14.4;14.002.0132-A;M2;CAMPO GILBERTO CABRAL;;4.8 x 1.53 x 1;7.344
MED09;14.5;14.002.0187-A;M;Escola M. Sebastião Loubach;780;2.5 x 1 x 1;2.5
MED09;14.5;14.002.0187-A;M;Escola M. Pedro Moreira dos Santos;1035;4 x 0.6 x 0.3;0.72
MED09;14.5;14.002.0187-A;M;Escola M. Simar Machado Sodré;1336;3 x 2 x 0.3;1.8
MED09;14.5;14.002.0187-A;M;CEMADA;1876;1 x 2.1 x 0.3;0.63
MED09;14.5;14.002.0187-A;M;Escola M. Senhorinha de Oliveira Gomes;EMERGENCIAL;1 x 2.1 x 0.3;0.63
MED09;14.5;14.002.0187-A;M;E.M. MONICA DE ANDRADE RIBEIRO;EMERGENCIAL;1 x 1.5 x 0.3;0.45
MED09;14.5;14.002.0187-A;M;CIEP Mestre Marçal;EMERGENCIAL;3.5 x 2.2 x 0.3;2.31
MED09;14.5;14.002.0187-A;M;Escola M. Prof. Marinete Coelho de Souza;EMERGENCIAL;3 x 2.2 x 0.3;1.98
MED09;14.6;14.002.0220-A;M;CIEP Mestre Marçal;EMERGENCIAL;6 x 0.2;1.2
MED09;14.6;14.002.0220-A;M;Escola M. Ondina Pinto Marcondes;EMERGENCIAL;6 x 0.2;1.2
MED09;14.6;14.002.0220-A;M;Escola M. Nilton Balthazar;1490;1 x 1;1
MED09;14.7;14.003.0016-A;M2;NUGEPE;;1 x 1.2 x 3;3.6
MED09;14.8;14.003.0076-A;M2;;;;0
MED09;14.9;14.003.0225-A;M2;Escola M. Senhorinha de Oliveira Gomes;95;0.9 x 2.1 x 1;1.89
MED09;14.9;14.003.0225-A;M2;CAMPO GILBERTO CABRAL;PORTAS DE ALUMÍNIO VESTIÁRIO;0.6 x 1.8 x 14;15.12
MED09;14.10;14.003.0260-A;M;Creche M. Márcia Lustosa Machado;M79;10;10
MED09;14.10;14.003.0260-A;M;Escola M. Senhorinha de Oliveira Gomes;L33;7;7
MED09;14.11;14.004.0120-A;M2;E.M. SENHORINHA DE OLIVEIRA GOMES - TIA LOLA;1762;1.2 x 2.1 x 1;2.52
MED09;14.11;14.004.0120-A;M2;Escola M. Rosângela Duarte Faria;EMERGENCIAL;1.2 x 2.2 x 1;2.64
MED09;14.12;14.004.0121-A;M2;Escola M. Pedro Moreira;31;0.3 x 0.3 x 11;0.99
MED09;14.12;14.004.0121-A;M2;Escola M. Pedro Moreira;31;0.2 x 0.3 x 14;0.84
MED09;14.12;14.004.0121-A;M2;Escola M. Pedro Moreira;31;0.38 x 0.25 x 1;0.095
MED09;14.12;14.004.0121-A;M2;Escola M. Pedro Moreira;31;0.2 x 0.2 x 1;0.04
MED09;14.12;14.004.0121-A;M2;Escola M. Nilton Balthazar;1904;0.43 x 0.33 x 1;0.1419
MED09;14.12;14.004.0121-A;M2;Escola M. José de Oliveira Martins;1154;1.2 x 1 x 1;1.2
MED09;14.12;14.004.0121-A;M2;Escola M. Prefeito Paulo Pinheiro;EMERGENCIAL;1.2 x 1 x 1;1.2
MED09;14.12;14.004.0121-A;M2;CEMADA;M78;0.8 x 0.8 x 1;0.64
MED09;14.13;14.006.0012-A;UN;Escola M. América Abdalla;16;6;6
MED09;14.13;14.006.0012-A;UN;Creche M. Márcia Lustosa Machado;1080;1;1
MED09;14.13;14.006.0012-A;UN;Estádio Emília Rosa Guimarães;1533;6;6
MED09;14.13;14.006.0012-A;UN;E.M. CIEP BRIZOLÃO MESTRE MARÇAL MUNIC.;1923;6;6
MED09;14.13;14.006.0012-A;UN;Escola M. Nilton Balthazar;EMERGENCIAL;2;2
MED09;14.13;14.006.0012-A;UN;Escola M. Pedro Moreira dos Santos;EMERGENCIAL;3;3
MED09;14.13;14.006.0012-A;UN;Escola M. Inayá Moraes D'Couto;L55;2;2
MED09;14.14;14.006.0021-A;UN;NUGEPE;;3;3
MED09;14.14;14.006.0021-A;UN;Creche M. Valdira Flausino Rodrigues;42;1;1
MED09;14.14;14.006.0021-A;UN;Escola M. Paulo Pinheiro;1300;1;1
MED09;14.14;14.006.0021-A;UN;E.M. SEBASTIÃO LOUBACH;1869;1;1
MED09;14.14;14.006.0021-A;UN;E.M. CIEP BRIZOLÃO MESTRE MARÇAL MUNIC.;1948;1;1
MED09;14.14;14.006.0021-A;UN;Escola M. José de Oliveira Martins;EMERGENCIAL;1;1
MED09;14.14;14.006.0021-A;UN;Escola M. Nadir da Silva Salvador;EMERGENCIAL;1;1
MED09;14.14;14.006.0021-A;UN;Creche M.Maria Rosa Ribeiro Pinheiro – Tia Didi;EMERGENCIAL;1;1
MED09;14.14;14.006.0021-A;UN;Creche M. Márcia Lustosa Machado;EMERGENCIAL;1;1
MED09;14.14;14.006.0021-A;UN;Escola M. Senhorinha de Oliveira Gomes;EMERGENCIAL;1;1
MED09;14.14;14.006.0021-A;UN;Escola M. Fany Batista Esteves;EMERGENCIAL;1;1
MED09;14.14;14.006.0021-A;UN;Escola M. Nilton Balthazar;L50;1;1
MED09;14.15;14.006.0023-A;UN;E.M. NILTON BALTHAZAR;1926;2;2
MED09;14.15;14.006.0023-A;UN;E.M. CIEP BRIZOLÃO MESTRE MARÇAL MUNIC.;1948;12;12
MED09;14.16;14.006.0233-A;UN;;;;0
MED09;14.17;14.006.0407-A;M;NUGEPE;;0.8 x 4.2 x 3;15
MED09;14.17;14.006.0407-A;M;Escola M. Pedro Moreira dos Santos;535;0.9 x 4.2 x 1;5.1
MED09;14.17;14.006.0407-A;M;Escola M. Rosângela Duarte Faria;1075;0.9 x 4.2 x 1;5.1
MED09;14.17;14.006.0407-A;M;Escola M. ondina Pinto Marcondes;1631;0.9 x 4.2 x 2;10.2
MED09;14.18;14.006.0409-A;M;NUGEPE;;0.8 x 4.2 x 3 x 2;30
MED09;14.19;14.007.0036-A;UN;Escola M. Senhorinha de Oliveira Gomes;95;1;1
MED09;14.19;14.007.0036-A;UN;Escola M. Cláudio Ribeiro;1013;2;2
MED09;14.19;14.007.0036-A;UN;Escola M. América Abdalla;1030;2;2
MED09;14.19;14.007.0036-A;UN;Escola M. Cláudio Ribeiro;1059;1;1
MED09;14.19;14.007.0036-A;UN;CIEP Mestre Marçal Municipalizado;1081;1;1
MED09;14.19;14.007.0036-A;UN;Escola M. Rocha Leão;1125;1;1
MED09;14.19;14.007.0036-A;UN;Escola M. Cláudio Ribeiro;1493;1;1
MED09;14.19;14.007.0036-A;UN;CIEP Mestre Marçal Municipalizado;1508;3;3
MED09;14.19;14.007.0036-A;UN;Escola M. Jerônymo Mendes da Costa;1509;1;1
MED09;14.19;14.007.0036-A;UN;Escola M. Mônica de Andrade Ribeiro;1513;1;1
MED09;14.19;14.007.0036-A;UN;Escola M. João Bento Duarte Neto;1613;2;2
MED09;14.19;14.007.0036-A;UN;Escola M. Jovenil Bastos da Silva;1753;1;1
MED09;14.19;14.007.0036-A;UN;E.M. SENHORINHA DE OLIVEIRA GOMES - TIA LOLA;1762;1;1
MED09;14.19;14.007.0036-A;UN;E.M. SEBASTIÃO LOUBACH;1869;3;3
MED09;14.19;14.007.0036-A;UN;E.M. ROCHA LEÃO;1886;1;1
MED09;14.19;14.007.0036-A;UN;E.M. JOSÉ DE OLIVEIRA MARTINS;1894;1;1
MED09;14.19;14.007.0036-A;UN;E.M. NILTON BALTHAZAR;1926;3;3
MED09;14.19;14.007.0036-A;UN;Escola M. Nadir da Silva Salvador;1928;2;2
MED09;14.19;14.007.0036-A;UN;E.M. CIEP BRIZOLÃO MESTRE MARÇAL MUNIC.;1948;2;2
MED09;14.19;14.007.0036-A;UN;Escola M. Padre José Dilson Dórea;1995;1;1
MED09;14.19;14.007.0036-A;UN;Escola M. Marinete Coelho Souza;1997;2;2
MED09;14.19;14.007.0036-A;UN;E.M. PROFª AMÉRICA ABDALLA;2047;1;1
MED09;14.19;14.007.0036-A;UN;Escola M. Simar Machado Sodré;2102;3;3
MED09;14.19;14.007.0036-A;UN;Escola M. Rosângela Duarte Faria;2103;2;2
MED09;14.19;14.007.0036-A;UN;Escola M. Fazendas Reunidas Atlântica;2206;4;4
MED09;14.19;14.007.0036-A;UN;E.M. PROFª ROSÂNGELA DUARTE;2232;1;1
MED09;14.19;14.007.0036-A;UN;Escola M. José Luiz de Lemos;EMERGENCIAL;1;1
MED09;14.19;14.007.0036-A;UN;Escola M. Senhorinha de Oliveira Gomes;EMERGENCIAL;4;4
MED09;14.19;14.007.0036-A;UN;Escola M. Jerônymo Mendes da Costa;EMERGENCIAL;1;1
MED09;14.19;14.007.0036-A;UN;Creche M. Márcia Lustosa Machado;EMERGENCIAL;2;2
MED09;14.19;14.007.0036-A;UN;Escola M. Enedina Fidelis Moreira;EMERGENCIAL;3;3
MED09;14.19;14.007.0036-A;UN;Creche Valdira;EMERGENCIAL;1;1
MED09;14.19;14.007.0036-A;UN;Escola M. Nilton Balthazar;EMERGENCIAL;1;1
MED09;14.19;14.007.0036-A;UN;Escola M. América Abdalla;EMERGENCIAL;1;1
MED09;14.19;14.007.0036-A;UN;E.M. Ary Gomes de Marins;EMERGENCIAL;1;1
MED09;14.19;14.007.0036-A;UN;Escola M. Simar Machado Sodré;EMERGENCIAL;1;1
MED09;14.19;14.007.0036-A;UN;Escola M. Prof. Solange Viana;EMERGENCIAL;1;1
MED09;14.19;14.007.0036-A;UN;Escola M. Nadir da Silva Salvador;EMERGENCIAL;2;2
MED09;14.19;14.007.0036-A;UN;Escola E.M. Dom Bosco;EMERGENCIAL;1;1
MED09;14.19;14.007.0036-A;UN;Escola M.Celio Sarzedas;EMERGENCIAL;1;1
MED09;14.19;14.007.0036-A;UN;Escola M. Maria da Penha de Oliveira;EMERGENCIAL;3;3
MED09;14.19;14.007.0036-A;UN;Escola M. José de Oliveira Martins;EMERGENCIAL;1;1
MED09;14.19;14.007.0036-A;UN;Escola M. Fany Batista Esteves;EMERGENCIAL;1;1
MED09;14.19;14.007.0036-A;UN;Escola M. Prof. Marinete Coelho de Souza;EMERGENCIAL;1;1
MED09;14.19;14.007.0036-A;UN;Creche M.Maria Rosa Ribeiro Pinheiro – Tia Didi;EMERGENCIAL;1;1
MED09;14.19;14.007.0036-A;UN;CEMAEE;EMERGENCIAL;3;3
MED09;14.19;14.007.0036-A;UN;Escola M. Pedro Moreira dos Santos;EMERGENCIAL;3;3
MED09;14.19;14.007.0036-A;UN;CIEP BRIZOLÃO MESTRE MARÇAL;;8;8
MED09;14.20;14.007.0041-A;UN;;;;0
MED09;14.21;14.007.0065-A;UN;;;;0
MED09;14.22;14.007.0070-A;UN;E.M. Nilton Balthazar;247;1;1
MED09;14.22;14.007.0070-A;UN;Escola M. Sebastião Loubach;961;4;4
MED09;14.22;14.007.0070-A;UN;Escola M. Simar Machado Sodré;1734;1;1
MED09;14.22;14.007.0070-A;UN;E.M. IMERO - INSTIT. M. DE EDUCAÇÃO DE R.O.;1868;3;3
MED09;14.22;14.007.0070-A;UN;Escola M. João Bento Duarte Neto;1980;1;1
MED09;14.22;14.007.0070-A;UN;Escola M. Padre José Dilson Dórea;2095;1;1
MED09;14.22;14.007.0070-A;UN;Escola M. Maria Teixeira de Paula;2131;5;5
MED09;14.22;14.007.0070-A;UN;Escola M. Solange Viana;2191;1;1
MED09;14.22;14.007.0070-A;UN;Escola M. Sebastião Loubach;F96;1;1
MED09;14.22;14.007.0070-A;UN;Escola M. Rosângela Duarte Faria;L105;1;1
MED09;14.22;14.007.0070-A;UN;Escola M. Senhorinha de Oliveira Gomes;L107;2;2
MED09;14.22;14.007.0070-A;UN;Escola M. Fazendas Reunidas Atlântica;L109;1;1
MED09;14.22;14.007.0070-A;UN;Creche M. Maria Rosa Ribeiro Pinheiro;L27;1;1
MED09;14.22;14.007.0070-A;UN;Escola M. Rosângela Duarte Faria;L48;1;1
MED09;14.22;14.007.0070-A;UN;Escola M. Rosângela Duarte Faria;L49;1;1
MED09;14.22;14.007.0070-A;UN;Escola M. Nilton Balthazar;L50;4;4
MED09;14.22;14.007.0070-A;UN;Escola M. Senhorinha de Oliveira Gomes;L74;1;1
MED09;14.22;14.007.0070-A;UN;Escola M. Fazendas Reunidas Atlântica;L83;1;1
MED09;14.22;14.007.0070-A;UN;Escola M. Nadir da Silva Salvador;L86;1;1
MED09;14.22;14.007.0070-A;UN;Escola M. Inayá Moraes D'Couto;L94;1;1
MED09;14.22;14.007.0070-A;UN;Escola M. Alzir David Pereira;M41;2;2
MED09;14.22;14.007.0070-A;UN;Escola M. João Batista Gomes da Cruz;M43;1;1
MED09;14.22;14.007.0070-A;UN;Escola M. Fany Batista Esteves;M47;1;1
MED09;14.22;14.007.0070-A;UN;Escola M. João Batista Gomes da Cruz;M56;1;1
MED09;14.22;14.007.0070-A;UN;Escola M. Francisco de Assis Medeiros Rangel;M69;1;1
MED09;14.22;14.007.0070-A;UN;IMERO;M83;2;2
MED09;14.23;14.007.0270-A;UN;Escola M. Rosângela Duarte Faria;EMERGENCIAL;1;1
MED09;14.24;14.007.0277-A;UN;Escola M. América Abdalla;16;6;6
MED09;14.24;14.007.0277-A;UN;Creche M. Márcia Lustosa Machado;1080;1;1
MED09;14.24;14.007.0277-A;UN;CIEP Mestre Marçal Municipalizado;1081;1;1
MED09;14.24;14.007.0277-A;UN;Estádio Emília Rosa Guimarães;1533;6;6
MED09;14.24;14.007.0277-A;UN;E.M. ROCHA LEÃO;1886;1;1
MED09;14.24;14.007.0277-A;UN;E.M. CIEP BRIZOLÃO MESTRE MARÇAL MUNIC.;1923;6;6
MED09;14.24;14.007.0277-A;UN;CRECHE MUNICIPAL VALDIRA F. RODRIGUES;2129;1;1
MED09;14.24;14.007.0277-A;UN;Escola M. Sr. João Batista Gomes da Cruz;EMERGENCIAL;1;1
MED09;14.24;14.007.0277-A;UN;Escola M. Inayá Moraes D'Couto;L55;2;2
MED09;14.24;14.007.0277-A;UN;Escola M. Simar Machado Sodré;L59;1;1
MED09;14.25;14.007.0284-A;UN;Estádio Emília Rosa Guimarães;1533;18;18
MED09;14.25;14.007.0284-A;UN;Escola M. Jovenil Bastos da Silva;M84;2;2
MED09;14.25;14.007.0284-A;UN;Creche M. Maria Rosa Ribeiro Pinheiro;L27;3;3
MED09;14.26;14.007.0290-A;UN;;;;0
MED09;14.26;14.007.0290-A;UN;;;;0
MED09;15.1;15.001.0028-A;UN;;;;0
MED09;15.2;15.001.0055-A;UN;;;;0
MED09;15.3;15.001.0056-A;UN;;;;0
MED09;15.4;15.003.0068-A;UN;;;;0
MED09;15.5;15.002.0062-A;UN;;;;0
MED09;15.6;15.002.0063-A;UN;;;;0
MED09;15.7;15.002.0120-A;UN;;;;0
MED09;15.11;15.004.0046-A;UN;Escola M. Jerônymo Mendes da Costa;1523;1;1
MED09;15.11;15.004.0046-A;UN;Escola M. Henrique Sarzedas;1738;1;1
MED09;15.11;15.004.0046-A;UN;CAMPO GILBERTO CABRAL;CHUVEIROS;9;9
MED09;15.11;15.004.0046-A;UN;Creche valdira;M39;1;1
MED09;15.11;15.004.0046-A;UN;Escola M. Jovenil Bastos da Silva;F92;1;1
MED09;15.12;15.004.0050-A;UN;Escola M. Prefeito Paulo Pinheiro;EMERGENCIAL;1;1
MED09;15.13;15.004.0053-A;UN;Escola M. Pedro Moreira dos Santos;2126;1;1
MED09;15.14;15.004.0059-A;UN;Escola M. Solange Viana;2093;1;1
MED09;15.14;15.004.0059-A;UN;CEMADA;M40;1;1
MED09;15.15;15.004.0060-B;UN;Escola M. Nilton Balthazar;463;1;1
MED09;15.15;15.004.0060-B;UN;Escola M. Senhorinha de Oliveira Gomes;610;1;1
MED09;15.15;15.004.0060-B;UN;Escola M. Rio das Ostras;847;1;1
MED09;15.15;15.004.0060-B;UN;Escola M. Henrique Sarzedas;1738;1;1
MED09;15.15;15.004.0060-B;UN;Solario;EMERGENCIAL;1;1
MED09;15.16;15.004.0061-A;UN;;;;0
MED09;15.17;15.004.0063-A;UN;Escola M. Padre José Dilson Dórea;666;1;1
MED09;15.17;15.004.0063-A;UN;CEMAEE - Centro M. de Atentimento Edu. Especializado;1479;1;1
MED09;15.17;15.004.0063-A;UN;Escola M. Mônica de Andrade Ribeiro;1648;1;1
MED09;15.17;15.004.0063-A;UN;Escola M. Fazenda da Praia;2138;1;1
MED09;15.17;15.004.0063-A;UN;Escola M. Padre José Dilson Dórea;EMERGENCIAL;1;1
MED09;15.17;15.004.0063-A;UN;Creche Dona Cota;EMERGENCIAL;1;1
MED09;15.17;15.004.0063-A;UN;Escola M. Pedro Moreira dos Santos;EMERGENCIAL;1;1
MED09;15.17;15.004.0063-A;UN;Solario;EMERGENCIAL;1;1
MED09;15.18;15.004.0070-A;UN;Escola M. Pedro Moreira dos Santos;614;1;1
MED09;15.19;15.004.0075-A;UN;E.M. Nilton Balthazar;247;3;3
MED09;15.19;15.004.0075-A;UN;Escola M. Nadir da Silva Salvador;538;1;1
MED09;15.19;15.004.0075-A;UN;Escola M. Henrique Sarzedas;636;1;1
MED09;15.19;15.004.0075-A;UN;Escola M. América Abdalla;1030;4;4
MED09;15.19;15.004.0075-A;UN;Escola M. Sebastião Loubach;1483;2;2
MED09;15.19;15.004.0075-A;UN;Escola M. América Abdalla;1551;2;2
MED09;15.19;15.004.0075-A;UN;Escola M. Francisco de Assis Medeiros Rangel;1619;3;3
MED09;15.19;15.004.0075-A;UN;E.M. CIEP BRIZOLÃO MESTRE MARÇAL MUNIC.;1784;1;1
MED09;15.19;15.004.0075-A;UN;Escola M. Dom Bosco;1979;1;1
MED09;15.19;15.004.0075-A;UN;Escola M. Ondina Pinto Marcondes;2084;1;1
MED09;15.19;15.004.0075-A;UN;CRECHE MUNICIPAL VALDIRA F. RODRIGUES;2129;1;1
MED09;15.19;15.004.0075-A;UN;Escola M. João Bento Duarte Neto;2151;1;1
MED09;15.19;15.004.0075-A;UN;Creche Dona Cota;2155;1;1
MED09;15.19;15.004.0075-A;UN;Escola M. Alzir Davi;EMERGENCIAL;2;2
MED09;15.19;15.004.0075-A;UN;E.M. Ary Gomes de Marins;EMERGENCIAL;3;3
MED09;15.19;15.004.0075-A;UN;Creche Dona Senhorinha;EMERGENCIAL;1;1
MED09;15.19;15.004.0075-A;UN;CIEP Mestre Marçal;EMERGENCIAL;2;2
MED09;15.19;15.004.0075-A;UN;E.M. Francisco de Assis Medeiros Rangel;EMERGENCIAL;1;1
MED09;15.19;15.004.0075-A;UN;Escola M. Inayá Moraes D'Couto;EMERGENCIAL;2;2
MED09;15.19;15.004.0075-A;UN;Escola M. José Luiz de Lemos;EMERGENCIAL;2;2
MED09;15.19;15.004.0075-A;UN;Escola M. Sebastião Loubach;EMERGENCIAL;1;1
MED09;15.19;15.004.0075-A;UN;Escola.M Maria Teixeira de Paula;EMERGENCIAL;2;2
MED09;15.19;15.004.0075-A;UN;Escola M. Nadir da Silva Salvador;EMERGENCIAL;1;1
MED09;15.19;15.004.0075-A;UN;C. M. Professora América Abdalla;EMERGENCIAL;1;1
MED09;15.19;15.004.0075-A;UN;CIEP Mestre Marçal;EMERGENCIAL;1;1
MED09;15.19;15.004.0075-A;UN;Escola M. Alzir David Pereira;F100;1;1
MED09;15.19;15.004.0075-A;UN;Escola M. Pedro Moreira dos Santos;F106;1;1
MED09;15.19;15.004.0075-A;UN;Escola M. Célio Sarzedas;F108;2;2
MED09;15.19;15.004.0075-A;UN;Escola M. Rio das Ostras;F109;2;2
MED09;15.19;15.004.0075-A;UN;Escola M. João Bento Duarte Neto;F99;1;1
MED09;15.19;15.004.0075-A;UN;Escola M. Senhorinha de Oliveira Gomes;L63;1;1
MED09;15.19;15.004.0075-A;UN;Escola M. Senhorinha de Oliveira Gomes;L66;1;1
MED09;15.19;15.004.0075-A;UN;Escola M. Padre José Dilson Dórea;L73;1;1
MED09;15.19;15.004.0075-A;UN;Escola M. Nadir da Silva Salvador;L86;1;1
MED09;15.19;15.004.0075-A;UN;Escola M. Fazenda da Praia;L108;1;1
MED09;15.19;15.004.0075-A;UN;Escola M. João Bento Duarte Neto;M29;1;1
MED09;15.19;15.004.0075-A;UN;Creche M. Valdira Flausino Rodrigues;M35;1;1
MED09;15.19;15.004.0075-A;UN;Escola M. América Abdalla;M46;10;10
MED09;15.19;15.004.0075-A;UN;Escola M. Célio Sarzedas;M52;4;4
MED09;15.19;15.004.0075-A;UN;Escola M. Francisco de Assis Medeiros Rangel;M75;1;1
MED09;15.20;15.004.0085-A;UN;;;;0
MED09;15.21;15.004.0090-A;UN;C.B.F Centro de Treinamento Gilson Zarour;64;1;1
MED09;15.21;15.004.0090-A;UN;E.M. Nilton Balthazar;247;3;3
MED09;15.21;15.004.0090-A;UN;Escola M. Francisco de Assis Medeiros Rangel;1344;1;1
MED09;15.21;15.004.0090-A;UN;Escola M. Jerônymo Mendes da Costa;1523;1;1
MED09;15.21;15.004.0090-A;UN;Escola M. Simar Machado Sodré;1527;1;1
MED09;15.21;15.004.0090-A;UN;E.M. PROFª AMÉRICA ABDALLA;1747;1;1
MED09;15.21;15.004.0090-A;UN;E.M. JOVENIL BASTOS DA SILVA;1757;1;1
MED09;15.21;15.004.0090-A;UN;E.M. JOVENIL BASTOS DA SILVA;1809;1;1
MED09;15.21;15.004.0090-A;UN;E.M. CIEP BRIZOLÃO MESTRE MARÇAL MUNIC.;1831;2;2
MED09;15.21;15.004.0090-A;UN;Solange viana;1857;1;1
MED09;15.21;15.004.0090-A;UN;Escola M. Alberto Jorge;2022;1;1
MED09;15.21;15.004.0090-A;UN;Escola M. Mônica de Andrade Ribeiro;2026;1;1
MED09;15.21;15.004.0090-A;UN;Creche M. Márcia Lustosa Machado;2042;1;1
MED09;15.21;15.004.0090-A;UN;Escola M. Pedro Moreira dos Santos;2126;1;1
MED09;15.21;15.004.0090-A;UN;Escola M. João Bento Duarte Neto;2151;1;1
MED09;15.21;15.004.0090-A;UN;Escola M. Solange Viana;2191;1;1
MED09;15.21;15.004.0090-A;UN;Escola M. José de Oliveira Martins;L53;1;1
MED09;15.21;15.004.0090-A;UN;Escola M. Dom Bosco;M49;2;2
MED09;15.21;15.004.0090-A;UN;CIEP Mestre Marçal Municipalizado;M50;1;1
MED09;15.21;15.004.0090-A;UN;Escola M. Pedro Moreira dos Santos;M57;1;1
MED09;15.21;15.004.0090-A;UN;CEMAEE;M58;1;1
MED09;15.21;15.004.0090-A;UN;E.M. Nelzir Pereira Mello;EMERGENCIAL;2;2
MED09;15.21;15.004.0090-A;UN;Escola.M Maria Teixeira de Paula;EMERGENCIAL;4;4
MED09;15.21;15.004.0090-A;UN;CIEP Mestre Marçal;EMERGENCIAL;4;4
MED09;15.21;15.004.0090-A;UN;Creche Valdira;EMERGENCIAL;1;1
MED09;15.21;15.004.0090-A;UN;Escola M. Inayá Moraes D'Couto;EMERGENCIAL;3;3
MED09;15.21;15.004.0090-A;UN;Escola M. Jerônymo Mendes da Costa;EMERGENCIAL;3;3
MED09;15.21;15.004.0090-A;UN;Escola M. Ver. Pedro Moreira dos Santos;EMERGENCIAL;4;4
MED09;15.21;15.004.0090-A;UN;SEMEDE;EMERGENCIAL;2;2
MED09;15.21;15.004.0090-A;UN;Escola M. Prof. Solange Viana;EMERGENCIAL;1;1
MED09;15.21;15.004.0090-A;UN;Creche M.Maria Rosa Ribeiro Pinheiro – Tia Didi;EMERGENCIAL;1;1
MED09;15.21;15.004.0090-A;UN;Escola M. Fany Batista Esteves;EMERGENCIAL;1;1
MED09;15.21;15.004.0090-A;UN;Escola M. Maria da Penha de Oliveira;EMERGENCIAL;1;1
MED09;15.21;15.004.0090-A;UN;Escola M. Claudio Ribeiro;EMERGENCIAL;1;1
MED09;15.21;15.004.0090-A;UN;Escola E.M. Dom Bosco;EMERGENCIAL;1;1
MED09;15.21;15.004.0090-A;UN;Escola M. Enedina Fidelis Moreira;EMERGENCIAL;1;1
MED09;15.21;15.004.0090-A;UN;Escola M. Prof. Marinete Coelho de Souza;EMERGENCIAL;1;1
MED09;15.21;15.004.0090-A;UN;Escola M. Nadir da Silva Salvador;EMERGENCIAL;1;1
MED09;15.21;15.004.0090-A;UN;Escola M. Ondina Pinto Marcondes;EMERGENCIAL;2;2
MED09;15.21;15.004.0090-A;UN;Escola M. Padre José Dilson Dórea;EMERGENCIAL;2;2
MED09;15.21;15.004.0090-A;UN;Escola Rio das Ostras;EMERGENCIAL;2;2
MED09;15.21;15.004.0090-A;UN;Creche Dona Senhorinha;EMERGENCIAL;3;3
MED09;15.21;15.004.0090-A;UN;CEMAEE;EMERGENCIAL;1;1
MED09;15.21;15.004.0090-A;UN;Escola.M Alberto Jorge;EMERGENCIAL;1;1
MED09;15.21;15.004.0090-A;UN;Creche Dona Cota;EMERGENCIAL;2;2
MED09;15.21;15.004.0090-A;UN;E.M. Elson Pinheiro;EMERGENCIAL;1;1
MED09;15.21;15.004.0090-A;UN;Escola M. Sr. João Batista Gomes da Cruz;EMERGENCIAL;3;3
MED09;15.21;15.004.0090-A;UN;E.M. João Bento Duarte Neto;EMERGENCIAL;1;1
MED09;15.21;15.004.0090-A;UN;Escola M. José Luiz de Lemos;EMERGENCIAL;1;1
MED09;15.21;15.004.0090-A;UN;E.M. Jovenil Bastos da Silva;EMERGENCIAL;1;1
MED09;15.21;15.004.0090-A;UN;Escola M. Sebastião Loubach;EMERGENCIAL;1;1
MED09;15.21;15.004.0090-A;UN;Creche Municipal Marcia Lustosa Machado;EMERGENCIAL;2;2
MED09;15.21;15.004.0090-A;UN;E.M. Nilton Balthazar;EMERGENCIAL;1;1
MED09;15.21;15.004.0090-A;UN;Escola M. Prefeito Paulo Pinheiro;EMERGENCIAL;2;2
MED09;15.21;15.004.0090-A;UN;Escola M. Simar Machado Sodré;EMERGENCIAL;1;1
MED09;15.22;15.004.0108-A;UN;CAMPO GILBERTO CABRAL;;7;7
MED09;15.22;15.004.0108-A;UN;E.M. Nilton Balthazar;247;1;1
MED09;15.22;15.004.0108-A;UN;Escola M. José Luiz de Lemos;751;1;1
MED09;15.22;15.004.0108-A;UN;Escola M. Senhorinha de Oliveira Gomes;914;1;1
MED09;15.22;15.004.0108-A;UN;Escola M. Padre José Dilson Dórea;949;1;1
MED09;15.22;15.004.0108-A;UN;Escola M. Pedro Moreira dos Santos;1014;1;1
MED09;15.22;15.004.0108-A;UN;Escola M. América Abdalla;1020;1;1
MED09;15.22;15.004.0108-A;UN;E.M. MONICA DE ANDRADE RIBEIRO;1778;1;1
MED09;15.22;15.004.0108-A;UN;E.M. CIEP BRIZOLÃO MESTRE MARÇAL MUNIC.;1784;1;1
MED09;15.22;15.004.0108-A;UN;Escola M. Fazendas Reunidas Atlântica;1933;1;1
MED09;15.22;15.004.0108-A;UN;Escola M. Inayá Moraes D'Couto;2125;4;4
MED09;15.22;15.004.0108-A;UN;Escola M. Fazenda da Praia;2138;4;4
MED09;15.22;15.004.0108-A;UN;Escola M. Solange Viana;2191;1;1
MED09;15.22;15.004.0108-A;UN;Escola M. Alzir Davi;EMERGENCIAL;1;1
MED09;15.22;15.004.0108-A;UN;Escola M. América Abdalla;EMERGENCIAL;1;1
MED09;15.22;15.004.0108-A;UN;Escola M. Sr. João Batista Gomes da Cruz;EMERGENCIAL;1;1
MED09;15.22;15.004.0108-A;UN;E.M. Jovenil Bastos da Silva;EMERGENCIAL;1;1
MED09;15.22;15.004.0108-A;UN;Escola M. Sebastião Loubach;EMERGENCIAL;1;1
MED09;15.22;15.004.0108-A;UN;Escola M. Nadir da Silva Salvador;EMERGENCIAL;1;1
MED09;15.22;15.004.0108-A;UN;Creche Municipal Marcia Lustosa Machado;EMERGENCIAL;1;1
MED09;15.22;15.004.0108-A;UN;Escola M. Padre José Dilson Dórea;EMERGENCIAL;1;1
MED09;15.22;15.004.0108-A;UN;Escola.M Inayá Moraes D'Couto;EMERGENCIAL;3;3
MED09;15.22;15.004.0108-A;UN;Escola M. Fazendas Reunidas Atlântica;EMERGENCIAL;1;1
MED09;15.22;15.004.0108-A;UN;Escola M. Simar Machado Sodré;EMERGENCIAL;1;1
MED09;15.22;15.004.0108-A;UN;Escola M. Nilton Balthazar;EMERGENCIAL;1;1
MED09;15.22;15.004.0108-A;UN;CIEP Mestre Marçal;EMERGENCIAL;1;1
MED09;15.22;15.004.0108-A;UN;Escola M. Célio Sarzedas;F108;2;2
MED09;15.22;15.004.0108-A;UN;Escola M. Sebastião Loubach;F96;3;3
MED09;15.22;15.004.0108-A;UN;Escola M. Simar Machado Sodré;L28;1;1
MED09;15.22;15.004.0108-A;UN;Escola M. Senhorinha de Oliveira Gomes;L36;1;1
MED09;15.22;15.004.0108-A;UN;Escola M. Maria Teixeira de Paula;M44;1;1
MED09;15.22;15.004.0108-A;UN;Escola M. Sebastião Loubach;M76;1;1
MED09;15.23;15.004.0103-A;UN;;;;0
MED09;15.24;15.004.0110-A;UN;;;;0
MED09;15.25;15.004.0170-A;UN;Escola M. Paulo Pinheiro;294;2;2
MED09;15.25;15.004.0170-A;UN;Escola M. Senhorinha de Oliveira Gomes;610;3;3
MED09;15.25;15.004.0170-A;UN;Escola M. Inayá Moraes D'Couto;1283;1;1
MED09;15.25;15.004.0170-A;UN;Escola M. Henrique Sarzedas;1738;2;2
MED09;15.25;15.004.0170-A;UN;Escola M. Nadir da Silva Salvador;2209;1;1
MED09;15.25;15.004.0170-A;UN;Escola M. Alzir Davi;EMERGENCIAL;2;2
MED09;15.25;15.004.0170-A;UN;Escola M. Prefeito Paulo Pinheiro;EMERGENCIAL;2;2
MED09;15.25;15.004.0170-A;UN;Escola M. Nilton Balthazar;EMERGENCIAL;2;2
MED09;15.25;15.004.0170-A;UN;Escola M. Pedro Moreira dos Santos;EMERGENCIAL;2;2
MED09;15.25;15.004.0170-A;UN;Escola M. Fany Batista Esteves;EMERGENCIAL;1;1
MED09;15.25;15.004.0170-A;UN;Escola M. Padre José Dilson Dórea;L100;1;1
MED09;15.25;15.004.0170-A;UN;Escola M. Fazendas Reunidas Atlântica;L109;1;1
MED09;15.25;15.004.0170-A;UN;Creche M. Maria Rosa Ribeiro Pinheiro;L110;1;1
MED09;15.30;15.004.0255-A;UN;Escola M. Nilton Balthazar;1996;1;1
MED09;15.30;15.004.0255-A;UN;Escola M. Ver. Pedro Moreira dos Santos;EMERGENCIAL;1;1
MED09;15.30;15.004.0255-A;UN;SEMEDE;EMERGENCIAL;1;1
MED09;15.30;15.004.0255-A;UN;Escola M. Prof. Marinete Coelho de Souza;EMERGENCIAL;2;2
MED09;15.30;15.004.0255-A;UN;Creche M.Maria Rosa Ribeiro Pinheiro – Tia Didi;EMERGENCIAL;1;1
MED09;15.30;15.004.0255-A;UN;Escola.M Inayá Moraes D'Couto;EMERGENCIAL;1;1
MED09;15.30;15.004.0255-A;UN;Escola M. Fany Batista Esteves;EMERGENCIAL;1;1
MED09;15.30;15.004.0255-A;UN;Escola M. Maria da Penha de Oliveira;EMERGENCIAL;1;1
MED09;15.30;15.004.0255-A;UN;Escola M. Padre José Dilson Dórea;EMERGENCIAL;1;1
MED09;15.30;15.004.0255-A;UN;Escola M. Ondina Pinto Marcondes;EMERGENCIAL;1;1
MED09;15.31;15.005.0215-A;UN;Escola M. Simar Machado Sodré;2201;1;1
MED09;15.32;15.005.0253-A;KG;;;;0
MED09;15.33;15.007.0410-A;UN;;;;0
MED09;15.34;15.007.0415-A;UN;Escola M. Henrique Sarzedas;1738;1;1
MED09;15.34;15.007.0415-A;UN;Escola.M Inayá Moraes D'Couto;EMERGENCIAL;1;1
MED09;15.35;15.007.0420-A;UN;;;;0
MED09;15.36;15.007.0425-A;UN;;;;0
MED09;15.41;15.007.0520-A;UN;;;;0
MED09;15.42;15.007.0521-A;UN;;;;0
MED09;15.43;15.007.0522-A;UN;;;;0
MED09;15.44;15.007.0523-A;UN;;;;0
MED09;15.45;15.007.0524-A;UN;;;;0
MED09;15.46;15.007.0570-A;UN;Escola.M Inayá Moraes D'Couto;EMERGENCIAL;1;1
MED09;15.46;15.007.0570-A;UN;CEMADA;F94;1;1
MED09;15.46;15.007.0570-A;UN;Escola M. João Batista Gomes da Cruz;F97;1;1
MED09;15.46;15.007.0570-A;UN;Creche M. Dona Senhorinha;M24;1;1
MED09;15.47;15.007.0572-A;UN;;;;0
MED09;15.48;15.007.0575-A;UN;Escola M. Maria da Penha de Oliveira;1386;2;2
MED09;15.48;15.007.0575-A;UN;CEMADA;1597;4;4
MED09;15.48;15.007.0575-A;UN;Escola M. Solange Viana;1725;1;1
MED09;15.48;15.007.0575-A;UN;Escola M. Henrique Sarzedas;1738;4;4
MED09;15.48;15.007.0575-A;UN;Creche M. Maria Rosa Ribeiro Pinheiro – Tia Didi;2085;1;1
MED09;15.48;15.007.0575-A;UN;Escola M. Alberto Jorge;2152;1;1
MED09;15.48;15.007.0575-A;UN;Escola M. Nelzir Pereira Mello;M55;1;1
MED09;15.48;15.007.0575-A;UN;Escola.M Inayá Moraes D'Couto;EMERGENCIAL;2;2
MED09;15.48;15.007.0575-A;UN;Escola M. Senhorinha de Oliveira Gomes;EMERGENCIAL;1;1
MED09;15.48;15.007.0575-A;UN;SEMEDE;EMERGENCIAL;1;1
MED09;15.48;15.007.0575-A;UN;Escola.M Inayá Moraes D'Couto;EMERGENCIAL;1;1
MED09;15.48;15.007.0575-A;UN;Escola M. Jerônymo Mendes da Costa;EMERGENCIAL;1;1
MED09;15.48;15.007.0575-A;UN;IMERO;EMERGENCIAL;1;1
MED09;15.48;15.007.0575-A;UN;Escola M. Prof. Marinete Coelho de Souza;EMERGENCIAL;1;1
MED09;15.48;15.007.0575-A;UN;Escola M. Padre José Dilson Dórea;EMERGENCIAL;2;2
MED09;15.48;15.007.0575-A;UN;Creche Dona Cota;EMERGENCIAL;3;3
MED09;15.48;15.007.0575-A;UN;Escola M. Ondina Pinto Marcondes;EMERGENCIAL;2;2
MED09;15.48;15.007.0575-A;UN;Escola Rio das Ostras;EMERGENCIAL;1;1
MED09;15.48;15.007.0575-A;UN;Escola.M Alberto Jorge;EMERGENCIAL;1;1
MED09;15.48;15.007.0575-A;UN;C. M. Professora América Abdalla;EMERGENCIAL;1;1
MED09;15.48;15.007.0575-A;UN;Creche M. Maria Rosa Ribeiro Pinheiro;L87;1;1
MED09;15.48;15.007.0575-A;UN;Creche M. Maria Rosa Ribeiro Pinheiro;F103;1;1
MED09;15.49;15.007.0600-A;UN;Escola M. Henrique Sarzedas;1738;1;1
MED09;15.49;15.007.0600-A;UN;Escola.M Inayá Moraes D'Couto;EMERGENCIAL;1;1
MED09;15.49;15.007.0600-A;UN;Escola M. América Abdalla;EMERGENCIAL;1;1
MED09;15.49;15.007.0600-A;UN;Escola M. Jerônymo Mendes da Costa;EMERGENCIAL;1;1
MED09;15.49;15.007.0600-A;UN;Escola M. Sebastião Loubach;EMERGENCIAL;1;1
MED09;15.50;15.007.0605-A;UN;Escola M. Senhorinha de Oliveira Gomes;L85;1;1
MED09;15.51;15.007.0608-A;UN;;;;0
MED09;15.52;15.007.0609-A;UN;;;;0
MED09;15.53;15.007.0610-A;UN;;;;0
MED09;15.54;15.007.0611-A;UN;Escola M. América Abdalla;EMERGENCIAL;1;1
MED09;15.55;15.008.0085-A;M;Escola M. Maria da Penha de Oliveira;1386;50;50
MED09;15.55;15.008.0085-A;M;CEMADA;1597;200;200
MED09;15.55;15.008.0085-A;M;Escola M. Solange Viana;1725;2;2
MED09;15.55;15.008.0085-A;M;E.M. SENHORINHA DE OLIVEIRA GOMES - TIA LOLA;1797;25;25
MED09;15.55;15.008.0085-A;M;E.M. FRANCISCO DE ASSIS MEDEIROS RANGEL;1890;10;10
MED09;15.55;15.008.0085-A;M;Escola M. Senhorinha de Oliveira Gomes;1950;100;100
MED09;15.55;15.008.0085-A;M;Escola M. Senhorinha de Oliveira Gomes;EMERGENCIAL;20;20
MED09;15.55;15.008.0085-A;M;Escola M. Mônica de Andrade Ribeiro;EMERGENCIAL;100;100
MED09;15.55;15.008.0085-A;M;Escola.M Alberto Jorge;EMERGENCIAL;10;10
MED09;15.55;15.008.0085-A;M;C. M. Professora América Abdalla;EMERGENCIAL;2;2
MED09;15.55;15.008.0085-A;M;Escola M. América Abdalla;M71;10;10
MED09;15.56;15.008.0090-A;M;CEMADA;1597;400;400
MED09;15.56;15.008.0090-A;M;Escola M. Henrique Sarzedas;1738;200;200
MED09;15.56;15.008.0090-A;M;Escola.M Inayá Moraes D'Couto;EMERGENCIAL;100;100
MED09;15.56;15.008.0090-A;M;Escola M. Nilton Balthazar;EMERGENCIAL;15;15
MED09;15.56;15.008.0090-A;M;Escola Rio das Ostras;EMERGENCIAL;10;10
MED09;15.56;15.008.0090-A;M;Creche M. Maria Rosa Ribeiro Pinheiro;L87;20;20
MED09;15.56;15.008.0090-A;M;Creche M. Maria Rosa Ribeiro Pinheiro;F103;20;20
MED09;15.57;15.008.0095-A;M;IMERO;EMERGENCIAL;40;40
MED09;15.58;15.008.0100-A;M;Escola M. Marinete Coelho Souza;1408;40;40
MED09;15.59;15.008.0105-A;M;;;;0
MED09;15.60;15.008.0110-A;M;;;;0
MED09;15.61;15.008.0112-A;M;;;;0
MED09;15.62;15.008.0115-A;M;;;;0
MED09;15.65;15.015.0020-A;UN;E.M. SEBASTIÃO LOUBACH;1743;3;3
MED09;15.65;15.015.0020-A;UN;Escola M. Marinete Coelho Souza;1970;3;3
MED09;15.65;15.015.0020-A;UN;Escola M. Nilton Balthazar;2024;1;1
MED09;15.65;15.015.0020-A;UN;Escola M. Francisco de Assis Medeiros Rangel;2160;1;1
MED09;15.65;15.015.0020-A;UN;Escola M. Alzir Davi;EMERGENCIAL;11;11
MED09;15.65;15.015.0020-A;UN;Escola M. Sebastião Loubach;EMERGENCIAL;1;1
MED09;15.65;15.015.0020-A;UN;Escola M. Rosângela Duarte Faria;L43;2;2
MED09;15.65;15.015.0020-A;UN;Escola M. Rosângela Duarte Faria;L48;1;1
MED09;15.65;15.015.0020-A;UN;Escola M. Sebastião Loubach;M76;1;1
MED09;15.68;15.015.0199-A;UN;Escola M. Senhorinha de Oliveira Gomes;L19;1;1
MED09;15.69;15.015.0214-A;UN;CIEP Mestre Marçal Municipalizado;99;3;3
MED09;15.69;15.015.0214-A;UN;Escola M. Sebastião Loubach;978;2;2
MED09;15.69;15.015.0214-A;UN;Escola M. América Abdalla;1263;6;6
MED09;15.69;15.015.0214-A;UN;Escola M. América Abdalla;1758;3;3
MED09;15.69;15.015.0214-A;UN;E.M. FRANCISCO DE ASSIS MEDEIROS RANGEL;1890;12;12
MED09;15.69;15.015.0214-A;UN;Escola M. Padre José Dilson Dórea;2091;2;2
MED09;15.69;15.015.0214-A;UN;Creche M. Maria Rosa Ribeiro Pinheiro;F103;1;1
MED09;15.69;15.015.0214-A;UN;Creche M. Maria Rosa Ribeiro Pinheiro;L110;1;1
MED09;15.69;15.015.0214-A;UN;Escola M. Rosângela Duarte Faria;L43;2;2
MED09;15.69;15.015.0214-A;UN;Escola M. Rosângela Duarte Faria;L48;2;2
MED09;15.69;15.015.0214-A;UN;Escola M. Nadir da Silva Salvador;L99;1;1
MED09;15.69;15.015.0214-A;UN;Escola M. Pedro Moreira dos Santos;M23;1;1
MED09;15.69;15.015.0214-A;UN;Escola M. João Batista Gomes da Cruz;M60;1;1
MED09;15.69;15.015.0214-A;UN;CEMADA;EMERGENCIAL;2;2
MED09;15.69;15.015.0214-A;UN;NUGEPE;EMERGENCIAL;1;1
MED09;15.69;15.015.0214-A;UN;CEMAEE;EMERGENCIAL;11;11
MED09;15.69;15.015.0214-A;UN;Creche Dona Senhorinha;EMERGENCIAL;3;3
MED09;15.69;15.015.0214-A;UN;Escola M. Senhorinha de Oliveira Gomes;EMERGENCIAL;3;3
MED09;15.69;15.015.0214-A;UN;Escola.M Maria Teixeira de Paula;EMERGENCIAL;1;1
MED09;15.69;15.015.0214-A;UN;Creche Dona Lina;EMERGENCIAL;3;3
MED09;15.69;15.015.0214-A;UN;Escola M. Simar Machado Sodré;EMERGENCIAL;1;1
MED09;15.69;15.015.0214-A;UN;E.M. Nelzir Pereira Mello;EMERGENCIAL;1;1
MED09;15.70;15.015.0250-A;UN;Escola M. Senhorinha de Oliveira Gomes;95;2;2
MED09;15.70;15.015.0250-A;UN;Escola M. Rio das Ostras;987;1;1
MED09;15.70;15.015.0250-A;UN;Escola M. Rio das Ostras;996;2;2
MED09;15.70;15.015.0250-A;UN;Escola M. Simar Machado Sodré;1528;1;1
MED09;15.70;15.015.0250-A;UN;Escola M. Henrique Sarzedas;1738;3;3
MED09;15.70;15.015.0250-A;UN;E.M. PROFª ROSÂNGELA DUARTE;1838;2;2
MED09;15.70;15.015.0250-A;UN;Escola M. Ondina Pinto Marcondes;2084;1;1
MED09;15.70;15.015.0250-A;UN;Escola M. Enedina Fidélis Moreira;2099;1;1
MED09;15.70;15.015.0250-A;UN;Escola M. Claudio Ribeiro;EMERGENCIAL;1;1
MED09;15.70;15.015.0250-A;UN;CEMAEE;EMERGENCIAL;4;4
MED09;15.70;15.015.0250-A;UN;Creche Dona Senhorinha;EMERGENCIAL;2;2
MED09;15.70;15.015.0250-A;UN;E.M. Nelzir Pereira Mello;EMERGENCIAL;1;1
MED09;15.70;15.015.0250-A;UN;Escola M. Padre José Dilson Dórea;EMERGENCIAL;1;1
MED09;15.70;15.015.0250-A;UN;Escola M. Rocha Leão;EMERGENCIAL;9;9
MED09;15.70;15.015.0250-A;UN;Escola M. Alzir Davi;EMERGENCIAL;7;7
MED09;15.70;15.015.0250-A;UN;Escola M. Ondina Pinto Marcondes;L64;2;2
MED09;15.70;15.015.0250-A;UN;Escola M. Senhorinha de Oliveira Gomes;L66;1;1
MED09;15.70;15.015.0250-A;UN;Escola M. Senhorinha de Oliveira Gomes;L89;1;1
MED09;15.70;15.015.0250-A;UN;Creche M. Maria Rosa Ribeiro Pinheiro;L110;1;1
MED09;15.71;15.015.0251-A;UN;CEMADA;M40;1;1
MED09;15.72;15.015.0255-A;UN;IMERO;61;2;2
MED09;15.72;15.015.0255-A;UN;CIEP Mestre Marçal Municipalizado;99;6;6
MED09;15.72;15.015.0255-A;UN;Escola M. Sebastião Loubach;978;3;3
MED09;15.72;15.015.0255-A;UN;Escola M. América Abdalla;1021;5;5
MED09;15.72;15.015.0255-A;UN;Escola M. Rio das Ostras;1135;2;2
MED09;15.72;15.015.0255-A;UN;Escola M. Sebastião Loubach;1225;1;1
MED09;15.72;15.015.0255-A;UN;Escola M. Padre José Dilson Dórea;1401;1;1
MED09;15.72;15.015.0255-A;UN;Escola M. Jerônymo Mendes da Costa;1523;1;1
MED09;15.72;15.015.0255-A;UN;Escola M. Simar Machado Sodré;1528;1;1
MED09;15.72;15.015.0255-A;UN;Escola M. Enedina Fidélis Moreira;1606;1;1
MED09;15.72;15.015.0255-A;UN;E.M. MONICA DE ANDRADE RIBEIRO;1774;1;1
MED09;15.72;15.015.0255-A;UN;E.M. PROFª ROSÂNGELA DUARTE;1838;1;1
MED09;15.72;15.015.0255-A;UN;E.M. FRANCISCO DE ASSIS MEDEIROS RANGEL;1890;2;2
MED09;15.72;15.015.0255-A;UN;E.M. CIEP BRIZOLÃO MESTRE MARÇAL MUNIC.;1922;1;1
MED09;15.72;15.015.0255-A;UN;Escola M. Senhorinha de Oliveira Gomes;1950;5;5
MED09;15.72;15.015.0255-A;UN;Escola M. Marinete Coelho Souza;1997;10;10
MED09;15.72;15.015.0255-A;UN;Creche M. Maria Rosa Ribeiro Pinheiro – Tia Didi;2085;1;1
MED09;15.72;15.015.0255-A;UN;Escola M. Padre José Dilson Dórea;2091;5;5
MED09;15.72;15.015.0255-A;UN;E.M. PROFª NELI APARECIDA TÂMARA LUIZ;2100;2;2
MED09;15.72;15.015.0255-A;UN;Escola M. Simar Machado Sodré;2201;1;1
MED09;15.72;15.015.0255-A;UN;CEMADA;EMERGENCIAL;7;7
MED09;15.72;15.015.0255-A;UN;Escola.M Inayá Moraes D'Couto;EMERGENCIAL;2;2
MED09;15.72;15.015.0255-A;UN;E.M. João Bento Duarte Neto;EMERGENCIAL;1;1
MED09;15.72;15.015.0255-A;UN;Escola.M Maria Teixeira de Paula;EMERGENCIAL;1;1
MED09;15.72;15.015.0255-A;UN;E.M. MONICA DE ANDRADE RIBEIRO;EMERGENCIAL;3;3
MED09;15.72;15.015.0255-A;UN;E.M. Nilton Balthazar;EMERGENCIAL;1;1
MED09;15.72;15.015.0255-A;UN;SEMEDE;EMERGENCIAL;2;2
MED09;15.72;15.015.0255-A;UN;Escola M. Simar Machado Sodré;EMERGENCIAL;1;1
MED09;15.72;15.015.0255-A;UN;Escola M. Senhorinha de Oliveira Gomes;EMERGENCIAL;8;8
MED09;15.72;15.015.0255-A;UN;Escola M. Rosângela Duarte Faria;EMERGENCIAL;1;1
MED09;15.72;15.015.0255-A;UN;Escola M. Rosângela Duarte Faria;L43;12;12
MED09;15.72;15.015.0255-A;UN;Escola M. Enedina Fidélis Moreira;L61;1;1
MED09;15.72;15.015.0255-A;UN;Escola M. Mônica de Andrade Ribeiro;L76;1;1
MED09;15.72;15.015.0255-A;UN;Escola M. Mônica de Andrade Ribeiro;L90;1;1
MED09;15.72;15.015.0255-A;UN;CEMADA;M40;1;1
MED09;15.73;15.019.0010-A;UN;;;;0
MED09;15.74;15.019.0095-A;UN;;;;0
MED09;15.78;15.020.0158-A;UN;Estádio Amaro Mota;1934;10;10
MED09;15.78;15.020.0158-A;UN;Creche Dona Cota;2081;10;10
MED09;15.78;15.020.0158-A;UN;Escola M. Fazenda da Praia;2140;2;2
MED09;15.78;15.020.0158-A;UN;Escola M. João Batista Gomes da Cruz;M56;4;4
MED09;15.78;15.020.0158-A;UN;Escola M. Pedro Moreira dos Santos;F106;3;3
MED09;15.78;15.020.0158-A;UN;CIEP Mestre Marçal;EMERGENCIAL;1;1
MED09;15.78;15.020.0158-A;UN;E.M. Elson Pinheiro;EMERGENCIAL;5;5
MED09;15.78;15.020.0158-A;UN;Escola M. José Luiz de Lemos;EMERGENCIAL;1;1
MED09;15.79;15.020.0170-A;UN;Escola M. Rio das Ostras;1576;12;12
MED09;15.79;15.020.0170-A;UN;Escola M. Henrique Sarzedas;1738;6;6
MED09;15.79;15.020.0170-A;UN;IMERO;2033;6;6
MED09;15.79;15.020.0170-A;UN;Escola M. Padre José Dilson Dórea;2077;4;4
MED09;15.79;15.020.0170-A;UN;Escola M. Padre José Dilson Dórea;2091;9;9
MED09;15.79;15.020.0170-A;UN;Escola M. Fazenda da Praia;2140;1;1
MED09;15.79;15.020.0170-A;UN;C. M. Professora América Abdalla;EMERGENCIAL;2;2
MED09;15.79;15.020.0170-A;UN;Creche M. Márcia Lustosa Machado;EMERGENCIAL;2;2
MED09;15.79;15.020.0170-A;UN;Escola M. Senhorinha de Oliveira Gomes;EMERGENCIAL;10;10
MED09;15.79;15.020.0170-A;UN;Escola M. Nilton Balthazar;L50;1;1
MED09;15.79;15.020.0170-A;UN;Escola M. Mônica de Andrade Ribeiro;L90;2;2
MED09;15.79;15.020.0170-A;UN;Escola M. Jovenil Bastos da Silva;F107;2;2
MED09;15.80;15.020.0173-A;UN;Escola M. Senhorinha de Oliveira Gomes;95;7;7
MED09;15.80;15.020.0173-A;UN;CIEP Mestre Marçal Municipalizado;99;12;12
MED09;15.80;15.020.0173-A;UN;Escola M. Henrique Sarzedas;636;20;20
MED09;15.80;15.020.0173-A;UN;Escola M. América Abdalla;1021;35;35
MED09;15.80;15.020.0173-A;UN;Escola M. Maria da Penha de Oliveira;1386;2;2
MED09;15.80;15.020.0173-A;UN;Escola M. Marinete Coelho Souza;1408;5;5
MED09;15.80;15.020.0173-A;UN;CIEP Mestre Marçal Municipalizado;1541;5;5
MED09;15.80;15.020.0173-A;UN;Escola M. Rio das Ostras;1576;19;19
MED09;15.80;15.020.0173-A;UN;Escola M. Henrique Sarzedas;1738;12;12
MED09;15.80;15.020.0173-A;UN;E.M. PROFª AMÉRICA ABDALLA;1785;4;4
MED09;15.80;15.020.0173-A;UN;E.M. IMERO - INSTIT. M. DE EDUCAÇÃO DE R.O.;1861;10;10
MED09;15.80;15.020.0173-A;UN;E.M. JOSÉ DE OLIVEIRA MARTINS;1894;20;20
MED09;15.80;15.020.0173-A;UN;Estádio Amaro Mota;1934;2;2
MED09;15.80;15.020.0173-A;UN;Escola M. Senhorinha de Oliveira Gomes;1950;6;6
MED09;15.80;15.020.0173-A;UN;Escola M. Senhorinha de Oliveira Gomes;1987;10;10
MED09;15.80;15.020.0173-A;UN;Escola M. Mônica de Andrade Ribeiro;2026;6;6
MED09;15.80;15.020.0173-A;UN;E.M. ONDINA PINTO MARCONTES;2027;10;10
MED09;15.80;15.020.0173-A;UN;Escola M. Francisco de Assis Medeiros Rangel;2051;5;5
MED09;15.80;15.020.0173-A;UN;E.M. IMERO - INSTIT. M. DE EDUCAÇÃO DE R.O.;2053;2;2
MED09;15.80;15.020.0173-A;UN;Escola M. Paulo Pinheiro;2054;5;5
MED09;15.80;15.020.0173-A;UN;Escola M. João Bento Duarte Neto;2079;2;2
MED09;15.80;15.020.0173-A;UN;Escola M. Ondina Pinto Marcondes;2084;2;2
MED09;15.80;15.020.0173-A;UN;Escola M. Padre José Dilson Dórea;2091;42;42
MED09;15.80;15.020.0173-A;UN;Escola M. Dom Bosco;2145;6;6
MED09;15.80;15.020.0173-A;UN;Escola M. Alzir Davi;EMERGENCIAL;9;9
MED09;15.80;15.020.0173-A;UN;Escola.M Maria Teixeira de Paula;EMERGENCIAL;26;26
MED09;15.80;15.020.0173-A;UN;CEMAEE;EMERGENCIAL;2;2
MED09;15.80;15.020.0173-A;UN;C. M. Professora América Abdalla;EMERGENCIAL;4;4
MED09;15.80;15.020.0173-A;UN;E.M. Elson Pinheiro;EMERGENCIAL;11;11
MED09;15.80;15.020.0173-A;UN;Escola M. Mônica de Andrade Ribeiro;EMERGENCIAL;2;2
MED09;15.80;15.020.0173-A;UN;NUGEPE;EMERGENCIAL;2;2
MED09;15.80;15.020.0173-A;UN;Escola M. Senhorinha de Oliveira Gomes;EMERGENCIAL;10;10
MED09;15.80;15.020.0173-A;UN;Escola M. Enedina Fidelis Moreira;EMERGENCIAL;12;12
MED09;15.80;15.020.0173-A;UN;Estadio Amaro Mota;EMERGENCIAL;17;17
MED09;15.80;15.020.0173-A;UN;CEMAEE;EMERGENCIAL;7;7
MED09;15.80;15.020.0173-A;UN;Escola M. Jovenil Bastos da Silva;F107;6;6
MED09;15.80;15.020.0173-A;UN;Escola M. José de Oliveira Martins;L17;18;18
MED09;15.80;15.020.0173-A;UN;Escola M. Rosângela Duarte Faria;L49;8;8
MED09;15.80;15.020.0173-A;UN;Escola M. Nilton Balthazar;L50;10;10
MED09;15.80;15.020.0173-A;UN;Escola M. Senhorinha de Oliveira Gomes;L51;4;4
MED09;15.80;15.020.0173-A;UN;Escola M. Rosângela Duarte Faria;L57;2;2
MED09;15.80;15.020.0173-A;UN;Escola M. Senhorinha de Oliveira Gomes;L104;4;4
MED09;15.80;15.020.0173-A;UN;Creche M. Valdira Flausino Rodrigues;M35;5;5
MED09;15.80;15.020.0173-A;UN;Escola M. Fany Batista Esteves;M47;1;1
MED09;15.81;15.028.0005-A;UN;;;;0
MED09;15.82;15.028.0010-A;UN;Escola M. Francisco de Assis Medeiros Rangel;1144;1;1
MED09;15.83;15.029.0010-A;UN;Creche M. Márcia Lustosa Machado;F95;1;1
MED09;15.84;15.029.0011-A;UN;Escola Rio das Ostras;997;3;3
MED09;15.85;15.029.0012-A;UN;;;;0
MED09;15.86;15.029.0019-A;UN;;;;0
MED09;15.87;15.029.0020-A;UN;;;;0
MED09;15.88;15.029.0021-A;UN;;;;0
MED09;15.89;15.029.0049-A;UN;Escola M. Fany Batista Esteves;M20;1;1
MED09;15.90;15.029.0080-A;UN;;;;0
MED09;15.91;15.030.0030-A;UN;Escola M. América Abdalla;M46;9;9
MED09;15.92;15.030.0032-A;UN;ESTÁDIO EMÍLIA ROSA GUIMARÃES;1799;1;1
MED09;15.92;15.030.0032-A;UN;Escola M. Henrique Sarzedas;1738;8;8
MED09;15.92;15.030.0032-A;UN;E.M. SENHORINHA DE OLIVEIRA GOMES - TIA LOLA;2015;1;1
MED09;15.92;15.030.0032-A;UN;Escola M. Prof. Marinete Coelho de Souza;EMERGENCIAL;1;1
MED09;15.92;15.030.0032-A;UN;Escola M. Inayá Moraes D'Couto;L62;2;2
MED09;15.92;15.030.0032-A;UN;Escola M. Enedina Fidélis Moreira;L61;1;1
MED09;15.92;15.030.0032-A;UN;Escola M. Trindade;L81;2;2
MED09;15.92;15.030.0032-A;UN;Creche M. Maria Rosa Ribeiro Pinheiro;L87;3;3
MED09;15.92;15.030.0032-A;UN;Creche M. Maria Rosa Ribeiro Pinheiro;L41;1;1
MED09;15.92;15.030.0032-A;UN;Escola M. Marinete Coelho Souza;L82;1;1
MED09;15.92;15.030.0032-A;UN;Escola M. Jovenil Bastos da Silva;M53;1;1
MED09;15.93;15.030.0034-A;UN;;;;0
MED09;15.94;15.030.0038-A;UN;Escola M. Henrique Sarzedas;1738;5;5
MED09;15.94;15.030.0038-A;UN;CEMADA;1905;1;1
MED09;15.94;15.030.0038-A;UN;E.M. PROFª AMÉRICA ABDALLA;2154;1;1
MED09;15.95;15.030.0040-A;UN;;;;0
MED09;15.96;15.036.0010-A;M;;;;0
MED09;15.97;15.036.0011-A;M;;;;0
MED09;15.98;15.036.0027-A;M;Escola M. América Abdalla;M46;16;16
MED09;15.99;15.036.0028-A;M;ESTÁDIO EMÍLIA ROSA GUIMARÃES;1799;2;2
MED09;15.99;15.036.0028-A;M;Escola M. Henrique Sarzedas;1738;30;30
MED09;15.99;15.036.0028-A;M;E.M. SENHORINHA DE OLIVEIRA GOMES - TIA LOLA;2015;2;2
MED09;15.99;15.036.0028-A;M;Escola M. Prof. Marinete Coelho de Souza;EMERGENCIAL;4;4
MED09;15.99;15.036.0028-A;M;IMERO;EMERGENCIAL;4;4
MED09;15.99;15.036.0028-A;M;Escola M. Inayá Moraes D'Couto;L62;2;2
MED09;15.99;15.036.0028-A;M;Escola M. Trindade;L81;2;2
MED09;15.99;15.036.0028-A;M;Tia didi;L87;6;6
MED09;15.99;15.036.0028-A;M;Escola M. América Abdalla;M46;6;6
MED09;15.99;15.036.0028-A;M;Creche M. Maria Rosa Ribeiro Pinheiro;F103;6;6
MED09;15100;15.036.0045-A;M;E.M. RIO DAS OSTRAS;1888;15;15
MED09;15100;15.036.0045-A;M;Escola M. América Abdalla;1030;1;1
MED09;15100;15.036.0045-A;M;E.M. SENHORINHA DE OLIVEIRA GOMES - TIA LOLA;2015;2;2
MED09;15100;15.036.0045-A;M;Escola M. América Abdalla;M46;25;25
MED09;15101;15.036.0046-A;M;Escola M. Henrique Sarzedas;1738;20;20
MED09;15101;15.036.0046-A;M;Escola M. Prof. Marinete Coelho de Souza;EMERGENCIAL;12;12
MED09;15101;15.036.0046-A;M;CEMAEE;EMERGENCIAL;6;6
MED09;15102;15.036.0047-A;M;;;;0
MED09;15103;15.036.0048-A;M;Escola M. Paulo Pinheiro;M70;30;30
MED09;15104;15.036.0053-A;M;Escola M. Enedina Fidélis Moreira;711;10;10
MED09;16.1;16.001.0050-A;M2;CAMPO GILBERTO CABRAL;WC PNE;4.17 x 3.8 x 1;15.846
MED09;16.2;16.001.0060-A;M2;;;;0
MED09;16.3;16.001.0067-A;UN;;;;0
MED09;16.4;16.001.0085-A;M2;CAMPO GILBERTO CABRAL;WC PNE;4.17 x 3.8;15.85
MED09;16.5;16.001.0086-A;M2;;;;0
MED09;16.6;16.002.0005-A;M2;;;;0
MED09;16.7;16.002.0010-A;M2;Escola M. Henrique Sarzedas;1633;1.25 x 1.4 x 1;1.75
MED09;16.7;16.002.0010-A;M2;CAMPO GILBERTO CABRAL;WC PNE;4.17 x 3.8 x 1;15.85
MED09;16.8;16.002.0015-A;M;;;;0
MED09;16.9;16.002.0025-A;M;;;;0
MED09;16.10;16.004.0015-A;M2;;;;0
MED09;16.11;16.005.0006-A;M2;Escola M. Sebastião Loubach;EMERGENCIAL;6 x 7 x 1;42
MED09;16.12;16.005.0008-A;M;;;;0
MED09;16.13;16.005.0018-A;M;;;;0
MED09;16.14;16.005.0027-A;M;;;;0
MED09;16.15;16.005.0075-A;M2;;;;0
MED09;16.16;16.020.0001-A;M2;Escola M. Simar Machado Sodré;290;3 x 0.4 x 1;1.2
MED09;16.16;16.020.0001-A;M2;Escola M. Senhorinha de Oliveira Gomes;610;3 x 3 x 1;9
MED09;16.17;16.026.0002-A;M2;Escola M. Nadir da Silva Salvador;1139;10;10
MED09;16.18;16.027.0001-A;M2;;;;0
MED09;16.19;16.034.0003-A;M2;;;;0
MED09;17.1;17.017.0010-A;M2;Escola M. Senhorinha de Oliveira Gomes;610;3 x 3 x 1;9
MED09;17.1;17.017.0010-A;M2;Escola M. Mônica de Andrade Ribeiro;1513;0.6 x 0.4 x 2;0.48
MED09;17.1;17.017.0010-A;M2;Escola M. ondina Pinto Marcondes;1631;5 x 5 x 1;25
MED09;17.1;17.017.0010-A;M2;Escola M. ondina Pinto Marcondes;1631;20 x 1.5 x 1;30
MED09;17.1;17.017.0010-A;M2;CAMPO GILBERTO CABRAL;COZINHA;15 x 2.8 x 1;42
MED09;17.1;17.017.0010-A;M2;CAMPO GILBERTO CABRAL;ADMINISTRAÇÃO;16.7 x 2.8 x 1;46.76
MED09;17.1;17.017.0010-A;M2;CAMPO GILBERTO CABRAL;ALMOXARIFADO;14.7 x 2.8 x 1;41.16
MED09;17.1;17.017.0010-A;M2;CAMPO GILBERTO CABRAL;VARANDA;22.2 x 2.8 x 1;62.16
MED09;17.1;17.017.0010-A;M2;CAMPO GILBERTO CABRAL;RECEPÇÃO;28.7 x 2.8 x 1;80.36
MED09;17.1;17.017.0010-A;M2;CAMPO GILBERTO CABRAL;DEPÓSITO;10.3 x 2.8 x 1;28.84
MED09;17.1;17.017.0010-A;M2;CAMPO GILBERTO CABRAL;HALL VESTIÁRIO;10.1 x 2.8 x 1;28.28
MED09;17.1;17.017.0010-A;M2;CAMPO GILBERTO CABRAL;VARANDA VESTIÁRIO;22.6 x 2.8 x 1;63.28
MED09;17.1;17.017.0010-A;M2;CAMPO GILBERTO CABRAL;PAREDES EXTERNAS ADM;37.6 x 2.8 x 1;105.28
MED09;17.1;17.017.0010-A;M2;CAMPO GILBERTO CABRAL;PAREDES EXTERNAS QUIOSQUE;22.4 x 2.8 x 1;62.72
MED09;17.1;17.017.0010-A;M2;CAMPO GILBERTO CABRAL;PAREDES EXTERNAS VESTIÁRIO;34.78 x 2.8 x 1;97.38
MED09;17.2;17.017.0100-A;M2;Creche M. Márcia Lustosa Machado;1080;0.7 x 2.1 x 1 x 2;2.94
MED09;17.2;17.017.0100-A;M2;Estádio Emília Rosa Guimarães;1533;0.7 x 2.1 x 5 x 2;14.7
MED09;17.2;17.017.0100-A;M2;CEMAEE;1833;3 x 0.3 x 3 x 1;2.7
MED09;17.2;17.017.0100-A;M2;E.M. CIEP BRIZOLÃO MESTRE MARÇAL MUNIC.;1923;0.7 x 2.1 x 6 x 2;17.64
MED09;17.2;17.017.0100-A;M2;Escola M. Simar Machado Sodré;2238;3 x 0.3 x 3 x 1;2.7
MED09;17.2;17.017.0100-A;M2;CIEP BRIZOLÃO MESTRE MARÇAL;;0.6 x 2.1 x 1 x 2;2.52
MED09;17.2;17.017.0100-A;M2;CIEP BRIZOLÃO MESTRE MARÇAL;;0.8 x 2.1 x 1 x 2;3.36
MED09;17.2;17.017.0100-A;M2;CIEP BRIZOLÃO MESTRE MARÇAL;;0.9 x 2.1 x 12 x 2;45.36
MED09;17.2;17.017.0100-A;M2;Escola M. Inayá Moraes D'Couto;L55;0.7 x 2.1 x 2 x 2;5.88
MED09;17.2;17.017.0100-A;M2;Escola M. Nilton Balthazar;L50;0.8 x 2.1 x 1 x 2;3.36
MED09;17.3;17.017.0110-A;M2;Creche M. Márcia Lustosa Machado;1080;0.7 x 2.1 x 1 x 2;2.94
MED09;17.3;17.017.0110-A;M2;Estádio Emília Rosa Guimarães;1533;0.7 x 2.1 x 5 x 2;14.7
MED09;17.3;17.017.0110-A;M2;Escola M. ondina Pinto Marcondes;1631;5 x 5 x 1 x 1;25
MED09;17.3;17.017.0110-A;M2;Escola M. ondina Pinto Marcondes;1631;20 x 1.5 x 1 x 1;30
MED09;17.3;17.017.0110-A;M2;CRECHE MARIA ROSA;;0.9 x 2.15 x 1 x 2;3.87
MED09;17.3;17.017.0110-A;M2;CIEP BRIZOLÃO MESTRE MARÇAL;;0.6 x 2.1 x 1 x 2;2.52
MED09;17.3;17.017.0110-A;M2;CIEP BRIZOLÃO MESTRE MARÇAL;;0.8 x 2.1 x 1 x 2;3.36
MED09;17.3;17.017.0110-A;M2;CIEP BRIZOLÃO MESTRE MARÇAL;;0.9 x 2.1 x 12 x 2;45.36
MED09;17.4;17.017.0320-A;M2;E.M. ROCHA LEÃO;ESTRUTURA TREM;7 x 2.2 x 1.3;20.02
MED09;17.4;17.017.0320-A;M2;E.M. ROCHA LEÃO;ESCADA CARACOL;2.6 x 0.7 x 2;3.64
MED09;17.4;17.017.0320-A;M2;E.M. ROCHA LEÃO;POSTES;0.1 x 1.5 x 10;1.5
MED09;17.4;17.017.0320-A;M2;E.M. ROCHA LEÃO;ESTRUTURA ALAMBRADO;342.3 x 0.6 x 2;410.76
MED09;17.4;17.017.0320-A;M2;CRECHE MARIA ROSA;GRADIL;0.6 x 0.6 x 8;2.88
MED09;17.4;17.017.0320-A;M2;CRECHE MARIA ROSA;GRADIL;1.5 x 2 x 2;6
MED09;17.5;17.018.0031-A;M2;Escola M. Mônica de Andrade Ribeiro;1513;0.6 x 0.4 x 2;0.48
MED09;17.5;17.018.0031-A;M2;Escola M. Senhorinha de Oliveira Gomes;610;3 x 3 x 1;9
MED09;17.5;17.018.0031-A;M2;Escola M. Simar Machado;2234;16.68 x 2.98 x 1;49.71
MED09;17.5;17.018.0031-A;M2;Escola M. Simar Machado;2234;6.37 x 1.97 x 1;12.55
MED09;17.5;17.018.0031-A;M2;E.M. ROCHA LEÃO;SALAS;19 x 2.95 x 1;56.05
MED09;17.5;17.018.0031-A;M2;E.M. ROCHA LEÃO;SALAS;21.6 x 2.95 x 1;63.72
MED09;17.5;17.018.0031-A;M2;E.M. ROCHA LEÃO;SALAS;21.2 x 2.95 x 1;62.54
MED09;17.5;17.018.0031-A;M2;E.M. ROCHA LEÃO;SALAS;21.8 x 2.95 x 1;64.31
MED09;17.5;17.018.0031-A;M2;E.M. ROCHA LEÃO;SALAS;27.6 x 2.95 x 1;81.42
MED09;17.5;17.018.0031-A;M2;E.M. ROCHA LEÃO;SALAS;13.6 x 2.95 x 2;80.24
MED09;17.5;17.018.0031-A;M2;E.M. ROCHA LEÃO;SALAS;18.6 x 2.95 x 1;54.87
MED09;17.5;17.018.0031-A;M2;E.M. ROCHA LEÃO;CORREDOR;7 x 1.3 x 1;9.1
MED09;17.5;17.018.0031-A;M2;E.M. ROCHA LEÃO;PAREDE EXTERNA FRENTE;13 x 4.6 x 1;59.8
MED09;17.5;17.018.0031-A;M2;E.M. ROCHA LEÃO;PAREDE EXTERNA LATERAL;6.5 x 3 x 1;19.5
MED09;17.5;17.018.0031-A;M2;E.M. ROCHA LEÃO;PAREDE EXTERNA FUNDOS;9 x 4 x 1;36
MED09;17.5;17.018.0031-A;M2;E.M. ROCHA LEÃO;MURO;10 x 1.7 x 1;17
MED09;17.5;17.018.0031-A;M2;E.M. ROCHA LEÃO;BASE;3 x 0.35 x 1;1.05
MED09;17.5;17.018.0031-A;M2;CRECHE DONA LINA;SALAS;17.94 x 2.85 x 1;51.129
MED09;17.5;17.018.0031-A;M2;CRECHE DONA LINA;SALAS;18.94 x 2.85 x 1;53.979
MED09;17.5;17.018.0031-A;M2;CRECHE DONA LINA;SALAS;18.99 x 2.85 x 1;54.1215
MED09;17.5;17.018.0031-A;M2;CRECHE DONA LINA;SALAS;18.229 x 2.85 x 1;51.95265
MED09;17.5;17.018.0031-A;M2;CRECHE DONA LINA;SALAS;18.03 x 2.85 x 1;51.3855
MED09;17.5;17.018.0031-A;M2;CRECHE DONA LINA;SALAS;18.75 x 2.85 x 1;53.4375
MED09;17.5;17.018.0031-A;M2;CRECHE DONA LINA;SALAS;21.02 x 2.85 x 1;59.907
MED09;17.5;17.018.0031-A;M2;CRECHE DONA LINA;SALAS;20.9 x 2.85 x 1;59.565
MED09;17.5;17.018.0031-A;M2;CRECHE DONA LINA;SALAS;20.85 x 2.85 x 1;59.4225
MED09;17.5;17.018.0031-A;M2;CRECHE DONA LINA;SALAS;20.75 x 2.85 x 1;59.1375
MED09;17.5;17.018.0031-A;M2;CRECHE DONA LINA;SALAS;20.78 x 2.85 x 1;59.223
MED09;17.5;17.018.0031-A;M2;CRECHE DONA LINA;PAREDES EXTERNAS;1.54 x 2.65 x 4;16.324
MED09;17.5;17.018.0031-A;M2;CRECHE DONA LINA;PAREDES EXTERNAS;1.32 x 1.63 x 4;8.6064
MED09;17.5;17.018.0031-A;M2;CRECHE DONA LINA;PAREDES EXTERNAS;4.91 x 2.33 x 8;91.5224
MED09;17.5;17.018.0031-A;M2;CRECHE DONA LINA;PAREDES EXTERNAS;3.6 x 4.4 x 6;95.04
MED09;17.5;17.018.0031-A;M2;CRECHE DONA LINA;PAREDES EXTERNAS;12.8 x 2.95 x 4;151.04
MED09;17.5;17.018.0031-A;M2;CRECHE DONA LINA;PAREDES EXTERNAS;5.29 x 2.62 x 1;13.8598
MED09;17.5;17.018.0031-A;M2;CRECHE DONA LINA;PAREDES EXTERNAS;7.04 x 3.62 x 1;25.4848
MED09;17.5;17.018.0031-A;M2;CRECHE DONA LINA;PAREDES EXTERNAS;5 x 0.72 x 8;28.8
MED09;17.5;17.018.0031-A;M2;CRECHE DONA LINA;PAREDES EXTERNAS;6.13 x 1.2 x 1;7.356
MED09;17.5;17.018.0031-A;M2;CRECHE DONA LINA;PAREDES EXTERNAS;1.43 x 2.4 x 1;3.432
MED09;17.5;17.018.0031-A;M2;CRECHE DONA LINA;PAREDES EXTERNAS;2.4 x 2.2 x 1;5.28
MED09;17.5;17.018.0031-A;M2;CRECHE DONA LINA;PAREDES EXTERNAS;12.5 x 2.17 x 1;27.125
MED09;17.5;17.018.0031-A;M2;CRECHE DONA LINA;PAREDES EXTERNAS;3.88 x 4.4 x 1;17.072
MED09;17.5;17.018.0031-A;M2;CRECHE DONA LINA;PAREDES EXTERNAS;28.8 x 4.4 x 1;126.72
MED09;17.5;17.018.0031-A;M2;CRECHE DONA LINA;PAREDES EXTERNAS;3.88 x 4.4 x 1;17.072
MED09;17.5;17.018.0031-A;M2;CRECHE DONA LINA;PAREDES EXTERNAS;10.03 x 2.17 x 1;21.7651
MED09;17.5;17.018.0031-A;M2;CRECHE DONA LINA;PAREDES EXTERNAS;17 x 4.4 x 1;74.8
MED09;17.5;17.018.0031-A;M2;CRECHE DONA LINA;PAREDES EXTERNAS;18.2 x 4.4 x 1;80.08
MED09;17.5;17.018.0031-A;M2;CRECHE DONA LINA;PAREDES EXTERNAS;18.8 x 4.4 x 1;82.72
MED09;17.5;17.018.0031-A;M2;CRECHE DONA LINA;PAREDES EXTERNAS;18.2 x 4.4 x 1;80.08
MED09;17.5;17.018.0031-A;M2;CRECHE DONA LINA;PAREDES EXTERNAS;1.41 x 4.4 x 1;6.204
MED09;17.5;17.018.0031-A;M2;CRECHE DONA LINA;PAREDES EXTERNAS;3.74 x 4.4 x 1;16.456
MED09;17.5;17.018.0031-A;M2;CRECHE DONA LINA;PAREDES EXTERNAS;2.11 x 2.7 x 1;5.697
MED09;17.5;17.018.0031-A;M2;CRECHE DONA LINA;PAREDES EXTERNAS;4.4 x 1.04 x 1;4.576
MED09;17.5;17.018.0031-A;M2;CRECHE DONA LINA;PAREDES EXTERNAS;2.37 x 1.85 x 2;8.769
MED09;17.5;17.018.0031-A;M2;CRECHE DONA LINA;PAREDES EXTERNAS;5 x 1.85 x 4;37
MED09;17.5;17.018.0031-A;M2;CRECHE DONA LINA;PAREDES EXTERNAS;4.9 x 0.74 x 2;7.252
MED09;17.5;17.018.0031-A;M2;CRECHE DONA LINA;PAREDES EXTERNAS;1.39 x 0.74 x 2;2.0572
MED09;17.5;17.018.0031-A;M2;CRECHE DONA LINA;PAREDES EXTERNAS;5.3 x 3 x 1;15.9
MED09;17.5;17.018.0031-A;M2;CRECHE DONA LINA;PAREDES EXTERNAS;0.84 x 2.67 x 4;8.9712
MED09;17.5;17.018.0031-A;M2;CRECHE DONA LINA;PAREDES EXTERNAS;1.85 x 3 x 2;11.1
MED09;17.5;17.018.0031-A;M2;CRECHE DONA LINA;PAREDES EXTERNAS;1.5 x 3 x 2;9
MED09;17.5;17.018.0031-A;M2;CRECHE DONA LINA;PAREDES EXTERNAS;12.8 x 3 x 2;76.8
MED09;17.5;17.018.0031-A;M2;CRECHE DONA LINA;TETO;2.06 x 13 x 4;107.12
MED09;17.5;17.018.0031-A;M2;CRECHE DONA LINA;BANCO;1 x 4.91 x 2;9.82
MED09;17.5;17.018.0031-A;M2;CRECHE DONA LINA;TETO ENTRADA DA UNIDADE;6 x 1.87 x 1;11.22
MED09;17.5;17.018.0031-A;M2;CRECHE DONA LINA;TETO EXTERNO;12.8 x 2.13 x 2;54.528
MED09;17.5;17.018.0031-A;M2;CRECHE DONA LINA;TETO RECEPÇÃO;6.41 x 4.25 x 1;27.2425
MED09;17.5;17.018.0031-A;M2;CRECHE DONA LINA;INTERNO E EXTERNO;135.6 x 2.2 x 1;298.32
MED09;17.5;17.018.0031-A;M2;CRECHE DONA LINA;INTERNO E EXTERNO;36 x 2.2 x 1;79.2
MED09;17.5;17.018.0031-A;M2;CRECHE DONA LINA;INTERNO E EXTERNO;2.16 x 2 x 1;4.32
MED09;17.5;17.018.0031-A;M2;CRECHE DONA LINA;INTERNO E EXTERNO;211 x 2.2 x 1;464.2
MED09;17.5;17.018.0031-A;M2;CRECHE DONA LINA;INTERNO E EXTERNO;86 x 0.62 x 1;53.32
MED09;17.5;17.018.0031-A;M2;E.M ALZIR DAVID;PAREDES;2.55 x 2.75 x 1;7.0125
MED09;17.5;17.018.0031-A;M2;E.M ALZIR DAVID;PAREDES;3.9 x 2.75 x 1;10.725
MED09;17.5;17.018.0031-A;M2;E.M ALZIR DAVID;PAREDES;2.59 x 2.75 x 1;7.1225
MED09;17.5;17.018.0031-A;M2;E.M ALZIR DAVID;PAREDES;2.48 x 2.75 x 1;6.82
MED09;17.5;17.018.0031-A;M2;E.M ALZIR DAVID;PAREDES;3.85 x 2.75 x 1;10.5875
MED09;17.5;17.018.0031-A;M2;E.M ALZIR DAVID;PAREDES;2.54 x 2.75 x 1;6.985
MED09;17.5;17.018.0031-A;M2;E.M ALZIR DAVID;PAREDES;3.4 x 2.75 x 1;9.35
MED09;17.5;17.018.0031-A;M2;E.M ALZIR DAVID;PAREDES;3.35 x 2.75 x 1;9.2125
MED09;17.5;17.018.0031-A;M2;E.M ALZIR DAVID;PAREDES;3.38 x 2.75 x 1;9.295
MED09;17.5;17.018.0031-A;M2;E.M ALZIR DAVID;PAREDES;3.26 x 2.92 x 1;9.5192
MED09;17.5;17.018.0031-A;M2;E.M ALZIR DAVID;PAREDES;2.9 x 2.92 x 1;8.468
MED09;17.5;17.018.0031-A;M2;E.M ALZIR DAVID;PAREDES;1.47 x 2.75 x 1;4.0425
MED09;17.5;17.018.0031-A;M2;E.M ALZIR DAVID;PAREDES;3.45 x 2.75 x 1;9.4875
MED09;17.5;17.018.0031-A;M2;E.M ALZIR DAVID;PAREDES;2.34 x 2.75 x 1;6.435
MED09;17.5;17.018.0031-A;M2;E.M ALZIR DAVID;PAREDES;0.71 x 1.1 x 1;0.781
MED09;17.5;17.018.0031-A;M2;E.M ALZIR DAVID;PAREDES;0.15 x 2.1 x 1;0.315
MED09;17.5;17.018.0031-A;M2;E.M ALZIR DAVID;PAREDES;2.92 x 2.75 x 2;16.06
MED09;17.5;17.018.0031-A;M2;CRECHE MARIA ROSA - TIA DIDI;SALAS DE AULA - PAREDES;23.43 x 1.93 x 3;135.6597
MED09;17.5;17.018.0031-A;M2;CRECHE MARIA ROSA - TIA DIDI;SALAS DE AULA - PAREDES;19.97 x 1.93 x 1;38.5421
MED09;17.5;17.018.0031-A;M2;CRECHE MARIA ROSA - TIA DIDI;SALAS DE AULA - PAREDES;23.58 x 1.93 x 1;45.5094
MED09;17.5;17.018.0031-A;M2;CRECHE MARIA ROSA - TIA DIDI;SALAS DE AULA - PAREDES;22.4 x 1.75 x 1;39.2
MED09;17.5;17.018.0031-A;M2;CRECHE MARIA ROSA - TIA DIDI;SALAS DE AULA - PAREDES;21.1 x 1.75 x 1;36.925
MED09;17.5;17.018.0031-A;M2;CRECHE MARIA ROSA - TIA DIDI;SALAS DE AULA - PAREDES;21.09 x 1.75 x 1;36.9075
MED09;17.5;17.018.0031-A;M2;CRECHE MARIA ROSA - TIA DIDI;SALAS DE AULA - PAREDES;20.24 x 1.75 x 1;35.42
MED09;17.5;17.018.0031-A;M2;CRECHE MARIA ROSA - TIA DIDI;SALAS DE AULA - PAREDES;21.09 x 1.75 x 1;36.9075
MED09;17.5;17.018.0031-A;M2;CRECHE MARIA ROSA - TIA DIDI;SALA DE RECURSOS;9.86 x 2.78 x 1;27.4108
MED09;17.5;17.018.0031-A;M2;CRECHE MARIA ROSA - TIA DIDI;SALA DOS PROFESSORES;10.8 x 2.78 x 1;30.024
MED09;17.5;17.018.0031-A;M2;CRECHE MARIA ROSA - TIA DIDI;SECRETARIA;13.1 x 2.79 x 1;36.549
MED09;17.5;17.018.0031-A;M2;CRECHE MARIA ROSA - TIA DIDI;REFEITÓRIO;38.2 x 1.75 x 1;66.85
MED09;17.5;17.018.0031-A;M2;CRECHE MARIA ROSA - TIA DIDI;RECEPÇÃO;11.5 x 1.75 x 1;20.125
MED09;17.5;17.018.0031-A;M2;CRECHE MARIA ROSA - TIA DIDI;RECEPÇÃO;4.35 x 2.8 x 1;12.18
MED09;17.5;17.018.0031-A;M2;CRECHE MARIA ROSA - TIA DIDI;SALAS DE AULA - TETO;5.93 x 7.25 x 3;128.9775
MED09;17.5;17.018.0031-A;M2;CRECHE MARIA ROSA - TIA DIDI;SALAS DE AULA - TETO;5.2 x 6.57 x 1;34.164
MED09;17.5;17.018.0031-A;M2;CRECHE MARIA ROSA - TIA DIDI;SALAS DE AULA - TETO;7.09 x 6.4 x 1;45.376
MED09;17.5;17.018.0031-A;M2;CRECHE MARIA ROSA - TIA DIDI;SALAS DE AULA - TETO;5.2 x 7.1 x 1;36.92
MED09;17.5;17.018.0031-A;M2;CRECHE MARIA ROSA - TIA DIDI;SALAS DE AULA - TETO;5.3 x 6.4 x 1;33.92
MED09;17.5;17.018.0031-A;M2;CRECHE MARIA ROSA - TIA DIDI;SALAS DE AULA - TETO;6.52 x 6.41 x 1;41.7932
MED09;17.5;17.018.0031-A;M2;CRECHE MARIA ROSA - TIA DIDI;SALAS DE AULA - TETO;5.29 x 8.4 x 1;44.436
MED09;17.5;17.018.0031-A;M2;CRECHE MARIA ROSA - TIA DIDI;WC MASCULINO;2.47 x 5.25 x 1;12.9675
MED09;17.5;17.018.0031-A;M2;CRECHE MARIA ROSA - TIA DIDI;WC FEMININO;5.52 x 5.86 x 1;32.3472
MED09;17.5;17.018.0031-A;M2;CRECHE MARIA ROSA - TIA DIDI;SECRETARIA;4.03 x 2.52 x 1;10.1556
MED09;17.5;17.018.0031-A;M2;CRECHE MARIA ROSA - TIA DIDI;RECURSOS;3.19 x 1.74 x 1;5.5506
MED09;17.5;17.018.0031-A;M2;CRECHE MARIA ROSA - TIA DIDI;SALA DOS PROFESSORES;3.21 x 2.19 x 1;7.0299
MED09;17.5;17.018.0031-A;M2;CRECHE MARIA ROSA - TIA DIDI;REFEITÓRIO;11.79 x 4.2 x 1;49.518
MED09;17.5;17.018.0031-A;M2;CRECHE MARIA ROSA - TIA DIDI;REFEITÓRIO;2.06 x 1.19 x 1;2.4514
MED09;17.5;17.018.0031-A;M2;CRECHE MARIA ROSA - TIA DIDI;PAREDES EXTERNAS;32.93 x 1.5 x 1;49.395
MED09;17.5;17.018.0031-A;M2;CRECHE MARIA ROSA - TIA DIDI;PAREDES EXTERNAS;4.21 x 0.5 x 1;2.105
MED09;17.5;17.018.0031-A;M2;CRECHE MARIA ROSA - TIA DIDI;PAREDES EXTERNAS;32.2 x 1.75 x 1;56.35
MED09;17.5;17.018.0031-A;M2;CRECHE MARIA ROSA - TIA DIDI;PAREDES EXTERNAS;5.9 x 2.6 x 2;30.68
MED09;17.5;17.018.0031-A;M2;CRECHE MARIA ROSA - TIA DIDI;PAREDES EXTERNAS;5.7 x 3 x 1;17.1
MED09;17.5;17.018.0031-A;M2;CRECHE MARIA ROSA - TIA DIDI;PAREDES EXTERNAS;5.9 x 2.06 x 2;24.308
MED09;17.5;17.018.0031-A;M2;CRECHE MARIA ROSA - TIA DIDI;PAREDES EXTERNAS;4.1 x 0.3 x 1;1.23
MED09;17.5;17.018.0031-A;M2;CRECHE MARIA ROSA - TIA DIDI;PAREDES EXTERNAS;24.1 x 3 x 1;72.3
MED09;17.5;17.018.0031-A;M2;CRECHE MARIA ROSA - TIA DIDI;PAREDES EXTERNAS;2.05 x 2 x 1;4.1
MED09;17.5;17.018.0031-A;M2;CRECHE MARIA ROSA - TIA DIDI;PAREDES EXTERNAS;5.3 x 3 x 1;15.9
MED09;17.5;17.018.0031-A;M2;CRECHE MARIA ROSA - TIA DIDI;PAREDES EXTERNAS;9.8 x 4 x 1;39.2
MED09;17.5;17.018.0031-A;M2;CRECHE MARIA ROSA - TIA DIDI;PAREDES EXTERNAS;0.84 x 1.72 x 12;17.3376
MED09;17.5;17.018.0031-A;M2;CRECHE MARIA ROSA - TIA DIDI;PAREDES EXTERNAS;28.7 x 0.3 x 1;8.61
MED09;17.5;17.018.0031-A;M2;CRECHE MARIA ROSA - TIA DIDI;PAREDES EXTERNAS;6.2 x 2.3 x 2;28.52
MED09;17.5;17.018.0031-A;M2;CRECHE MARIA ROSA - TIA DIDI;PAREDES EXTERNAS;12.2 x 3 x 1;36.6
MED09;17.5;17.018.0031-A;M2;CRECHE MARIA ROSA - TIA DIDI;PAREDES EXTERNAS;6.8 x 0.3 x 1;2.04
MED09;17.5;17.018.0031-A;M2;CRECHE MARIA ROSA - TIA DIDI;PAREDES EXTERNAS;22.3 x 0.9 x 1;20.07
MED09;17.5;17.018.0031-A;M2;CRECHE MARIA ROSA - TIA DIDI;PAREDES EXTERNAS;94.1 x 3 x 1;282.3
MED09;17.5;17.018.0031-A;M2;CRECHE MARIA ROSA - TIA DIDI;PAREDES EXTERNAS;9.7 x 4 x 1;38.8
MED09;17.5;17.018.0031-A;M2;CRECHE MARIA ROSA - TIA DIDI;PAREDES EXTERNAS;21.3 x 3 x 1;63.9
MED09;17.5;17.018.0031-A;M2;CRECHE MARIA ROSA - TIA DIDI;TETO EXTERNOS;2.42 x 7.03 x 1;17.0126
MED09;17.5;17.018.0031-A;M2;CRECHE MARIA ROSA - TIA DIDI;TETO EXTERNOS;23.16 x 2.2 x 1;50.952
MED09;17.5;17.018.0031-A;M2;CRECHE MARIA ROSA - TIA DIDI;TETO EXTERNOS;0.5 x 2.08 x 7;7.28
MED09;17.5;17.018.0031-A;M2;CRECHE MARIA ROSA - TIA DIDI;TETO EXTERNOS;15.8 x 2.47 x 1;39.026
MED09;17.5;17.018.0031-A;M2;CRECHE MARIA ROSA - TIA DIDI;TETO EXTERNOS;6.18 x 5.07 x 1;31.3326
MED09;17.5;17.018.0031-A;M2;CRECHE MARIA ROSA - TIA DIDI;TETO EXTERNOS;16.3 x 1.17 x 1;19.071
MED09;17.5;17.018.0031-A;M2;CRECHE MARIA ROSA - TIA DIDI;TETO EXTERNOS;2.47 x 1.15 x 1;2.8405
MED09;17.5;17.018.0031-A;M2;CRECHE MARIA ROSA - TIA DIDI;TETO EXTERNOS;5.95 x 2 x 1;11.9
MED09;17.5;17.018.0031-A;M2;CRECHE MARIA ROSA - TIA DIDI;MURO INTERNO E EXTERNO;13.1 x 2.3 x 1;30.13
MED09;17.5;17.018.0031-A;M2;CRECHE MARIA ROSA - TIA DIDI;MURO INTERNO E EXTERNO;76.1 x 2.1 x 2;319.62
MED09;17.5;17.018.0031-A;M2;CRECHE MARIA ROSA - TIA DIDI;MURO INTERNO E EXTERNO;50.6 x 2.6 x 2;263.12
MED09;17.5;17.018.0031-A;M2;CRECHE MARIA ROSA - TIA DIDI;MURO INTERNO E EXTERNO;38.2 x 3 x 1;114.6
MED09;17.5;17.018.0031-A;M2;CRECHE MARIA ROSA - TIA DIDI;CASA DA BOMBA;1.36 x 2.44 x 1;3.3184
MED09;17.5;17.018.0031-A;M2;CRECHE MARIA ROSA - TIA DIDI;CASA DA BOMBA;0.78 x 1.19 x 1;0.9282
MED09;17.5;17.018.0031-A;M2;CRECHE MARIA ROSA - TIA DIDI;CISTERNA;2.2 x 0.46 x 1;1.012
MED09;17.5;17.018.0031-A;M2;CRECHE MARIA ROSA - TIA DIDI;CISTERNA;1.15 x 1.68 x 1;1.932
MED09;17.5;17.018.0031-A;M2;E.M PADRE JOSÉ DILSON DÓREA;MURO;45 x 3.1 x 1;139.5
MED09;17.5;17.018.0031-A;M2;E.M PADRE JOSÉ DILSON DÓREA;MURO;21 x 3.1 x 1;65.1
MED09;17.5;17.018.0031-A;M2;CAMPO GILBERTO CABRAL;COZINHA;15 x 2.8 x 1;42
MED09;17.5;17.018.0031-A;M2;CAMPO GILBERTO CABRAL;ADMINISTRAÇÃO;16.7 x 2.8 x 1;46.76
MED09;17.5;17.018.0031-A;M2;CAMPO GILBERTO CABRAL;ALMOXARIFADO;14.7 x 2.8 x 1;41.16
MED09;17.5;17.018.0031-A;M2;CAMPO GILBERTO CABRAL;VARANDA;22.2 x 2.8 x 1;62.16
MED09;17.5;17.018.0031-A;M2;CAMPO GILBERTO CABRAL;RECEPÇÃO;28.7 x 2.8 x 1;80.36
MED09;17.5;17.018.0031-A;M2;CAMPO GILBERTO CABRAL;DEPÓSITO;10.3 x 2.8 x 1;28.84
MED09;17.5;17.018.0031-A;M2;CAMPO GILBERTO CABRAL;HALL VESTIÁRIO;10.1 x 2.8 x 1;28.28
MED09;17.5;17.018.0031-A;M2;CAMPO GILBERTO CABRAL;VARANDA VESTIÁRIO;22.6 x 2.8 x 1;63.28
MED09;17.5;17.018.0031-A;M2;CAMPO GILBERTO CABRAL;PAREDES EXTERNAS ADM;37.6 x 2.8 x 1;105.28
MED09;17.5;17.018.0031-A;M2;CAMPO GILBERTO CABRAL;PAREDES EXTERNAS QUIOSQUE;22.4 x 2.8 x 1;62.72
MED09;17.5;17.018.0031-A;M2;CAMPO GILBERTO CABRAL;PAREDES EXTERNAS VESTIÁRIO;34.78 x 2.8 x 1;97.38
MED09;17.5;17.018.0031-A;M2;CIEP BRIZOLÃO MESTRE MARÇAL;PAREDES;5.1 x 2.35 x 1;11.985
MED09;17.5;17.018.0031-A;M2;CIEP BRIZOLÃO MESTRE MARÇAL;PAREDES;7.37 x 2.44 x 1;17.9828
MED09;17.5;17.018.0031-A;M2;CIEP BRIZOLÃO MESTRE MARÇAL;PAREDES;7.42 x 2.44 x 1;18.1048
MED09;17.5;17.018.0031-A;M2;CIEP BRIZOLÃO MESTRE MARÇAL;PAREDES;0.75 x 2 x 1;1.5
MED09;17.5;17.018.0031-A;M2;CIEP BRIZOLÃO MESTRE MARÇAL;PAREDES;5.32 x 2.35 x 1;12.502
MED09;17.5;17.018.0031-A;M2;CIEP BRIZOLÃO MESTRE MARÇAL;PAREDES;3 x 0.82 x 2;4.92
MED09;17.5;17.018.0031-A;M2;CIEP BRIZOLÃO MESTRE MARÇAL;PAREDES;5.35 x 1.34 x 2;14.338
MED09;17.5;17.018.0031-A;M2;CIEP BRIZOLÃO MESTRE MARÇAL;PAREDES;5.2 x 1.34 x 1;6.968
MED09;17.5;17.018.0031-A;M2;CIEP BRIZOLÃO MESTRE MARÇAL;PAREDES;0.72 x 0.8 x 4;2.304
MED09;17.5;17.018.0031-A;M2;CIEP BRIZOLÃO MESTRE MARÇAL;PAREDES;1.08 x 1.72 x 2;3.7152
MED09;17.5;17.018.0031-A;M2;CIEP BRIZOLÃO MESTRE MARÇAL;PAREDES;0.5 x 0.66 x 2;0.66
MED09;17.5;17.018.0031-A;M2;CIEP BRIZOLÃO MESTRE MARÇAL;PAREDES;0.42 x 16.35 x 1;6.867
MED09;17.5;17.018.0031-A;M2;CIEP BRIZOLÃO MESTRE MARÇAL;PAREDES;2.12 x 2.54 x 1;5.3848
MED09;17.5;17.018.0031-A;M2;CIEP BRIZOLÃO MESTRE MARÇAL;PAREDES;0.63 x 0.67 x 10;4.221
MED09;17.5;17.018.0031-A;M2;CIEP BRIZOLÃO MESTRE MARÇAL;PAREDES;0.63 x 2.41 x 4;6.0732
MED09;17.5;17.018.0031-A;M2;CIEP BRIZOLÃO MESTRE MARÇAL;PAREDES;3.85 x 2.12 x 1;8.162
MED09;17.5;17.018.0031-A;M2;CIEP BRIZOLÃO MESTRE MARÇAL;PAREDES;3.94 x 2.12 x 1;8.3528
MED09;17.5;17.018.0031-A;M2;CIEP BRIZOLÃO MESTRE MARÇAL;PAREDES;2 x 2.12 x 1;4.24
MED09;17.5;17.018.0031-A;M2;CIEP BRIZOLÃO MESTRE MARÇAL;PAREDES;3.87 x 2.12 x 1;8.2044
MED09;17.5;17.018.0031-A;M2;CIEP BRIZOLÃO MESTRE MARÇAL;PAREDES;1.07 x 2.12 x 1;2.2684
MED09;17.5;17.018.0031-A;M2;CIEP BRIZOLÃO MESTRE MARÇAL;PAREDES;1.6 x 1.93 x 1;3.088
MED09;17.5;17.018.0031-A;M2;CIEP BRIZOLÃO MESTRE MARÇAL;PAREDES;2.47 x 2.12 x 1;5.2364
MED09;17.5;17.018.0031-A;M2;CIEP BRIZOLÃO MESTRE MARÇAL;PAREDES;2 x 2.12 x 1;4.24
MED09;17.5;17.018.0031-A;M2;CIEP BRIZOLÃO MESTRE MARÇAL;PAREDES WC;0.8 x 2.17 x 1;1.736
MED09;17.5;17.018.0031-A;M2;CIEP BRIZOLÃO MESTRE MARÇAL;PAREDES WC;3.74 x 0.66 x 1;2.4684
MED09;17.5;17.018.0031-A;M2;CIEP BRIZOLÃO MESTRE MARÇAL;PAREDES WC;6.8 x 2.2 x 1;14.96
MED09;17.5;17.018.0031-A;M2;CIEP BRIZOLÃO MESTRE MARÇAL;PAREDES WC;0.94 x 3 x 1;2.82
MED09;17.5;17.018.0031-A;M2;CIEP BRIZOLÃO MESTRE MARÇAL;PAREDES WC;2 x 2.2 x 1;4.4
MED09;17.5;17.018.0031-A;M2;CIEP BRIZOLÃO MESTRE MARÇAL;PAREDES WC;0.48 x 4.4 x 1;2.112
MED09;17.5;17.018.0031-A;M2;CIEP BRIZOLÃO MESTRE MARÇAL;PAREDES WC;1.2 x 2.2 x 1;2.64
MED09;17.5;17.018.0031-A;M2;CIEP BRIZOLÃO MESTRE MARÇAL;PAREDES WC;1.8 x 2.2 x 1;3.96
MED09;17.5;17.018.0031-A;M2;CIEP BRIZOLÃO MESTRE MARÇAL;PAREDES WC;2.9 x 2.2 x 1;6.38
MED09;17.5;17.018.0031-A;M2;CIEP BRIZOLÃO MESTRE MARÇAL;PAREDES WC;2.15 x 2.2 x 1;4.73
MED09;17.5;17.018.0031-A;M2;CIEP BRIZOLÃO MESTRE MARÇAL;TETO WC;3.13 x 6.8 x 1;21.284
MED09;17.5;17.018.0031-A;M2;CIEP BRIZOLÃO MESTRE MARÇAL;TETO WC;1.8 x 3.8 x 1;6.84
MED09;17.6;17.018.0185-A;M2;;;;0
MED09;17.7;17.035.0020-A;M2;;;;0
MED09;17.8;17.035.0030-A;M2;;;;0
MED09;17.9;17.040.0021-A;M2;E.M. ROCHA LEÃO;MARCAÇÃO DE QUADRA;31.5 x 17.4 x 0.1;54.81
MED09;17.9;17.040.0021-A;M2;Escola M. Fazendas Reunidas Atlântica;829;10 x 20 x 1;200
MED09;17.9;17.040.0021-A;M2;CRECHE MARIA ROSA;FAIXAS;94.1 x 0.07 x 1;6.587
MED09;17.9;17.040.0021-A;M2;CRECHE MARIA ROSA;FAIXAS;9.7 x 0.07 x 1;0.679
MED09;17.9;17.040.0021-A;M2;CRECHE MARIA ROSA;FAIXAS;21.3 x 0.07 x 1;1.491
MED09;17.9;17.040.0021-A;M2;CRECHE MARIA ROSA;FAIXAS;304.7 x 0.07 x 1;21.329
MED09;17.10;17.040.0024-A;M2;E.M. ROCHA LEÃO;QUADRA;31.5 x 17.4 x 1;548.1
MED09;18.1;18.002.0010-A;UN;Escola M. Fazenda da Praia;2138;1;1
MED09;18.1;18.002.0010-A;UN;Escola M. Padre José Dilson Dórea;EMERGENCIAL;1;1
MED09;18.1;18.002.0010-A;UN;Solario;EMERGENCIAL;1;1
MED09;18.2;18.002.0030-A;UN;;;;0
MED09;18.3;18.002.0055-A;UN;;;;0
MED09;18.4;18.002.0065-A;UN;E.M. Nilton Balthazar;247;1;1
MED09;18.5;18.002.0080-A;UN;Escola M. Alzir Davi;EMERGENCIAL;1;1
MED09;18.6;18.003.0003-A;UN;;;;0
MED09;18.7;18.003.0015-A;UN;;;;0
MED09;18.8;18.005.0010-A;UN;;;;0
MED09;18.9;18.005.0012-A;UN;;;;0
MED09;18.10;18.005.0013-A;UN;;;;0
MED09;18.11;18.005.0018-A;UN;E.M. Nilton Balthazar;247;3;3
MED09;18.11;18.005.0018-A;UN;CIEP Mestre Marçal Municipalizado;910;2;2
MED09;18.11;18.005.0018-A;UN;Escola M. América Abdalla;1030;5;5
MED09;18.11;18.005.0018-A;UN;Escola M. América Abdalla;1551;1;1
MED09;18.11;18.005.0018-A;UN;E.M. HENRIQUE SARZEDAS;1806;2;2
MED09;18.11;18.005.0018-A;UN;E.M. IMERO - INSTIT. M. DE EDUCAÇÃO DE R.O.;1867;1;1
MED09;18.11;18.005.0018-A;UN;E.M. CIEP BRIZOLÃO MESTRE MARÇAL MUNIC.;1924;3;3
MED09;18.11;18.005.0018-A;UN;Escola M. João Bento Duarte Neto;1980;1;1
MED09;18.11;18.005.0018-A;UN;Escola M. Nilton Balthazar;2211;3;3
MED09;18.11;18.005.0018-A;UN;Escola M. Simar Machado Sodré;EMERGENCIAL;1;1
MED09;18.11;18.005.0018-A;UN;Escola M. Rosângela Duarte Faria;L49;3;3
MED09;18.11;18.005.0018-A;UN;Escola M. Nilton Balthazar;L50;4;4
MED09;18.11;18.005.0018-A;UN;Escola M. Simar Machado Sodré;L59;1;1
MED09;18.11;18.005.0018-A;UN;Escola M. Fany Batista Esteves;M47;1;1
MED09;18.11;18.005.0018-A;UN;Escola M. Jerônymo Mendes da Costa;M48;1;1
MED09;18.11;18.005.0018-A;UN;Creche M. Dona Senhorinha;M81;2;2
MED09;18.12;18.006.0025-A;UN;;;;0
MED09;18.13;18.006.0050-A;UN;;;;0
MED09;18.14;18.007.0042-A;UN;;;;0
MED09;18.16;18.007.0080-A;UN;Escola M. Jerônymo Mendes da Costa;1523;1;1
MED09;18.16;18.007.0080-A;UN;Escola M. Henrique Sarzedas;1738;1;1
MED09;18.16;18.007.0080-A;UN;Creche valdira;M39;1;1
MED09;18.16;18.007.0080-A;UN;Escola M. Jovenil Bastos da Silva;F92;1;1
MED09;18.17;18.008.0005-A;UN;;;;0
MED09;18.18;18.008.0007-A;UN;;;;0
MED09;18.19;18.009.0058-A;UN;C.B.F Centro de Treinamento Gilson Zarour;64;1;1
MED09;18.19;18.009.0058-A;UN;Escola M. Francisco de Assis Medeiros Rangel;1344;1;1
MED09;18.19;18.009.0058-A;UN;Escola M. Jerônymo Mendes da Costa;1523;1;1
MED09;18.19;18.009.0058-A;UN;E.M. PROFª AMÉRICA ABDALLA;1747;1;1
MED09;18.19;18.009.0058-A;UN;E.M. JOVENIL BASTOS DA SILVA;1809;1;1
MED09;18.19;18.009.0058-A;UN;E.M. CIEP BRIZOLÃO MESTRE MARÇAL MUNIC.;1831;2;2
MED09;18.19;18.009.0058-A;UN;E.M. CIEP BRIZOLÃO MESTRE MARÇAL MUNIC.;1924;2;2
MED09;18.19;18.009.0058-A;UN;Escola M. Mônica de Andrade Ribeiro;2026;1;1
MED09;18.19;18.009.0058-A;UN;Creche Dona Lina;2032;1;1
MED09;18.19;18.009.0058-A;UN;Escola M. Marinete Coelho Souza;2066;1;1
MED09;18.19;18.009.0058-A;UN;Escola M. Pedro Moreira dos Santos;2126;1;1
MED09;18.19;18.009.0058-A;UN;Escola M. João Bento Duarte Neto;2151;1;1
MED09;18.19;18.009.0058-A;UN;Escola M. Jovenil Bastos da Silva;F92;1;1
MED09;18.19;18.009.0058-A;UN;Escola M. José de Oliveira Martins;L53;1;1
MED09;18.19;18.009.0058-A;UN;Escola M. Simar Machado Sodré;L59;1;1
MED09;18.19;18.009.0058-A;UN;Escola M. Padre José Dilson Dórea;L73;2;2
MED09;18.19;18.009.0058-A;UN;Escola M. América Abdalla;M38;1;1
MED09;18.19;18.009.0058-A;UN;CIEP Mestre Marçal Municipalizado;M50;1;1
MED09;18.19;18.009.0058-A;UN;Escola M. Pedro Moreira dos Santos;M57;1;1
MED09;18.19;18.009.0058-A;UN;CEMAEE;M58;1;1
MED09;18.19;18.009.0058-A;UN;Escola M. Jerônymo Mendes da Costa;M72;1;1
MED09;18.19;18.009.0058-A;UN;Escola M. Maria Teixeira de Paula;M73;1;1
MED09;18.19;18.009.0058-A;UN;E.M. Nelzir Pereira Mello;EMERGENCIAL;2;2
MED09;18.19;18.009.0058-A;UN;Escola.M Maria Teixeira de Paula;EMERGENCIAL;3;3
MED09;18.19;18.009.0058-A;UN;CIEP Mestre Marçal;EMERGENCIAL;1;1
MED09;18.19;18.009.0058-A;UN;Creche Valdira;EMERGENCIAL;1;1
MED09;18.19;18.009.0058-A;UN;Escola M. Inayá Moraes D'Couto;EMERGENCIAL;3;3
MED09;18.19;18.009.0058-A;UN;Escola M. Jerônymo Mendes da Costa;EMERGENCIAL;2;2
MED09;18.19;18.009.0058-A;UN;Escola M. Ver. Pedro Moreira dos Santos;EMERGENCIAL;1;1
MED09;18.19;18.009.0058-A;UN;SEMEDE;EMERGENCIAL;2;2
MED09;18.19;18.009.0058-A;UN;Escola M. Prof. Solange Viana;EMERGENCIAL;1;1
MED09;18.19;18.009.0058-A;UN;Creche M.Maria Rosa Ribeiro Pinheiro – Tia Didi;EMERGENCIAL;1;1
MED09;18.19;18.009.0058-A;UN;Escola M. Fany Batista Esteves;EMERGENCIAL;1;1
MED09;18.19;18.009.0058-A;UN;Escola M. Maria da Penha de Oliveira;EMERGENCIAL;1;1
MED09;18.20;18.009.0074-A;UN;CIEP Mestre Marçal Municipalizado;910;2;2
MED09;18.20;18.009.0074-A;UN;Escola M. Nilton Balthazar;1224;2;2
MED09;18.20;18.009.0074-A;UN;E.M. JOVENIL BASTOS DA SILVA;1757;1;1
MED09;18.20;18.009.0074-A;UN;Solange viana;1857;1;1
MED09;18.20;18.009.0074-A;UN;E.M. IMERO - INSTIT. M. DE EDUCAÇÃO DE R.O.;1867;2;2
MED09;18.20;18.009.0074-A;UN;E.M. CIEP BRIZOLÃO MESTRE MARÇAL MUNIC.;1924;2;2
MED09;18.20;18.009.0074-A;UN;Escola M. Alberto Jorge;2022;1;1
MED09;18.20;18.009.0074-A;UN;Creche Dona Lina;2032;1;1
MED09;18.20;18.009.0074-A;UN;Creche M. Márcia Lustosa Machado;2042;1;1
MED09;18.20;18.009.0074-A;UN;Escola M. Padre José Dilson Dórea;2077;1;1
MED09;18.20;18.009.0074-A;UN;Escola M. Claudio Ribeiro;EMERGENCIAL;1;1
MED09;18.20;18.009.0074-A;UN;Escola E.M. Dom Bosco;EMERGENCIAL;1;1
MED09;18.20;18.009.0074-A;UN;Escola M. Enedina Fidelis Moreira;EMERGENCIAL;1;1
MED09;18.20;18.009.0074-A;UN;Escola M. Jerônymo Mendes da Costa;EMERGENCIAL;1;1
MED09;18.20;18.009.0074-A;UN;Escola M. Prof. Marinete Coelho de Souza;EMERGENCIAL;1;1
MED09;18.20;18.009.0074-A;UN;Escola M. Nadir da Silva Salvador;EMERGENCIAL;1;1
MED09;18.20;18.009.0074-A;UN;Escola M. Ondina Pinto Marcondes;EMERGENCIAL;1;1
MED09;18.20;18.009.0074-A;UN;Escola M. Padre José Dilson Dórea;EMERGENCIAL;2;2
MED09;18.20;18.009.0074-A;UN;Escola Rio das Ostras;EMERGENCIAL;2;2
MED09;18.20;18.009.0074-A;UN;Escola M. Marinete Coelho Souza;L68;1;1
MED09;18.20;18.009.0074-A;UN;Escola M. Enedina Fidélis Moreira;L72;1;1
MED09;18.20;18.009.0074-A;UN;Escola M. Senhorinha de Oliveira Gomes;L75;1;1
MED09;18.20;18.009.0074-A;UN;Escola M. Prefeito Cláudio Ribeiro;M42;2;2
MED09;18.21;18.009.0076-A;UN;E.M. Nilton Balthazar;247;3;3
MED09;18.21;18.009.0076-A;UN;Escola M. Nilton Balthazar;1224;2;2
MED09;18.21;18.009.0076-A;UN;Escola M. Simar Machado Sodré;1527;1;1
MED09;18.21;18.009.0076-A;UN;E.M. JOVENIL BASTOS DA SILVA;1809;1;1
MED09;18.21;18.009.0076-A;UN;E.M. CIEP BRIZOLÃO MESTRE MARÇAL MUNIC.;1924;2;2
MED09;18.21;18.009.0076-A;UN;Creche Dona Lina;2032;2;2
MED09;18.21;18.009.0076-A;UN;Cemada;2034;1;1
MED09;18.21;18.009.0076-A;UN;Escola M. Padre José Dilson Dórea;2077;2;2
MED09;18.21;18.009.0076-A;UN;Escola M. Solange Viana;2191;1;1
MED09;18.21;18.009.0076-A;UN;Creche Dona Senhorinha;EMERGENCIAL;3;3
MED09;18.21;18.009.0076-A;UN;Escola.M Maria Teixeira de Paula;EMERGENCIAL;1;1
MED09;18.21;18.009.0076-A;UN;CEMAEE;EMERGENCIAL;1;1
MED09;18.21;18.009.0076-A;UN;Escola.M Alberto Jorge;EMERGENCIAL;1;1
MED09;18.21;18.009.0076-A;UN;CIEP Mestre Marçal;EMERGENCIAL;3;3
MED09;18.21;18.009.0076-A;UN;Creche Dona Cota;EMERGENCIAL;2;2
MED09;18.21;18.009.0076-A;UN;E.M. Elson Pinheiro;EMERGENCIAL;1;1
MED09;18.21;18.009.0076-A;UN;Escola M. Sr. João Batista Gomes da Cruz;EMERGENCIAL;3;3
MED09;18.21;18.009.0076-A;UN;E.M. João Bento Duarte Neto;EMERGENCIAL;1;1
MED09;18.21;18.009.0076-A;UN;Escola M. José Luiz de Lemos;EMERGENCIAL;1;1
MED09;18.21;18.009.0076-A;UN;E.M. Jovenil Bastos da Silva;EMERGENCIAL;1;1
MED09;18.21;18.009.0076-A;UN;Escola M. Sebastião Loubach;EMERGENCIAL;1;1
MED09;18.21;18.009.0076-A;UN;Creche Municipal Marcia Lustosa Machado;EMERGENCIAL;2;2
MED09;18.21;18.009.0076-A;UN;E.M. Nilton Balthazar;EMERGENCIAL;1;1
MED09;18.21;18.009.0076-A;UN;Escola M. Ondina Pinto Marcondes;EMERGENCIAL;1;1
MED09;18.21;18.009.0076-A;UN;Escola M. Prefeito Paulo Pinheiro;EMERGENCIAL;2;2
MED09;18.21;18.009.0076-A;UN;Escola M. Simar Machado Sodré;EMERGENCIAL;1;1
MED09;18.21;18.009.0076-A;UN;Escola M. Pedro Moreira dos Santos;EMERGENCIAL;3;3
MED09;18.21;18.009.0076-A;UN;Praça do Skate;F98;1;1
MED09;18.21;18.009.0076-A;UN;Escola M. Senhorinha de Oliveira Gomes;L34;1;1
MED09;18.21;18.009.0076-A;UN;Escola M. Simar Machado Sodré;L59;1;1
MED09;18.21;18.009.0076-A;UN;Escola M. Inayá Moraes D'Couto;L94;1;1
MED09;18.21;18.009.0076-A;UN;Escola M. Dom Bosco;M49;2;2
MED09;18.22;18.011.0003-A;UN;Escola M. Senhorinha de Oliveira Gomes;L51;1;1
MED09;18.22;18.011.0003-A;UN;Escola M. Marinete Coelho Souza;L84;1;1
MED09;18.23;18.012.0090-A;UN;CEMAEE;1748;1;1
MED09;18.23;18.012.0090-A;UN;Escola M. Fazenda da Praia;1991;1;1
MED09;18.23;18.012.0090-A;UN;Escola M. Padre José Dilson Dórea;2091;1;1
MED09;18.23;18.012.0090-A;UN;Escola M. Enedina Fidélis Moreira;2099;1;1
MED09;18.23;18.012.0090-A;UN;Escola M. Nilton Balthazar;EMERGENCIAL;1;1
MED09;18.23;18.012.0090-A;UN;CIEP Mestre Marçal;EMERGENCIAL;2;2
MED09;18.23;18.012.0090-A;UN;Escola M. Enedina Fidelis Moreira;EMERGENCIAL;2;2
MED09;18.23;18.012.0090-A;UN;Escola M. Inayá Moraes D'Couto;EMERGENCIAL;1;1
MED09;18.23;18.012.0090-A;UN;Escola M. Senhorinha de Oliveira Gomes;EMERGENCIAL;1;1
MED09;18.23;18.012.0090-A;UN;Escola M. Prefeito Paulo Pinheiro;EMERGENCIAL;1;1
MED09;18.23;18.012.0090-A;UN;IMERO;EMERGENCIAL;3;3
MED09;18.23;18.012.0090-A;UN;Creche Dona Lina;EMERGENCIAL;1;1
MED09;18.23;18.012.0090-A;UN;Escola M. Maria da Penha de Oliveira;EMERGENCIAL;1;1
MED09;18.23;18.012.0090-A;UN;Escola.M Maria Teixeira de Paula;EMERGENCIAL;1;1
MED09;18.23;18.012.0090-A;UN;Escola M. Claudio Ribeiro;EMERGENCIAL;1;1
MED09;18.23;18.012.0090-A;UN;Escola M. Inayá Moraes D'Couto;EMERGENCIAL;1;1
MED09;18.23;18.012.0090-A;UN;Escola M. Sr. João Batista Gomes da Cruz;EMERGENCIAL;1;1
MED09;18.24;18.013.0106-A;UN;Escola M. Rosângela Duarte;892;1;1
MED09;18.24;18.013.0106-A;UN;Escola M. Fazenda da Praia;2139;1;1
MED09;18.24;18.013.0106-A;UN;Escola M. Simar Machado Sodré;L71;1;1
MED09;18.25;18.013.0109-A;UN;Escola M. Padre José Dilson Dórea;1995;1;1
MED09;18.25;18.013.0109-A;UN;Escola M. Simar Machado Sodré;2159;1;1
MED09;18.25;18.013.0109-A;UN;Escola M. José de Oliveira Martins;2210;1;1
MED09;18.26;18.013.0111-A;UN;;;;0
MED09;18.27;18.013.0127-A;UN;E.M. Nilton Balthazar;247;3;3
MED09;18.27;18.013.0127-A;UN;Escola M. Rosângela Duarte;892;1;1
MED09;18.27;18.013.0127-A;UN;CIEP Mestre Marçal Municipalizado;910;2;2
MED09;18.27;18.013.0127-A;UN;Escola M. América Abdalla;1551;1;1
MED09;18.27;18.013.0127-A;UN;Solange viana;1857;1;1
MED09;18.27;18.013.0127-A;UN;E.M. IMERO - INSTIT. M. DE EDUCAÇÃO DE R.O.;1867;1;1
MED09;18.27;18.013.0127-A;UN;E.M. CIEP BRIZOLÃO MESTRE MARÇAL MUNIC.;1924;2;2
MED09;18.27;18.013.0127-A;UN;Escola M. Solange Viana;1972;2;2
MED09;18.27;18.013.0127-A;UN;Escola M. Senhorinha de Oliveira Gomes;1987;1;1
MED09;18.27;18.013.0127-A;UN;Creche Dona Lina;2032;3;3
MED09;18.27;18.013.0127-A;UN;Cemada;2034;1;1
MED09;18.27;18.013.0127-A;UN;Escola M. Padre José Dilson Dórea;2077;6;6
MED09;18.27;18.013.0127-A;UN;Escola M. Solange Viana;2093;1;1
MED09;18.27;18.013.0127-A;UN;E.M. IMERO - INSTIT. M. DE EDUCAÇÃO DE R.O.;2121;1;1
MED09;18.27;18.013.0127-A;UN;Escola M. Fazenda da Praia;2138;1;1
MED09;18.27;18.013.0127-A;UN;Escola M. Fazenda da Praia;2139;1;1
MED09;18.27;18.013.0127-A;UN;Escola M. Simar Machado Sodré;2159;1;1
MED09;18.27;18.013.0127-A;UN;Escola M. José de Oliveira Martins;2210;2;2
MED09;18.27;18.013.0127-A;UN;Escola M. Henrique Sarzedas;2236;1;1
MED09;18.27;18.013.0127-A;UN;Escola M. Fany Batista Esteves;F102;1;1
MED09;18.27;18.013.0127-A;UN;Escola M. Paulo Pinheiro;F105;1;1
MED09;18.27;18.013.0127-A;UN;Escola M. Mônica de Andrade Ribeiro;L42;1;1
MED09;18.27;18.013.0127-A;UN;Escola M. Rosângela Duarte Faria;L48;1;1
MED09;18.27;18.013.0127-A;UN;Escola M. Nilton Balthazar;L50;3;3
MED09;18.27;18.013.0127-A;UN;Escola M. Senhorinha de Oliveira Gomes;L69;1;1
MED09;18.27;18.013.0127-A;UN;Escola M. Simar Machado Sodré;L71;1;1
MED09;18.27;18.013.0127-A;UN;Escola M. Padre José Dilson Dórea;L100;1;1
MED09;18.27;18.013.0127-A;UN;Escola M. Alberto Jorge;L106;1;1
MED09;18.27;18.013.0127-A;UN;IMERO;M37;2;2
MED09;18.27;18.013.0127-A;UN;Escola M. Pedro Moreira dos Santos;M57;1;1
MED09;18.27;18.013.0127-A;UN;Escola M. Paulo Pinheiro;M59;2;2
MED09;18.27;18.013.0127-A;UN;Escola M. Alzir Davi;EMERGENCIAL;1;1
MED09;18.27;18.013.0127-A;UN;Creche Dona Senhorinha;EMERGENCIAL;1;1
MED09;18.27;18.013.0127-A;UN;Escola M. Fany Batista Esteves;EMERGENCIAL;1;1
MED09;18.27;18.013.0127-A;UN;Escola M. Sebastião Loubach;EMERGENCIAL;1;1
MED09;18.27;18.013.0127-A;UN;Escola M. Prefeito Paulo Pinheiro;EMERGENCIAL;2;2
MED09;18.27;18.013.0127-A;UN;Escola M. Nadir da Silva Salvador;EMERGENCIAL;1;1
MED09;18.27;18.013.0127-A;UN;Escola Fazenda da Praia;EMERGENCIAL;1;1
MED09;18.27;18.013.0127-A;UN;Escola M. Sr. João Batista Gomes da Cruz;EMERGENCIAL;1;1
MED09;18.27;18.013.0127-A;UN;Escola M. Pedro Moreira dos Santos;EMERGENCIAL;4;4
MED09;18.28;18.013.0133-A;UN;E.M. Nilton Balthazar;247;3;3
MED09;18.28;18.013.0133-A;UN;Escola M. América Abdalla;1030;4;4
MED09;18.28;18.013.0133-A;UN;CIEP Mestre Marçal Municipalizado;1303;1;1
MED09;18.28;18.013.0133-A;UN;Escola M. América Abdalla;1551;2;2
MED09;18.28;18.013.0133-A;UN;E.M. CIEP BRIZOLÃO MESTRE MARÇAL MUNIC.;1924;3;3
MED09;18.28;18.013.0133-A;UN;Escola M. Padre José Dilson Dórea;1995;1;1
MED09;18.28;18.013.0133-A;UN;Escola M. Nilton Balthazar;1996;3;3
MED09;18.28;18.013.0133-A;UN;Escola M. Enedina Fidélis Moreira;2031;1;1
MED09;18.28;18.013.0133-A;UN;Creche Dona Lina;2032;2;2
MED09;18.28;18.013.0133-A;UN;Escola M. Nadir da Silva Salvador;2071;5;5
MED09;18.28;18.013.0133-A;UN;Escola M. Pedro Moreira dos Santos;2126;1;1
MED09;18.28;18.013.0133-A;UN;Escola M. Fazenda da Praia;2138;1;1
MED09;18.28;18.013.0133-A;UN;Escola M. Simar Machado Sodré;2159;1;1
MED09;18.28;18.013.0133-A;UN;Escola M. Padre José Dilson Dórea;L73;3;3
MED09;18.28;18.013.0133-A;UN;Escola M. Fazendas Reunidas Atlântica;L109;1;1
MED09;18.28;18.013.0133-A;UN;Escola M. América Abdalla;M46;10;10
MED09;18.28;18.013.0133-A;UN;Escola M. Pedro Moreira dos Santos;M57;1;1
MED09;18.28;18.013.0133-A;UN;Escola.M Maria Teixeira de Paula;EMERGENCIAL;2;2
MED09;18.28;18.013.0133-A;UN;Creche Dona Senhorinha;EMERGENCIAL;1;1
MED09;18.28;18.013.0133-A;UN;C. M. Professora América Abdalla;EMERGENCIAL;1;1
MED09;18.28;18.013.0133-A;UN;Escola M. Prefeito Paulo Pinheiro;EMERGENCIAL;1;1
MED09;18.28;18.013.0133-A;UN;E.M. Francisco de Assis Medeiros Rangel;EMERGENCIAL;1;1
MED09;18.29;18.013.0156-A;UN;;;;0
MED09;18.30;18.016.0040-A;UN;;;;0
MED09;18.31;18.016.0045-A;M;;;;0
MED09;18.32;18.016.0050-A;M;;;;0
MED09;18.33;18.016.0106-A;UN;;;;0
MED09;18.34;18.017.0020-A;UN;E.M. PROFª AMÉRICA ABDALLA;1747;1;1
MED09;18.34;18.017.0020-A;UN;E.M. VER. PEDRO MOREIRA DOS SANTOS;1818;1;1
MED09;18.34;18.017.0020-A;UN;Escola M. Mônica de Andrade Ribeiro;2026;1;1
MED09;18.34;18.017.0020-A;UN;Escola M. Marinete Coelho Souza;2066;1;1
MED09;18.34;18.017.0020-A;UN;Escola M. Fazendas Reunidas Atlântica;L109;1;1
MED09;18.34;18.017.0020-A;UN;Escola M. Marinete Coelho Souza;L18;1;1
MED09;18.34;18.017.0020-A;UN;Creche M. Maria Rosa Ribeiro Pinheiro;L46;1;1
MED09;18.34;18.017.0020-A;UN;Escola M. José de Oliveira Martins;L53;1;1
MED09;18.34;18.017.0020-A;UN;Escola M. Ary Gomes de Marins;L56;1;1
MED09;18.34;18.017.0020-A;UN;Escola M. Marinete Coelho Souza;L58;1;1
MED09;18.34;18.017.0020-A;UN;Escola M. Simar Machado Sodré;L59;1;1
MED09;18.34;18.017.0020-A;UN;Escola M. Enedina Fidélis Moreira;L72;1;1
MED09;18.34;18.017.0020-A;UN;Escola M. Rosângela Duarte Faria;L77;1;1
MED09;18.34;18.017.0020-A;UN;Escola M. Marinete Coelho Souza;L84;1;1
MED09;18.34;18.017.0020-A;UN;Creche M. Valdira Flausino Rodrigues;M45;1;1
MED09;18.34;18.017.0020-A;UN;CEMAEE;M58;1;1
MED09;18.34;18.017.0020-A;UN;Creche Valdira;EMERGENCIAL;1;1
MED09;18.34;18.017.0020-A;UN;Escola M. Fany Batista Esteves;EMERGENCIAL;1;1
MED09;18.34;18.017.0020-A;UN;Escola M. Jerônymo Mendes da Costa;EMERGENCIAL;1;1
MED09;18.34;18.017.0020-A;UN;Escola M. Prof. Marinete Coelho de Souza;EMERGENCIAL;2;2
MED09;18.34;18.017.0020-A;UN;Escola M. Ver. Pedro Moreira dos Santos;EMERGENCIAL;2;2
MED09;18.34;18.017.0020-A;UN;Escola Rio das Ostras;EMERGENCIAL;1;1
MED09;18.34;18.017.0020-A;UN;Creche Dona Senhorinha;EMERGENCIAL;1;1
MED09;18.34;18.017.0020-A;UN;Escola M. Rosângela Duarte Faria;EMERGENCIAL;1;1
MED09;18.34;18.017.0020-A;UN;Escola M. Prefeito Paulo Pinheiro;EMERGENCIAL;1;1
MED09;18.34;18.017.0020-A;UN;Escola Rio das Ostras;EMERGENCIAL;1;1
MED09;18.35;18.019.0010-A;UN;E.M. Nilton Balthazar;247;3;3
MED09;18.35;18.019.0010-A;UN;Escola M. Nadir da Silva Salvador;538;1;1
MED09;18.35;18.019.0010-A;UN;Escola M. Henrique Sarzedas;636;1;1
MED09;18.35;18.019.0010-A;UN;Escola M. América Abdalla;1030;4;4
MED09;18.35;18.019.0010-A;UN;CIEP Mestre Marçal Municipalizado;1218;1;1
MED09;18.35;18.019.0010-A;UN;Escola M. Sebastião Loubach;1483;2;2
MED09;18.35;18.019.0010-A;UN;Escola M. América Abdalla;1551;2;2
MED09;18.35;18.019.0010-A;UN;Escola M. Francisco de Assis Medeiros Rangel;1619;3;3
MED09;18.35;18.019.0010-A;UN;E.M. CIEP BRIZOLÃO MESTRE MARÇAL MUNIC.;1784;1;1
MED09;18.35;18.019.0010-A;UN;E.M. CIEP BRIZOLÃO MESTRE MARÇAL MUNIC.;1924;3;3
MED09;18.35;18.019.0010-A;UN;E.M. SEBASTIÃO LOUBACH;1969;2;2
MED09;18.35;18.019.0010-A;UN;Escola M. Dom Bosco;1979;1;1
MED09;18.35;18.019.0010-A;UN;E.M. SENHORINHA DE OLIVEIRA GOMES - TIA LOLA;2015;1;1
MED09;18.35;18.019.0010-A;UN;Escola M. Enedina Fidélis Moreira;2031;1;1
MED09;18.35;18.019.0010-A;UN;Escola M. Mônica de Andrade Ribeiro;2068;2;2
MED09;18.35;18.019.0010-A;UN;Escola M. Nadir da Silva Salvador;2071;6;6
MED09;18.35;18.019.0010-A;UN;Escola M. Ondina Pinto Marcondes;2084;1;1
MED09;18.35;18.019.0010-A;UN;CRECHE MUNICIPAL VALDIRA F. RODRIGUES;2129;1;1
MED09;18.35;18.019.0010-A;UN;Escola M. João Bento Duarte Neto;2151;1;1
MED09;18.35;18.019.0010-A;UN;Creche Dona Cota;2155;1;1
MED09;18.35;18.019.0010-A;UN;Escola M. Nilton Balthazar;2211;3;3
MED09;18.35;18.019.0010-A;UN;Escola M. João Bento Duarte Neto;F99;1;1
MED09;18.35;18.019.0010-A;UN;Escola M. Alzir David Pereira;F100;1;1
MED09;18.35;18.019.0010-A;UN;Escola M. Pedro Moreira dos Santos;F106;1;1
MED09;18.35;18.019.0010-A;UN;Escola M. Célio Sarzedas;F108;2;2
MED09;18.35;18.019.0010-A;UN;Escola M. Rio das Ostras;F109;2;2
MED09;18.35;18.019.0010-A;UN;Escola M. Senhorinha de Oliveira Gomes;L63;1;1
MED09;18.35;18.019.0010-A;UN;Escola M. Senhorinha de Oliveira Gomes;L66;1;1
MED09;18.35;18.019.0010-A;UN;Escola M. Padre José Dilson Dórea;L73;1;1
MED09;18.35;18.019.0010-A;UN;Escola M. Nadir da Silva Salvador;L86;1;1
MED09;18.35;18.019.0010-A;UN;Escola M. Fazenda da Praia;L108;1;1
MED09;18.35;18.019.0010-A;UN;Escola M. João Bento Duarte Neto;M29;1;1
MED09;18.35;18.019.0010-A;UN;Creche M. Valdira Flausino Rodrigues;M35;1;1
MED09;18.35;18.019.0010-A;UN;Escola M. América Abdalla;M46;10;10
MED09;18.35;18.019.0010-A;UN;Escola M. Célio Sarzedas;M52;4;4
MED09;18.35;18.019.0010-A;UN;Escola M. Francisco de Assis Medeiros Rangel;M75;1;1
MED09;18.35;18.019.0010-A;UN;Escola M. Alzir Davi;EMERGENCIAL;2;2
MED09;18.35;18.019.0010-A;UN;E.M. Ary Gomes de Marins;EMERGENCIAL;3;3
MED09;18.35;18.019.0010-A;UN;Creche Dona Senhorinha;EMERGENCIAL;1;1
MED09;18.35;18.019.0010-A;UN;CIEP Mestre Marçal;EMERGENCIAL;2;2
MED09;18.35;18.019.0010-A;UN;E.M. Francisco de Assis Medeiros Rangel;EMERGENCIAL;1;1
MED09;18.35;18.019.0010-A;UN;Escola M. Inayá Moraes D'Couto;EMERGENCIAL;2;2
MED09;18.35;18.019.0010-A;UN;Escola M. José Luiz de Lemos;EMERGENCIAL;2;2
MED09;18.35;18.019.0010-A;UN;Escola M. Sebastião Loubach;EMERGENCIAL;1;1
MED09;18.35;18.019.0010-A;UN;Escola.M Maria Teixeira de Paula;EMERGENCIAL;2;2
MED09;18.35;18.019.0010-A;UN;Escola M. Nadir da Silva Salvador;EMERGENCIAL;1;1
MED09;18.35;18.019.0010-A;UN;C. M. Professora América Abdalla;EMERGENCIAL;1;1
MED09;18.35;18.019.0010-A;UN;CIEP Mestre Marçal;EMERGENCIAL;1;1
MED09;18.36;18.021.0030-A;UN;;;;0
MED09;18.37;18.021.0035-A;UN;;;;0
MED09;18.38;18.021.0042-A;UN;;;;0
MED09;18.40;18.027.0045-A;UN;;;;0
MED09;18.41;18.027.0097-A;UN;NUGEPE;EMERGENCIAL;4;4
MED09;18.41;18.027.0097-A;UN;Escola M. Mônica de Andrade Ribeiro;EMERGENCIAL;1;1
MED09;18.41;18.027.0097-A;UN;Escola Fazenda da Praia;EMERGENCIAL;9;9
MED09;18.41;18.027.0097-A;UN;CEMAEE;EMERGENCIAL;1;1
MED09;18.41;18.027.0097-A;UN;Escola Municipal Ernestina Jorge Pereira;EMERGENCIAL;3;3
MED09;18.41;18.027.0097-A;UN;Escola M. América Abdalla;1021;3;3
MED09;18.43;18.027.0303-A;UN;Escola M. Henrique Sarzedas;636;10;10
MED09;18.43;18.027.0303-A;UN;Escola M. Senhorinha de Oliveira Gomes;1950;1;1
MED09;18.43;18.027.0303-A;UN;Escola.M Maria Teixeira de Paula;EMERGENCIAL;14;14
MED09;18.43;18.027.0303-A;UN;CEMAEE;EMERGENCIAL;1;1
MED09;18.43;18.027.0303-A;UN;E.M. Elson Pinheiro;EMERGENCIAL;1;1
MED09;18.43;18.027.0303-A;UN;E.M. Jovenil Bastos da Silva;EMERGENCIAL;1;1
MED09;18.43;18.027.0303-A;UN;Escola M. Senhorinha de Oliveira Gomes;L104;2;2
MED09;18.44;18.027.0305-A;UN;;;;0
MED09;18.46;18.027.0445-A;UN;;;;0
MED09;18.48;18.029.0012-A;UN;ESTÁDIO EMÍLIA ROSA GUIMARÃES;1799;1;1
MED09;18.48;18.029.0012-A;UN;Escola M. Jerônymo Mendes da Costa;EMERGENCIAL;1;1
MED09;18.48;18.029.0012-A;UN;Escola Fazenda da Praia;EMERGENCIAL;1;1
MED09;18.48;18.029.0012-A;UN;Escola.M Inayá Moraes D'Couto;EMERGENCIAL;1;1
MED09;18.48;18.029.0012-A;UN;Escola M. Alzir Davi;EMERGENCIAL;1;1
MED09;18.48;18.029.0012-A;UN;Escola M. Sebastião Loubach;EMERGENCIAL;1;1
MED09;18.48;18.029.0012-A;UN;CEMAEE;M31;1;1
MED09;18.48;18.029.0012-A;UN;Escola M. Maria Teixeira de Paula;F101;1;1
MED09;18.48;18.029.0012-A;UN;Escola M. Marinete Coelho Souza;L22;1;1
MED09;18.49;18.082.0020-A;M;Escola M. Henrique Sarzedas;1738;2.4;2.4
MED09;18.51;18.200.0001-A;PAR;;;;0
MED09;18.52;18.200.0002-A;PAR;;;;0
MED09;18.53;18.200.0004-A;PAR;;;;0
MED09;18.54;18.200.0005-A;PAR;;;;0
MED09;18.55;18.200.0015-A;PAR;;;;0
MED09;18.56;18.200.0020-A;UN;;;;0
